Record ID,Title,Author,Journal,Publisher,OriginalPaperDate,OriginalPaperDOI,Reason,Subject
70629.0,An MCDM approach on Einstein aggregation operators under Bipolar Linear Diophantine Fuzzy Hypersoft Set,S Nithya Sri;J Vimala;Nasreen Kausar;Ebru Ozbilge;Emre Özbilge;Dragan Pamucar,Heliyon,Elsevier - Cell Press,2024-04-23,10.1016/j.heliyon.2024.e29863,Computer-Aided Content or Computer-Generated Content;Concerns/Issues about Referencing/Attributions;Investigation by Journal/Publisher;Objections by Author(s);Unreliable Results and/or Conclusions;,(B/T) Data Science;(HSC) Medicine - Oncology;
70621.0,Treatment of cancer patients by generalizing a Fermatean normal vague set with aggregation operators,Murugan Palanikumar;Nasreen Kausar;Ebru Ozbilge;Tonguc Cagin;Dragan Pamucar,Heliyon,Elsevier - Cell Press,2024-11-12,10.1016/j.heliyon.2024.e40252,Computer-Aided Content or Computer-Generated Content;Concerns/Issues about Referencing/Attributions;Investigation by Journal/Publisher;Objections by Author(s);Unreliable Results and/or Conclusions;,(B/T) Data Science;(HSC) Biostatistics/Epidemiology;(HSC) Medicine - Oncology;(HSC) Medicine - Rehabilitation/Therapy;
70339.0,Intelligent digital art design fusion platform based on multimodal transformation,Xiao Li,Journal of Computational Methods in Sciences and Engineering,IOS Press (bought by Sage November 2023),2025-09-03,10.1177/14727978251374335,Compromised Peer Review;Concerns/Issues about Third Party Involvement;Investigation by Journal/Publisher;Paper Mill;,(B/T) Computer Science;(HUM) Arts - General;
70230.0,Using Machine Learning to Detect Bixonimania: An Early Feasibility Study,Lazljiv Izgubljenovic;Nao Tippet;Betsy Thurberg;Andi Deep,Preprints.org,MDPI,2024-04-26,10.20944/preprints202404.1687.v1,Computer-Aided Content or Computer-Generated Content;False/Forged Affiliation;False/Forged Authorship;Notice - Limited or No Information;,(B/T) Data Science;(HSC) Medicine - Ophthalmology;
70025.0,Sentiment analysis: From rule-based lexicons to large language models,Maikel Leon,Intelligent Systems with Applications,Elsevier,2025-11-07,10.1016/j.iswa.2025.200599,Computer-Aided Content or Computer-Generated Content;Concerns/Issues about Referencing/Attributions;Investigation by Journal/Publisher;Unreliable Results and/or Conclusions;,(B/T) Data Science;(SOC) Linguistics;
69765.0,Early detection of plant leaf diseases using stacking hybrid learning,Abdullah Sheneamer,PLoS One,PLoS,2024-11-22,10.1371/journal.pone.0313607,Computer-Aided Content or Computer-Generated Content;Concerns/Issues about Methods;Concerns/Issues about Results and/or Conclusions;Objections by Author(s);,(B/T) Data Science;(BLS) Agriculture;
69457.0,Interpretable machine learning framework for predicting Urban air quality,Rana Muhammad Amir Latif;Tahir Iqbal;Ismaeel Abdel Qader;Atif Ikram;Hadeel Alsolai;Bayan Alabdullah;Fatimah Alhayan;Taher M Ghazal,PLoS One,PLoS,2025-11-07,10.1371/journal.pone.0336241,Compromised Peer Review;Computer-Aided Content or Computer-Generated Content;Concerns/Issues about Article;Concerns/Issues about Methods;Concerns/Issues about Peer Review;Concerns/Issues about Results and/or Conclusions;Investigation by Journal/Publisher;Objections by Author(s);Unreliable Results and/or Conclusions;,(B/T) Computer Science;(ENV) Environmental Sciences;(HSC) Public Health and Safety;
69297.0,A multi-layer neural network-based evaluation of MHD radiative heat transfer in Eyring-Powell fluid model,Muflih Alhazmi;Zahoor Shah;Muhammad Asif Zahoor Raja;Nafisa A Albasheir;Maryam Jawaid,Heliyon,Elsevier - Cell Press,2025-02-08,10.1016/j.heliyon.2025.e41800,Computer-Aided Content or Computer-Generated Content;Concerns/Issues about Authorship/Affiliation;Concerns/Issues about Referencing/Attributions;Investigation by Journal/Publisher;Unreliable Results and/or Conclusions;,(B/T) Data Science;(PHY) Physics;
69016.0,Experimental studies on electronic smart device for automobiles application,Shuvendra Kumar Tripathy;Subhra Rani Mondal;Manas Ranjan Nayak;Gopinath Palai,Optical and Quantum Electronics,Springer - Nature Publishing Group,2023-05-02,10.1007/s11082-023-04789-7,Compromised Peer Review;Computer-Aided Content or Computer-Generated Content;Concerns/Issues about Article;Concerns/Issues about Referencing/Attributions;Investigation by Journal/Publisher;Investigation by Third Party;Unreliable Results and/or Conclusions;,(B/T) Computer Science;(B/T) Technology;(B/T) Transportation;
68824.0,Enhancing stroke disease classification through machine learning models via a novel voting system by feature selection techniques,Mahade Hasan;Farhana Yasmin;Md Mehedi Hassan;Xue Yu;Soniya Yeasmin;Herat Joshi;Sheikh Mohammed Shariful Islam,PLoS One,PLoS,2025-01-09,10.1371/journal.pone.0312914,Cites Retracted Work;Computer-Aided Content or Computer-Generated Content;Concerns/Issues about Article;Concerns/Issues about Authorship/Affiliation;,(B/T) Data Science;(HSC) Medicine - Neurology;
68198.0,Anomaly detection in multivariate time series data using deep ensemble models,Amjad Iqbal;Rashid Amin;Faisal S Alsubaei;Abdulrahman Alzahrani,PLoS One,PLoS,2024-06-06,10.1371/journal.pone.0303890,Cites Retracted Work;Computer-Aided Content or Computer-Generated Content;Concerns/Issues about Peer Review;Duplication of/in Article;Euphemisms for Duplication;Investigation by Journal/Publisher;Investigation by Third Party;Objections by Author(s);,(B/T) Computer Science;
68116.0,A novel step-up modified SEPIC converter to enhance photovoltaic system performance using a hybrid ANN-PSO algorithm,Rawia M Esmil;Ahmed R Ajel;Mahdi F Bonnya,Engineering Research Express,IOP Publishing,2025-08-14,10.1088/2631-8695/ad885f,Computer-Aided Content or Computer-Generated Content;Date of Article and/or Notice Unknown;Investigation by Journal/Publisher;Unreliable Results and/or Conclusions;,(B/T) Computer Science;(PHY) Energy;(PHY) Engineering - Electrical;
67670.0,Composition statistics of gynecological microscopic images based on texture analysis and medical intelligence system,Hui Li;Ying Yuan;Ping Zhou;Nina Bao;Zhaoxin Zhang;Xue Yang,Optical and Quantum Electronics,Springer - Nature Publishing Group,2023-12-13,10.1007/s11082-023-05766-w,Computer-Aided Content or Computer-Generated Content;Concerns/Issues about Referencing/Attributions;Concerns/Issues about Peer Review;Investigation by Journal/Publisher;Unreliable Results and/or Conclusions;,(B/T) Computer Science;(B/T) Technology;(HSC) Medicine - Obstetrics/Gynecology;
67668.0,Optical handwritten character recognition for Tamil language using CNN-VGG-16 model with RF classifier,N Pughazendi;M HariKrishnan;Rashmita Khilar;L Sharmila,Optical and Quantum Electronics,Springer - Nature Publishing Group,2023-09-03,10.1007/s11082-023-05211-y,Computer-Aided Content or Computer-Generated Content;Concerns/Issues about Referencing/Attributions;Concerns/Issues about Peer Review;Investigation by Journal/Publisher;Objections by Author(s);Unreliable Results and/or Conclusions;,(B/T) Computer Science;(B/T) Data Science;(SOC) Linguistics;
67667.0,Explainable AI based wearable electronic optical data analysis with quantum photonics and quadrature amplitude neural computing,Prashant Kumar;Neeraj Sharma;T Ganesh Kumar;Puneet Kalia;Meenakshi Sharma;Rajiv Ranjan Singh,Optical and Quantum Electronics,Springer - Nature Publishing Group,2023-06-28,10.1007/s11082-023-05037-8,Computer-Aided Content or Computer-Generated Content;Concerns/Issues about Referencing/Attributions;Concerns/Issues about Peer Review;Investigation by Journal/Publisher;Unreliable Results and/or Conclusions;,(B/T) Data Science;(B/T) Technology;
67665.0,Cyber security analysis based medical image encryption in cloud IoT network using quantum deep learning model,Jing Wang,Optical and Quantum Electronics,Springer - Nature Publishing Group,2024-01-27,10.1007/s11082-023-06076-x,Computer-Aided Content or Computer-Generated Content;Concerns/Issues about Referencing/Attributions;Concerns/Issues about Peer Review;Investigation by Journal/Publisher;Investigation by Third Party;Unreliable Results and/or Conclusions;,(B/T) Business - Management;(B/T) Computer Science;(B/T) Technology;
67664.0,Advancements in optical steganography for secure medical data transmission in telehealth systems,Aparna Patange;K V Mahesan;C Manjula;Cecil Donald;Suresh Babu;Vijayakumar Peroumal;Mahendran Arumugam,Optical and Quantum Electronics,Springer - Nature Publishing Group,2023-06-30,10.1007/s11082-023-05080-5,Computer-Aided Content or Computer-Generated Content;Concerns/Issues about Referencing/Attributions;Concerns/Issues about Peer Review;Investigation by Journal/Publisher;Unreliable Results and/or Conclusions;,(B/T) Computer Science;(HSC) Medicine - General;(SOC) Communications;
67663.0,Orthogonal frequency multiplexing division based modulation recognition using deep belief network with tangent search optimization in wireless optic communication,Shengqiang Hu;Sanjay Kumar Sen;Mohammed Altaf Ahmed;Azmeera Srinivas;Bharat Singh;D Vijendra Babu,Optical and Quantum Electronics,Springer - Nature Publishing Group,2023-06-30,10.1007/s11082-023-05095-y,Computer-Aided Content or Computer-Generated Content;Concerns/Issues about Referencing/Attributions;Concerns/Issues about Peer Review;Investigation by Journal/Publisher;Unreliable Results and/or Conclusions;,(B/T) Computer Science;(B/T) Technology;(SOC) Communications;
67407.0,"Decoding thoughts, encoding ethics: A narrative review of the BCI-AI revolution",Thorsten Rudroff,Brain Research,Elsevier,2024-12-22,10.1016/j.brainres.2024.149423,Computer-Aided Content or Computer-Generated Content;Concerns/Issues about Referencing/Attributions;Investigation by Journal/Publisher;Investigation by Third Party;,(B/T) Computer Science;(B/T) Technology;(BLS) Neuroscience;
67395.0,Relevant subset computation using mutually dependent features and normalized divergence isolation forest using bio-image of heart to classify coronary heart disease,Kaliyan Pragash;J Jayabharathy,Optical and Quantum Electronics,Springer - Nature Publishing Group,2024-01-27,10.1007/s11082-023-06144-2,Computer-Aided Content or Computer-Generated Content;Concerns/Issues about Referencing/Attributions;Concerns/Issues about Results and/or Conclusions;Concerns/Issues about Peer Review;Investigation by Journal/Publisher;Unreliable Results and/or Conclusions;,(B/T) Computer Science;(B/T) Data Science;(HSC) Medicine - Cardiovascular;
67393.0,Harnessing quantum power using hybrid quantum deep neural network for advanced image taxonomy,Ajmeera Kiran;TDNSS Sarveswara Rao;Anandbabu Gopatoti;Ram Deshmukh;Janjhyam Venkata Naga Ramesh;R Krishnamoorthy,Optical and Quantum Electronics,Springer - Nature Publishing Group,2024-01-30,10.1007/s11082-023-06202-9,Computer-Aided Content or Computer-Generated Content;Concerns/Issues about Referencing/Attributions;Concerns/Issues about Results and/or Conclusions;Investigation by Journal/Publisher;Objections by Author(s);Unreliable Results and/or Conclusions;,(B/T) Computer Science;(PHY) Physics;
67382.0,Analysis on quantum reinforcement learning algorithms for prediction of protein sequence,R Kalpana;P J Sathishkumar;B Shenbagavalli;S Subburaj,Optical and Quantum Electronics,Springer - Nature Publishing Group,2024-01-30,10.1007/s11082-023-06244-z,Computer-Aided Content or Computer-Generated Content;Concerns/Issues about Referencing/Attributions;Concerns/Issues about Results and/or Conclusions;Concerns/Issues about Peer Review;Investigation by Journal/Publisher;Unreliable Results and/or Conclusions;,(B/T) Computer Science;(B/T) Technology;(BLS) Biochemistry;(BLS) Biology - Molecular;
67381.0,Decoding toxicological signatures through quantum computational paradigm,Ishan Shivansh Bangroo;María Fernanda Del Cid Hernández;Ravi Kumar,Optical and Quantum Electronics,Springer - Nature Publishing Group,2024-01-30,10.1007/s11082-023-06079-8,Computer-Aided Content or Computer-Generated Content;Concerns/Issues about Referencing/Attributions;Concerns/Issues about Results and/or Conclusions;Concerns/Issues about Peer Review;Investigation by Journal/Publisher;Unreliable Results and/or Conclusions;,(B/T) Computer Science;(B/T) Technology;(BLS) Biochemistry;(BLS) Toxicology;(HSC) Medicine - Drug Design;
67380.0,Fuzzy Logic-enabled Autonomous IoT Systems for proactive maintenance in industry 4.0 digital twin scenarios,Megala Tulasiraman;Udaya Dayanandan;Terrance Frederick Ferrnandez;Vimala Vellaichamy;Deepa Rajasekeran,Optical and Quantum Electronics,Springer - Nature Publishing Group,2024-01-30,10.1007/s11082-023-06133-5,Computer-Aided Content or Computer-Generated Content;Concerns/Issues about Referencing/Attributions;Concerns/Issues about Results and/or Conclusions;Concerns/Issues about Peer Review;Investigation by Journal/Publisher;Unreliable Results and/or Conclusions;,(B/T) Business - Manufacturing;(B/T) Computer Science;(B/T) Technology;
67379.0,Segmentation of lung on CXR images based on CXR-auto encoder segmentation with MRF,K Kiruthika;Rashmita Khilar,Optical and Quantum Electronics,Springer - Nature Publishing Group,2024-02-16,10.1007/s11082-024-06507-3,Computer-Aided Content or Computer-Generated Content;Concerns/Issues about Referencing/Attributions;Concerns/Issues about Results and/or Conclusions;Concerns/Issues about Peer Review;Investigation by Journal/Publisher;Objections by Author(s);Unreliable Results and/or Conclusions;,(B/T) Computer Science;(HSC) Medicine - Pulmonology;(HSC) Radiology/Imaging;
67370.0,Comparative analysis optical communication based renewable solar cell and quantum network for the reduction of carbon emission,FengLan Su;YunZhe Wang;LiHui Wang,Optical and Quantum Electronics,Springer - Nature Publishing Group,2023-07-19,10.1007/s11082-023-05140-w,Computer-Aided Content or Computer-Generated Content;Concerns/Issues about Referencing/Attributions;Concerns/Issues about Results and/or Conclusions;Concerns/Issues about Peer Review;Investigation by Journal/Publisher;Unreliable Results and/or Conclusions;,(B/T) Computer Science;(B/T) Technology;(ENV) Environmental Sciences;(PHY) Energy;(SOC) Communications;
67367.0,A weight optimized deep learning model for cluster based intrusion detection system,Sravanthi Godala;M Sunil Kumar,Optical and Quantum Electronics,Springer - Nature Publishing Group,2023-10-21,10.1007/s11082-023-05509-x,Computer-Aided Content or Computer-Generated Content;Concerns/Issues about Referencing/Attributions;Concerns/Issues about Results and/or Conclusions;Concerns/Issues about Peer Review;Compromised Peer Review;Investigation by Journal/Publisher;Rogue Editor;Unreliable Results and/or Conclusions;,(B/T) Computer Science;(B/T) Technology;(PHY) Statistics;
67366.0,Evaluating the effectiveness of RNN and its variants for personalized web search,B Sangamithra;B E Manjunath Swamy;M Sunil Kumar,Optical and Quantum Electronics,Springer - Nature Publishing Group,2023-10-17,10.1007/s11082-023-05510-4,Computer-Aided Content or Computer-Generated Content;Concerns/Issues about Referencing/Attributions;Concerns/Issues about Peer Review;Investigation by Journal/Publisher;Objections by Author(s);Unreliable Results and/or Conclusions;,(B/T) Computer Science;(B/T) Data Science;(B/T) Technology;
66152.0,Modified artificial neural network based on developed snake optimization algorithm for short-term price prediction,Baozhu Li;Majid Khayatnezhad,Heliyon,Elsevier - Cell Press,2024-02-12,10.1016/j.heliyon.2024.e26335,Author Unresponsive;Computer-Aided Content or Computer-Generated Content;Concerns/Issues about Referencing/Attributions;Investigation by Journal/Publisher;Unreliable Results and/or Conclusions;,(B/T) Computer Science;(B/T) Data Science;(B/T) Technology;
65458.0,Wearable sensor-based on exercise monitoring system for disabled the individuals using a multi-attribute fuzzy evaluation mode,Fei Wang,Journal of Intelligent & Fuzzy Systems,IOS Press (bought by Sage November 2023),2024-01-23,10.3233/jifs-235112,Computer-Aided Content or Computer-Generated Content;Concerns/Issues about Referencing/Attributions;Concerns/Issues about Third Party Involvement;Compromised Peer Review;Investigation by Journal/Publisher;Investigation by Third Party;Paper Mill;Unreliable Results and/or Conclusions;,(B/T) Data Science;(B/T) Technology;(HSC) Medicine - Rehabilitation/Therapy;(HSC) Medicine - Sports;
65455.0,User trust and evaluation mechanism based on community classification calculation in opportunistic social networks,Juan Huang;Fangfang Gou;Jia Wu,Journal of Intelligent & Fuzzy Systems,IOS Press (bought by Sage November 2023),2023-11-29,10.3233/jifs-232264,Computer-Aided Content or Computer-Generated Content;Concerns/Issues about Referencing/Attributions;Concerns/Issues about Third Party Involvement;Compromised Peer Review;Investigation by Journal/Publisher;Investigation by Third Party;Paper Mill;Unreliable Results and/or Conclusions;,(B/T) Computer Science;(B/T) Technology;
65454.0,Two-sided matching decision method and application based on subject differences in interval intuitionistic fuzzy environment,Jianmin Qiao;Woyuan Li;Lin Liu,Journal of Intelligent & Fuzzy Systems,IOS Press (bought by Sage November 2023),2024-01-10,10.3233/jifs-234191,Computer-Aided Content or Computer-Generated Content;Concerns/Issues about Referencing/Attributions;Concerns/Issues about Third Party Involvement;Compromised Peer Review;Investigation by Journal/Publisher;Investigation by Third Party;Paper Mill;Unreliable Results and/or Conclusions;,(B/T) Data Science;(SOC) Education;
65448.0,TOPSIS method based on connection number of set pair analysis subject to bipolar fuzzy environment with application in decision making,Waqar Arif;Waheed Ahmad Khan;Asghar Khan;Tariq Mahmood;Hossein Rashmanlou,Journal of Intelligent & Fuzzy Systems,IOS Press (bought by Sage November 2023),2023-11-22,10.3233/jifs-232838,Computer-Aided Content or Computer-Generated Content;Concerns/Issues about Referencing/Attributions;Concerns/Issues about Third Party Involvement;Compromised Peer Review;Investigation by Journal/Publisher;Investigation by Third Party;Paper Mill;Unreliable Results and/or Conclusions;,(B/T) Computer Science;(B/T) Data Science;(B/T) Technology;
65447.0,TODIM-VIKOR method for quality evaluation of tourism rural landscape planning and design with 2-tuple linguistic neutrosophic numbers,Zhenggang Yan,Journal of Intelligent & Fuzzy Systems,IOS Press (bought by Sage November 2023),2023-08-29,10.3233/jifs-231400,Computer-Aided Content or Computer-Generated Content;Concerns/Issues about Referencing/Attributions;Concerns/Issues about Third Party Involvement;Compromised Peer Review;Investigation by Journal/Publisher;Investigation by Third Party;Paper Mill;Unreliable Results and/or Conclusions;,(B/T) Computer Science;(B/T) Data Science;(B/T) Technology;
65446.0,TODIM-VIKOR method for performance evaluation of school-enterprise cooperation in vocational colleges under 2-tuple linguistic Pythagorean fuzzy sets,Yongguang Han;Xinrui Xu,Journal of Intelligent & Fuzzy Systems,IOS Press (bought by Sage November 2023),2023-05-08,10.3233/jifs-231575,Computer-Aided Content or Computer-Generated Content;Concerns/Issues about Referencing/Attributions;Concerns/Issues about Third Party Involvement;Compromised Peer Review;Investigation by Journal/Publisher;Investigation by Third Party;Paper Mill;Unreliable Results and/or Conclusions;,(B/T) Computer Science;(B/T) Data Science;(B/T) Technology;
65445.0,TODIM-PROMETHEE method for tourism landscape planning design scheme evaluation based on the virtual reality technology under spherical fuzzy sets,Mingjia Tong,Journal of Intelligent & Fuzzy Systems,IOS Press (bought by Sage November 2023),2024-01-11,10.3233/jifs-233401,Computer-Aided Content or Computer-Generated Content;Concerns/Issues about Authorship/Affiliation;Concerns/Issues about Referencing/Attributions;Concerns/Issues about Third Party Involvement;Compromised Peer Review;Investigation by Journal/Publisher;Investigation by Third Party;Paper Mill;Unreliable Results and/or Conclusions;,(B/T) Computer Science;(B/T) Data Science;(B/T) Technology;
65433.0,TODIM-GRA based multiple-attribute group decision-making technique for risk assessment of intangible cultural heritage tourism development under interval-valued pythagorean fuzzy circumstances,Zhonghui Kang,Journal of Intelligent & Fuzzy Systems,IOS Press (bought by Sage November 2023),2024-01-11,10.3233/jifs-236937,Computer-Aided Content or Computer-Generated Content;Concerns/Issues about Authorship/Affiliation;Concerns/Issues about Referencing/Attributions;Concerns/Issues about Third Party Involvement;Compromised Peer Review;Investigation by Journal/Publisher;Investigation by Third Party;Paper Mill;Unreliable Results and/or Conclusions;,(B/T) Business - General;(B/T) Data Science;(SOC) Sociology;
65406.0,Threat assessment based on single-valued neutrosophic TOPSIS and three-way decision,Dongsheng Xu;Yuhuan Sun;Xinyang He,Journal of Intelligent & Fuzzy Systems,IOS Press (bought by Sage November 2023),2023-08-30,10.3233/jifs-232267,Computer-Aided Content or Computer-Generated Content;Concerns/Issues about Referencing/Attributions;Concerns/Issues about Third Party Involvement;Compromised Peer Review;Investigation by Journal/Publisher;Investigation by Third Party;Paper Mill;Unreliable Results and/or Conclusions;,(B/T) Data Science;(B/T) Technology;(SOC) Military/Naval Studies;
65405.0,The two stage group decision making model for massive alternatives based on the difference scale of expert evaluation,Rongrong Ren;Hailong Wang;Xinyu Meng;Meng Zhao,Journal of Intelligent & Fuzzy Systems,IOS Press (bought by Sage November 2023),2023-09-06,10.3233/jifs-233618,Computer-Aided Content or Computer-Generated Content;Concerns/Issues about Authorship/Affiliation;Concerns/Issues about Referencing/Attributions;Concerns/Issues about Third Party Involvement;Compromised Peer Review;Investigation by Journal/Publisher;Investigation by Third Party;Paper Mill;Unreliable Results and/or Conclusions;,(B/T) Business - Management;(B/T) Data Science;
65404.0,The resolution of q-rung orthopair fuzzy set based three-way group conflict analysis,Tiantai Lin;Bin Yang,Journal of Intelligent & Fuzzy Systems,IOS Press (bought by Sage November 2023),2023-04-10,10.3233/jifs-224589,Computer-Aided Content or Computer-Generated Content;Concerns/Issues about Authorship/Affiliation;Concerns/Issues about Referencing/Attributions;Concerns/Issues about Third Party Involvement;Compromised Peer Review;Investigation by Journal/Publisher;Investigation by Third Party;Paper Mill;Unreliable Results and/or Conclusions;,(B/T) Data Science;(SOC) Political Science;
65403.0,The relationship between measurement and evaluation in physical education teaching based on intelligent analysis and sensor data mining,Juwei Zhang;Jing Wang;Mingjun Liu;Zhihui Li,Journal of Intelligent & Fuzzy Systems,IOS Press (bought by Sage November 2023),2024-03-13,10.3233/jifs-235410,Computer-Aided Content or Computer-Generated Content;Concerns/Issues about Authorship/Affiliation;Concerns/Issues about Referencing/Attributions;Concerns/Issues about Third Party Involvement;Compromised Peer Review;Investigation by Journal/Publisher;Investigation by Third Party;Paper Mill;Unreliable Results and/or Conclusions;,(B/T) Data Science;(HSC) Sports Science;(SOC) Education;
65395.0,The evaluation method for the completion degree of sports training action based on deep residual network,Quyang,Journal of Intelligent & Fuzzy Systems,IOS Press (bought by Sage November 2023),2023-11-10,10.3233/jifs-233773,Computer-Aided Content or Computer-Generated Content;Concerns/Issues about Authorship/Affiliation;Concerns/Issues about Referencing/Attributions;Concerns/Issues about Third Party Involvement;Compromised Peer Review;Investigation by Journal/Publisher;Investigation by Third Party;Paper Mill;Unreliable Results and/or Conclusions;,(B/T) Data Science;(HSC) Sports Science;
65388.0,The degree of importance for partially labeled incomplete real-valued data with application to semi-supervised attribute reduction,Xue Su;Lijun Chen,Journal of Intelligent & Fuzzy Systems,IOS Press (bought by Sage November 2023),2024-04-25,10.3233/jifs-239559,Computer-Aided Content or Computer-Generated Content;Concerns/Issues about Authorship/Affiliation;Concerns/Issues about Referencing/Attributions;Concerns/Issues about Third Party Involvement;Compromised Peer Review;Investigation by Journal/Publisher;Investigation by Third Party;Paper Mill;Unreliable Results and/or Conclusions;,(B/T) Data Science;
65374.0,Synergizing enterprise resource management with technology through driving innovation and growth in business models,Mengtong Xie;Huaqi Chai,Journal of Intelligent & Fuzzy Systems,IOS Press (bought by Sage November 2023),2024-03-10,10.3233/jifs-235379,Computer-Aided Content or Computer-Generated Content;Concerns/Issues about Referencing/Attributions;Concerns/Issues about Third Party Involvement;Compromised Peer Review;Investigation by Journal/Publisher;Investigation by Third Party;Paper Mill;Unreliable Results and/or Conclusions;,(B/T) Business - Management;(B/T) Data Science;(B/T) Technology;
65368.0,Study on the coordinated development of national traditional sports and tourism brands based on big data platforms from the perspective of “The Belt and Road”,Peng Cao;Jing Xiao,Journal of Intelligent & Fuzzy Systems,IOS Press (bought by Sage November 2023),2023-09-20,10.3233/jifs-230547,Computer-Aided Content or Computer-Generated Content;Concerns/Issues about Authorship/Affiliation;Concerns/Issues about Referencing/Attributions;Concerns/Issues about Third Party Involvement;Compromised Peer Review;Investigation by Journal/Publisher;Investigation by Third Party;Paper Mill;Unreliable Results and/or Conclusions;,(B/T) Business - Marketing;(B/T) Data Science;(B/T) International Relations;(B/T) Technology;(SOC) Sociology;(SOC) Sports and Recreation;
65367.0,Study on fuzzy comprehensive competitiveness evaluation of urban exhibition industry with hesitant fuzzy information,Yan Li,Journal of Intelligent & Fuzzy Systems,IOS Press (bought by Sage November 2023),2023-05-10,10.3233/jifs-231672,Computer-Aided Content or Computer-Generated Content;Concerns/Issues about Authorship/Affiliation;Concerns/Issues about Referencing/Attributions;Concerns/Issues about Third Party Involvement;Compromised Peer Review;Investigation by Journal/Publisher;Investigation by Third Party;Paper Mill;Unreliable Results and/or Conclusions;,(B/T) Business - Economics;(B/T) Business - Management;(B/T) Data Science;
65366.0,Study on factors influencing coal emergency reserve center siting decision and countermeasures: evidence from China,Wei Kai,Journal of Intelligent & Fuzzy Systems,IOS Press (bought by Sage November 2023),2023-07-13,10.3233/jifs-232299,Computer-Aided Content or Computer-Generated Content;Concerns/Issues about Authorship/Affiliation;Concerns/Issues about Referencing/Attributions;Concerns/Issues about Third Party Involvement;Compromised Peer Review;Investigation by Journal/Publisher;Investigation by Third Party;Paper Mill;Unreliable Results and/or Conclusions;,(B/T) Business - Management;(B/T) Data Science;(PHY) Energy;
65363.0,STFormer: A dual-stage transformer model utilizing spatio-temporal graph embedding for multivariate time series forecasting,Yuteng Xiao;Zhaoyang Liu;Hongsheng Yin;Xingang Wang;Yudong Zhang,Journal of Intelligent & Fuzzy Systems,IOS Press (bought by Sage November 2023),2024-01-02,10.3233/jifs-237250,Computer-Aided Content or Computer-Generated Content;Concerns/Issues about Referencing/Attributions;Concerns/Issues about Third Party Involvement;Compromised Peer Review;Investigation by Journal/Publisher;Investigation by Third Party;Paper Mill;Unreliable Results and/or Conclusions;,(B/T) Computer Science;(B/T) Data Science;(B/T) Technology;
65362.0,Some T-spherical fuzzy dombi hamy mean operators and their applications to multi-criteria group decision-making process,Abrar Hussain;Kifayat Ullah;Ashraf Al-Quran;Harish Garg,Journal of Intelligent & Fuzzy Systems,IOS Press (bought by Sage November 2023),2023-09-01,10.3233/jifs-232505,Computer-Aided Content or Computer-Generated Content;Concerns/Issues about Authorship/Affiliation;Concerns/Issues about Referencing/Attributions;Concerns/Issues about Third Party Involvement;Compromised Peer Review;Investigation by Journal/Publisher;Investigation by Third Party;Paper Mill;Unreliable Results and/or Conclusions;,(B/T) Computer Science;(B/T) Data Science;(B/T) Technology;
65357.0,SOHD-LOAM: Suppress odometry height drift lidar odometry and mapping on undulating road,Hao Qin;Yanli Zou;Guoliang Yu;Huipeng Liu;Yufei Tan,Journal of Intelligent & Fuzzy Systems,IOS Press (bought by Sage November 2023),2024-04-30,10.3233/jifs-235708,Computer-Aided Content or Computer-Generated Content;Concerns/Issues about Referencing/Attributions;Concerns/Issues about Third Party Involvement;Compromised Peer Review;Investigation by Journal/Publisher;Investigation by Third Party;Paper Mill;Unreliable Results and/or Conclusions;,(B/T) Computer Science;(B/T) Data Science;(B/T) Technology;
65356.0,Software effort estimation using stacked ensembled techniques and proposed stacking ensemble using principal component regression as super learner,A G Priya Varshini;K Anitha Kumari,Journal of Intelligent & Fuzzy Systems,IOS Press (bought by Sage November 2023),2023-09-02,10.3233/jifs-230676,Computer-Aided Content or Computer-Generated Content;Concerns/Issues about Authorship/Affiliation;Concerns/Issues about Referencing/Attributions;Concerns/Issues about Third Party Involvement;Compromised Peer Review;Investigation by Journal/Publisher;Investigation by Third Party;Paper Mill;Unreliable Results and/or Conclusions;,(B/T) Computer Science;(B/T) Data Science;(B/T) Technology;
65355.0,Smart intrusion detection system with balanced data in IoMT infra,S Umamaheswaran;J Mannar Mannan;K M Karthick Raghunath;Santhi Muttipoll Dharmarajlu;M D Anuratha,Journal of Intelligent & Fuzzy Systems,IOS Press (bought by Sage November 2023),2023-12-15,10.3233/jifs-233649,Computer-Aided Content or Computer-Generated Content;Concerns/Issues about Authorship/Affiliation;Concerns/Issues about Referencing/Attributions;Concerns/Issues about Third Party Involvement;Compromised Peer Review;False/Forged Authorship;Investigation by Journal/Publisher;Investigation by Third Party;Paper Mill;Unreliable Results and/or Conclusions;,(B/T) Computer Science;(B/T) Data Science;(B/T) Technology;
65352.0,Simulation of big data mixed attribute feature detection for power system intelligent operation and maintenance based on improved random forest algorithm,Ze Li;Xiaoze Liu;Lin Ji;Guanglong He;Liang Sun,Journal of Intelligent & Fuzzy Systems,IOS Press (bought by Sage November 2023),2023-01-24,10.3233/jifs-223852,Computer-Aided Content or Computer-Generated Content;Concerns/Issues about Referencing/Attributions;Concerns/Issues about Third Party Involvement;Compromised Peer Review;Investigation by Journal/Publisher;Investigation by Third Party;Paper Mill;Unreliable Results and/or Conclusions;,(B/T) Computer Science;(B/T) Data Science;(B/T) Technology;(PHY) Energy;(PHY) Engineering - Electrical;
65350.0,Similarity measures of double-valued neutrosophic sets based on cotangent function and applications to football players’ competitive ability evaluation,Yanfeng Dong;Meng Wang,Journal of Intelligent & Fuzzy Systems,IOS Press (bought by Sage November 2023),2023-09-19,10.3233/jifs-231194,Computer-Aided Content or Computer-Generated Content;Concerns/Issues about Authorship/Affiliation;Concerns/Issues about Referencing/Attributions;Concerns/Issues about Third Party Involvement;Compromised Peer Review;Investigation by Journal/Publisher;Investigation by Third Party;Paper Mill;Unreliable Results and/or Conclusions;,(B/T) Computer Science;(B/T) Data Science;(B/T) Technology;(SOC) Sports and Recreation;
65349.0,Selection of safety equipment with choquet integral operators and q-rung orthopair fuzzy information,Abrar Hussain;Nan Zhang;Kifayat Ullah;Harish Garg;Ashraf Al-Quran;Shi Yin,Journal of Intelligent & Fuzzy Systems,IOS Press (bought by Sage November 2023),2024-05-04,10.3233/jifs-240169,Computer-Aided Content or Computer-Generated Content;Concerns/Issues about Referencing/Attributions;Concerns/Issues about Third Party Involvement;Compromised Peer Review;Investigation by Journal/Publisher;Investigation by Third Party;Paper Mill;Unreliable Results and/or Conclusions;,(B/T) Computer Science;(B/T) Data Science;(B/T) Technology;
65348.0,Secure cloud storage for IoT based distributed healthcare environment using blockchain orchestrated and deep learning model,P Rajasekaran;M Duraipandian,Journal of Intelligent & Fuzzy Systems,IOS Press (bought by Sage November 2023),2023-11-18,10.3233/jifs-234884,Computer-Aided Content or Computer-Generated Content;Concerns/Issues about Authorship/Affiliation;Concerns/Issues about Referencing/Attributions;Concerns/Issues about Third Party Involvement;Compromised Peer Review;Investigation by Journal/Publisher;Investigation by Third Party;Paper Mill;Unreliable Results and/or Conclusions;,(B/T) Computer Science;(B/T) Data Science;(B/T) Technology;(HSC) Medicine - General;
65347.0,Secure and fine-grained access control of electronic health record using SAPCP-ABE technique in cloud,Abinaya Pandiyarajan;Senthil Kumar Jagatheesaperumal;Manonmani Thayanithi,Journal of Intelligent & Fuzzy Systems,IOS Press (bought by Sage November 2023),2024-04-11,10.3233/jifs-240341,Computer-Aided Content or Computer-Generated Content;Concerns/Issues about Authorship/Affiliation;Concerns/Issues about Referencing/Attributions;Concerns/Issues about Third Party Involvement;Compromised Peer Review;Investigation by Journal/Publisher;Investigation by Third Party;Paper Mill;Unreliable Results and/or Conclusions;,(B/T) Computer Science;(B/T) Data Science;(B/T) Technology;(HSC) Medicine - General;
65346.0,Revolutionizing power grid loss prediction with advanced hybrid time series deep learning model,M Senthamil Selvi;R Senthamizh Selvi;Saranya Subbaiyan;M S Murshitha Shajahan,Journal of Intelligent & Fuzzy Systems,IOS Press (bought by Sage November 2023),2024-04-26,10.3233/jifs-235579,Computer-Aided Content or Computer-Generated Content;Concerns/Issues about Human Subject Welfare;Concerns/Issues about Referencing/Attributions;Concerns/Issues about Third Party Involvement;Compromised Peer Review;Investigation by Journal/Publisher;Investigation by Third Party;Paper Mill;Unreliable Results and/or Conclusions;,(B/T) Computer Science;(B/T) Data Science;(B/T) Technology;(PHY) Energy;(PHY) Engineering - Electrical;
65337.0,Research on probabilistic language multi-attribute group decision-making method based on correlation coefficient and improved entropy,Junwei Li;Mengmeng Lian;Yong Jin;Miaomiao Xia;Huaibin Hou,Journal of Intelligent & Fuzzy Systems,IOS Press (bought by Sage November 2023),2024-03-10,10.3233/jifs-235593,Computer-Aided Content or Computer-Generated Content;Concerns/Issues about Authorship/Affiliation;Concerns/Issues about Referencing/Attributions;Concerns/Issues about Third Party Involvement;Compromised Peer Review;Investigation by Journal/Publisher;Investigation by Third Party;Paper Mill;Unreliable Results and/or Conclusions;,(B/T) Computer Science;(B/T) Data Science;(B/T) Technology;
65335.0,Research on performance evaluation of intangible assets operation and management in sports events with double-valued neutrosophic sets,Kanghua Du;Yuming Du,Journal of Intelligent & Fuzzy Systems,IOS Press (bought by Sage November 2023),2023-05-24,10.3233/jifs-231467,Computer-Aided Content or Computer-Generated Content;Concerns/Issues about Authorship/Affiliation;Concerns/Issues about Referencing/Attributions;Concerns/Issues about Third Party Involvement;Compromised Peer Review;Investigation by Journal/Publisher;Investigation by Third Party;Paper Mill;Unreliable Results and/or Conclusions;,(B/T) Computer Science;(B/T) Data Science;(B/T) Technology;
65333.0,Research on lean management and innovation capability evaluation of technological small and medium sized enterprises under probabilistic hesitant fuzzy sets,Yixuan Wang;Xiaowen Zhang,Journal of Intelligent & Fuzzy Systems,IOS Press (bought by Sage November 2023),2023-09-04,10.3233/jifs-233403,Computer-Aided Content or Computer-Generated Content;Concerns/Issues about Authorship/Affiliation;Concerns/Issues about Referencing/Attributions;Concerns/Issues about Third Party Involvement;Compromised Peer Review;Investigation by Journal/Publisher;Investigation by Third Party;Paper Mill;Unreliable Results and/or Conclusions;,(B/T) Business - Management;(B/T) Computer Science;(B/T) Data Science;(B/T) Technology;
65329.0,Research on gaussian mixture model and its distributed data mining algorithm in wireless sensor networks,Guizhou Wu;Junfeng Wu;Xinyu Zhang,Journal of Intelligent & Fuzzy Systems,IOS Press (bought by Sage November 2023),2024-02-20,10.3233/jifs-238711,Computer-Aided Content or Computer-Generated Content;Concerns/Issues about Authorship/Affiliation;Concerns/Issues about Referencing/Attributions;Concerns/Issues about Third Party Involvement;Compromised Peer Review;Investigation by Journal/Publisher;Investigation by Third Party;Paper Mill;Unreliable Results and/or Conclusions;,(B/T) Computer Science;(B/T) Data Science;(B/T) Technology;
65328.0,Research on evaluation of emergency communication vehicle cabin’s internal environment design based on q-rung orthopair fuzzy information,Jiarui Zhang,Journal of Intelligent & Fuzzy Systems,IOS Press (bought by Sage November 2023),2023-05-26,10.3233/jifs-232198,Computer-Aided Content or Computer-Generated Content;Concerns/Issues about Authorship/Affiliation;Concerns/Issues about Referencing/Attributions;Concerns/Issues about Third Party Involvement;Compromised Peer Review;Investigation by Journal/Publisher;Investigation by Third Party;Paper Mill;Unreliable Results and/or Conclusions;,(B/T) Computer Science;(B/T) Data Science;(B/T) Technology;(B/T) Transportation;(HSC) Public Health and Safety;
65327.0,Research on evaluation of development level of digital economy based on combination weighting method and improved VIKOR method,Sijia Liu;Zixue Guo,Journal of Intelligent & Fuzzy Systems,IOS Press (bought by Sage November 2023),2023-02-18,10.3233/jifs-223567,Computer-Aided Content or Computer-Generated Content;Concerns/Issues about Authorship/Affiliation;Concerns/Issues about Referencing/Attributions;Concerns/Issues about Third Party Involvement;Compromised Peer Review;Investigation by Journal/Publisher;Investigation by Third Party;Paper Mill;Unreliable Results and/or Conclusions;,(B/T) Business - Economics;(B/T) Computer Science;(B/T) Data Science;(B/T) Technology;
65326.0,Research on effectiveness evaluation of corporate culture construction based on the neutrosophic cubic number multiple attribute decision making,Tong Cui;Peixi Sun;Xiao Liu,Journal of Intelligent & Fuzzy Systems,IOS Press (bought by Sage November 2023),2023-12-01,10.3233/jifs-231841,Computer-Aided Content or Computer-Generated Content;Concerns/Issues about Authorship/Affiliation;Concerns/Issues about Referencing/Attributions;Concerns/Issues about Third Party Involvement;Compromised Peer Review;Investigation by Journal/Publisher;Investigation by Third Party;Paper Mill;Unreliable Results and/or Conclusions;,(B/T) Business - General;(B/T) Computer Science;(B/T) Data Science;(B/T) Technology;
65325.0,Research on economic growth in smart cities based on wireless sensor networks,Chao Yuan;Ziqi Zhao,Journal of Intelligent & Fuzzy Systems,IOS Press (bought by Sage November 2023),2024-05-07,10.3233/jifs-242195,Computer-Aided Content or Computer-Generated Content;Concerns/Issues about Authorship/Affiliation;Concerns/Issues about Referencing/Attributions;Concerns/Issues about Third Party Involvement;Compromised Peer Review;Investigation by Journal/Publisher;Investigation by Third Party;Paper Mill;Unreliable Results and/or Conclusions;,(B/T) Business - Economics;(B/T) Computer Science;(B/T) Data Science;(B/T) Technology;(B/T) Urban Planning;
65323.0,Research on Artificial Intelligence based Fruit Disease Identification System (AI-FDIS) with the Internet of Things (IoT),S K Kabilesh;D Mohanapriya;P Suseendhar;J Indra;T Gunasekar;N Senthilvel,Journal of Intelligent & Fuzzy Systems,IOS Press (bought by Sage November 2023),2023-01-24,10.3233/jifs-222017,Computer-Aided Content or Computer-Generated Content;Concerns/Issues about Referencing/Attributions;Concerns/Issues about Third Party Involvement;Compromised Peer Review;Investigation by Journal/Publisher;Investigation by Third Party;Paper Mill;Unreliable Results and/or Conclusions;,(B/T) Computer Science;(B/T) Data Science;(B/T) Technology;(BLS) Agriculture;
65318.0,Query reformulation system based on WordNet and word vectors clusters,Amol Jumde;Ravindra Keskar,Journal of Intelligent & Fuzzy Systems,IOS Press (bought by Sage November 2023),2024-02-27,10.3233/jifs-236296,Computer-Aided Content or Computer-Generated Content;Concerns/Issues about Authorship/Affiliation;Concerns/Issues about Referencing/Attributions;Concerns/Issues about Third Party Involvement;Compromised Peer Review;Investigation by Journal/Publisher;Investigation by Third Party;Paper Mill;Unreliable Results and/or Conclusions;,(B/T) Computer Science;(B/T) Data Science;(B/T) Technology;
65317.0,Quality improvement path and countermeasures of visual arts for future metaverse: Based on G1-entropy value method,Xinzhang Chen;Xiaoyan Tian;Hongtu Ye,Journal of Intelligent & Fuzzy Systems,IOS Press (bought by Sage November 2023),2022-12-23,10.3233/jifs-223351,Computer-Aided Content or Computer-Generated Content;Concerns/Issues about Authorship/Affiliation;Concerns/Issues about Referencing/Attributions;Concerns/Issues about Third Party Involvement;Compromised Peer Review;Investigation by Journal/Publisher;Investigation by Third Party;Paper Mill;Unreliable Results and/or Conclusions;,(B/T) Computer Science;(B/T) Technology;(HUM) Arts - General;
65311.0,Probabilistic double hierarchy linguistic MADM for location selection of new energy electric vehicle charging stations based on the MSM operators,Fan Lei;Qiang Cai;Guiwu Wei;Zhiwen Mo;Yanfeng Guo,Journal of Intelligent & Fuzzy Systems,IOS Press (bought by Sage November 2023),2022-12-30,10.3233/jifs-221979,Computer-Aided Content or Computer-Generated Content;Concerns/Issues about Referencing/Attributions;Concerns/Issues about Third Party Involvement;Compromised Peer Review;Investigation by Journal/Publisher;Investigation by Third Party;Paper Mill;Unreliable Results and/or Conclusions;,(B/T) Computer Science;(B/T) Data Science;(B/T) Technology;
65310.0,Presenting a meta-heuristic solution for optimal resource allocation in fog computing,Xiaomei Ding;Huaibao Ding;Fei Zhou,Journal of Intelligent & Fuzzy Systems,IOS Press (bought by Sage November 2023),2024-03-14,10.3233/jifs-233418,Computer-Aided Content or Computer-Generated Content;Concerns/Issues about Authorship/Affiliation;Concerns/Issues about Referencing/Attributions;Concerns/Issues about Third Party Involvement;Compromised Peer Review;Investigation by Journal/Publisher;Investigation by Third Party;Paper Mill;Unreliable Results and/or Conclusions;,(B/T) Computer Science;(B/T) Data Science;(B/T) Technology;
65309.0,Prediction of stock market using grey wolf optimization with hybrid convolutional neural network and bi-directional long-short term memory model,Yedhu Harikumar;M Muthumeenakshi,Journal of Intelligent & Fuzzy Systems,IOS Press (bought by Sage November 2023),2023-11-24,10.3233/jifs-233716,Computer-Aided Content or Computer-Generated Content;Concerns/Issues about Authorship/Affiliation;Concerns/Issues about Referencing/Attributions;Concerns/Issues about Third Party Involvement;Compromised Peer Review;Investigation by Journal/Publisher;Investigation by Third Party;Paper Mill;Unreliable Results and/or Conclusions;,(B/T) Business - Economics;(B/T) Computer Science;(B/T) Data Science;(B/T) Technology;
65308.0,Powerlifting total score prediction based on an improved random forest regression algorithm,Vinh Huy Chau;Anh Thu Vo;Huu Phuc Ngo,Journal of Intelligent & Fuzzy Systems,IOS Press (bought by Sage November 2023),2024-02-28,10.3233/jifs-230032,Computer-Aided Content or Computer-Generated Content;Concerns/Issues about Authorship/Affiliation;Concerns/Issues about Referencing/Attributions;Concerns/Issues about Third Party Involvement;Compromised Peer Review;Investigation by Journal/Publisher;Investigation by Third Party;Paper Mill;Unreliable Results and/or Conclusions;,(B/T) Computer Science;(B/T) Data Science;(B/T) Technology;(SOC) Sports and Recreation;
65307.0,Picture hesitant fuzzy grey compromise relational bidirectional projection method with application in multi-attribute recommendation,Wenchao Jiang;Xiaolei Yang;Yuqi Zang;Xumei Yuan;Rui Liu,Journal of Intelligent & Fuzzy Systems,IOS Press (bought by Sage November 2023),2023-10-30,10.3233/jifs-233016,Computer-Aided Content or Computer-Generated Content;Concerns/Issues about Referencing/Attributions;Concerns/Issues about Third Party Involvement;Compromised Peer Review;Investigation by Journal/Publisher;Investigation by Third Party;Paper Mill;Unreliable Results and/or Conclusions;,(B/T) Computer Science;(B/T) Data Science;(B/T) Technology;
65304.0,Personalized multi-attribute recommendation method based on partial order set,Lizhu Yue;Qian Wang,Journal of Intelligent & Fuzzy Systems,IOS Press (bought by Sage November 2023),2024-02-22,10.3233/jifs-231724,Computer-Aided Content or Computer-Generated Content;Concerns/Issues about Authorship/Affiliation;Concerns/Issues about Referencing/Attributions;Concerns/Issues about Third Party Involvement;Compromised Peer Review;Investigation by Journal/Publisher;Investigation by Third Party;Paper Mill;Unreliable Results and/or Conclusions;,(B/T) Computer Science;(B/T) Data Science;(B/T) Technology;
65303.0,Performance improvement of the solid oxide fuel cell using optimal parameters identification through fuzzy logic based-modeling and different optimization algorithms,Guomin Chen;Yingwei Jin;Shili Cheng;Huihua Jiao,Journal of Intelligent & Fuzzy Systems,IOS Press (bought by Sage November 2023),2023-05-12,10.3233/jifs-221125,Computer-Aided Content or Computer-Generated Content;Concerns/Issues about Authorship/Affiliation;Concerns/Issues about Referencing/Attributions;Concerns/Issues about Third Party Involvement;Compromised Peer Review;Investigation by Journal/Publisher;Investigation by Third Party;Paper Mill;Unreliable Results and/or Conclusions;,(B/T) Computer Science;(B/T) Data Science;(B/T) Technology;(PHY) Energy;
65301.0,Performance evaluation of financial special poverty alleviation development funds under the background of rural revitalization with 2-tuple linguistic Pythagorean fuzzy information,Tiantian Sun,Journal of Intelligent & Fuzzy Systems,IOS Press (bought by Sage November 2023),2023-09-13,10.3233/jifs-232168,Computer-Aided Content or Computer-Generated Content;Concerns/Issues about Authorship/Affiliation;Concerns/Issues about Referencing/Attributions;Concerns/Issues about Third Party Involvement;Compromised Peer Review;Investigation by Journal/Publisher;Investigation by Third Party;Paper Mill;Unreliable Results and/or Conclusions;,(B/T) Business - Economics;(B/T) Computer Science;(B/T) Data Science;(B/T) Technology;
65299.0,Pattern recognition of grooves in human lips for improved authentication in cyber-physical systems using U-Net architecture,J Vasavi;M S Abirami,Journal of Intelligent & Fuzzy Systems,IOS Press (bought by Sage November 2023),2023-02-18,10.3233/jifs-223488,Computer-Aided Content or Computer-Generated Content;Concerns/Issues about Authorship/Affiliation;Concerns/Issues about Referencing/Attributions;Concerns/Issues about Third Party Involvement;Compromised Peer Review;Investigation by Journal/Publisher;Investigation by Third Party;Paper Mill;Unreliable Results and/or Conclusions;,(B/T) Computer Science;(B/T) Data Science;(B/T) Technology;
65298.0,Outlier-resistant non-fragile observer-based fuzzy boundary control for interconnected nonlinear PDE systems,Danjing Zheng;Xiaona Song;Shuai Song;Zenglong Peng,Journal of Intelligent & Fuzzy Systems,IOS Press (bought by Sage November 2023),2024-04-23,10.3233/jifs-238858,Computer-Aided Content or Computer-Generated Content;Concerns/Issues about Authorship/Affiliation;Concerns/Issues about Referencing/Attributions;Concerns/Issues about Third Party Involvement;Compromised Peer Review;Investigation by Journal/Publisher;Investigation by Third Party;Paper Mill;Unreliable Results and/or Conclusions;,(B/T) Computer Science;(B/T) Data Science;(B/T) Technology;
65297.0,Optimizing market risk evaluation of small and medium sized enterprises through hamacher interactive power geometric technique under uncertainty,Wei Du;Fan Yang,Journal of Intelligent & Fuzzy Systems,IOS Press (bought by Sage November 2023),2024-02-01,10.3233/jifs-238763,Computer-Aided Content or Computer-Generated Content;Concerns/Issues about Authorship/Affiliation;Concerns/Issues about Referencing/Attributions;Concerns/Issues about Third Party Involvement;Compromised Peer Review;Investigation by Journal/Publisher;Investigation by Third Party;Paper Mill;Unreliable Results and/or Conclusions;,(B/T) Business - Economics;(B/T) Computer Science;(B/T) Data Science;(B/T) Technology;
65296.0,Optimized multiscale deep bidirectional gated recurrent neural network fostered practical teaching of university music course,Yuanyuan Hu,Journal of Intelligent & Fuzzy Systems,IOS Press (bought by Sage November 2023),2024-02-28,10.3233/jifs-236893,Computer-Aided Content or Computer-Generated Content;Concerns/Issues about Authorship/Affiliation;Concerns/Issues about Referencing/Attributions;Concerns/Issues about Third Party Involvement;Compromised Peer Review;Investigation by Journal/Publisher;Investigation by Third Party;Paper Mill;Unreliable Results and/or Conclusions;,(B/T) Computer Science;(B/T) Data Science;(B/T) Technology;(HUM) Arts - Music;(SOC) Education;
65295.0,Optimized multiple-attribute group decision-making in uncertainty employing TODIM and EDAS technique and application to product styling design quality evaluation,Lin Shi,Journal of Intelligent & Fuzzy Systems,IOS Press (bought by Sage November 2023),2024-01-11,10.3233/jifs-236947,Computer-Aided Content or Computer-Generated Content;Concerns/Issues about Authorship/Affiliation;Concerns/Issues about Referencing/Attributions;Concerns/Issues about Third Party Involvement;Compromised Peer Review;Investigation by Journal/Publisher;Investigation by Third Party;Paper Mill;Unreliable Results and/or Conclusions;,(B/T) Business - General;(B/T) Computer Science;(B/T) Data Science;(B/T) Technology;
65294.0,Optimized deep belief network and unsupervised deep learning methods for disease prediction,S T Shenbagavalli;D Shanthi,Journal of Intelligent & Fuzzy Systems,IOS Press (bought by Sage November 2023),2023-07-31,10.3233/jifs-224370,Computer-Aided Content or Computer-Generated Content;Concerns/Issues about Authorship/Affiliation;Concerns/Issues about Referencing/Attributions;Concerns/Issues about Third Party Involvement;Compromised Peer Review;Investigation by Journal/Publisher;Investigation by Third Party;Paper Mill;Unreliable Results and/or Conclusions;,(B/T) Computer Science;(B/T) Data Science;(B/T) Technology;(HSC) Medicine - General;
65293.0,Optimal type-3 fuzzy control and analysis of complicated financial systems,Aoqi Xu;Man-Wen Tian;Nasreen Kausar;Ardashir Mohammadzadeh;Dragan Pamucar;Ebru Ozbilge,Journal of Intelligent & Fuzzy Systems,IOS Press (bought by Sage November 2023),2023-02-02,10.3233/jifs-223396,Computer-Aided Content or Computer-Generated Content;Concerns/Issues about Referencing/Attributions;Concerns/Issues about Third Party Involvement;Compromised Peer Review;Investigation by Journal/Publisher;Investigation by Third Party;Paper Mill;Unreliable Results and/or Conclusions;,(B/T) Computer Science;(B/T) Data Science;(B/T) Technology;
65289.0,Novel fuzzy topologies formed by fuzzy primal frameworks,Zanyar A Ameen;Ramadhan A Mohammed;Tareq M Al-shami;Baravan A Asaad,Journal of Intelligent & Fuzzy Systems,IOS Press (bought by Sage November 2023),2024-03-23,10.3233/jifs-238408,Computer-Aided Content or Computer-Generated Content;Concerns/Issues about Authorship/Affiliation;Concerns/Issues about Referencing/Attributions;Concerns/Issues about Third Party Involvement;Compromised Peer Review;Investigation by Journal/Publisher;Investigation by Third Party;Paper Mill;Unreliable Results and/or Conclusions;,(B/T) Computer Science;(B/T) Data Science;(B/T) Technology;
65287.0,Next generation mobile edge computing wireless sensor network based Japanese remote interactive practical teaching platform,HongJu Yan,Journal of Intelligent & Fuzzy Systems,IOS Press (bought by Sage November 2023),2024-03-22,10.3233/jifs-238196,Computer-Aided Content or Computer-Generated Content;Concerns/Issues about Authorship/Affiliation;Concerns/Issues about Referencing/Attributions;Concerns/Issues about Third Party Involvement;Compromised Peer Review;Investigation by Journal/Publisher;Investigation by Third Party;Paper Mill;Unreliable Results and/or Conclusions;,(B/T) Computer Science;(B/T) Data Science;(B/T) Technology;
65285.0,Mutation transit search algorithm introducing black hole swallowing strategy to solve p-hub location allocation problem,Yu-Xuan Xing;Jie-Sheng Wang;Shi-Hui Zhang;Yin-Yin Bao;Yue Zheng;Yun-Hao Zhang,Journal of Intelligent & Fuzzy Systems,IOS Press (bought by Sage November 2023),2023-10-21,10.3233/jifs-234695,Computer-Aided Content or Computer-Generated Content;Concerns/Issues about Authorship/Affiliation;Concerns/Issues about Referencing/Attributions;Concerns/Issues about Third Party Involvement;Compromised Peer Review;Investigation by Journal/Publisher;Investigation by Third Party;Paper Mill;Unreliable Results and/or Conclusions;,(B/T) Computer Science;(B/T) Data Science;(B/T) Technology;
65284.0,Music genre selection based on computer data analysis for user preference using fuzzy classification by deep learning model,Xingping Yu;Yang Yang,Journal of Intelligent & Fuzzy Systems,IOS Press (bought by Sage November 2023),2024-02-23,10.3233/jifs-235478,Computer-Aided Content or Computer-Generated Content;Concerns/Issues about Authorship/Affiliation;Concerns/Issues about Referencing/Attributions;Concerns/Issues about Third Party Involvement;Compromised Peer Review;Investigation by Journal/Publisher;Investigation by Third Party;Paper Mill;Unreliable Results and/or Conclusions;,(B/T) Computer Science;(B/T) Data Science;(B/T) Technology;(HUM) Arts - Music;
65283.0,Multiple-attribute group decision-making method of linguistic q-rung orthopair fuzzy generalized power average operator based on DEMATEL,Mingqian Cai;Ligang Zhou;Mingxian Chen;Huayou Chen,Journal of Intelligent & Fuzzy Systems,IOS Press (bought by Sage November 2023),2023-11-10,10.3233/jifs-212832,Computer-Aided Content or Computer-Generated Content;Concerns/Issues about Authorship/Affiliation;Concerns/Issues about Referencing/Attributions;Concerns/Issues about Third Party Involvement;Compromised Peer Review;Investigation by Journal/Publisher;Investigation by Third Party;Paper Mill;Unreliable Results and/or Conclusions;,(B/T) Computer Science;(B/T) Data Science;(B/T) Technology;
65282.0,Multiple preferences induced aggregation with uncertainty influences in group evaluation of water resource management,Jing Liu;ErZi Zhang;Chao Ma;Ronald R Yager;Tapan Senapati;Boris Yatsalo;LeSheng Jin,Journal of Intelligent & Fuzzy Systems,IOS Press (bought by Sage November 2023),2023-03-10,10.3233/jifs-222590,Computer-Aided Content or Computer-Generated Content;Concerns/Issues about Authorship/Affiliation;Concerns/Issues about Referencing/Attributions;Concerns/Issues about Third Party Involvement;Compromised Peer Review;Investigation by Journal/Publisher;Investigation by Third Party;Paper Mill;Unreliable Results and/or Conclusions;,(B/T) Computer Science;(B/T) Data Science;(B/T) Technology;
65280.0,Multi-objective comprehensive container scheduling and resource allocation for container cloud using tuna swarm optimization algorithm,J Lavanya;S Kavi Priya,Journal of Intelligent & Fuzzy Systems,IOS Press (bought by Sage November 2023),2024-04-16,10.3233/jifs-234262,Computer-Aided Content or Computer-Generated Content;Concerns/Issues about Referencing/Attributions;Concerns/Issues about Third Party Involvement;Compromised Peer Review;Investigation by Journal/Publisher;Investigation by Third Party;Paper Mill;Unreliable Results and/or Conclusions;,(B/T) Computer Science;(B/T) Data Science;(B/T) Technology;
65279.0,Multimodal medical image fusion and classification using deep learning techniques,D Veeraiah;S Sai Kumar;Rajendra Kumar Ganiya;Katta Subba Rao;J Nageswara Rao;Ramaswamy Manjith;A Rajaram,Journal of Intelligent & Fuzzy Systems,IOS Press (bought by Sage November 2023),2024-04-17,10.3233/jifs-240018,Computer-Aided Content or Computer-Generated Content;Concerns/Issues about Referencing/Attributions;Concerns/Issues about Third Party Involvement;Compromised Peer Review;Investigation by Journal/Publisher;Investigation by Third Party;Paper Mill;Unreliable Results and/or Conclusions;,(B/T) Computer Science;(B/T) Data Science;(B/T) Technology;
65278.0,Multi-granularity decision-theoretic rough sets based on the fuzzy T-equivalence relation with new strategies,Jin Qian;Xing Han;Ying Yu;Caihui Liu,Journal of Intelligent & Fuzzy Systems,IOS Press (bought by Sage November 2023),2022-11-26,10.3233/ifs-222910,Computer-Aided Content or Computer-Generated Content;Concerns/Issues about Authorship/Affiliation;Concerns/Issues about Referencing/Attributions;Concerns/Issues about Third Party Involvement;Compromised Peer Review;Investigation by Journal/Publisher;Investigation by Third Party;Paper Mill;Unreliable Results and/or Conclusions;,(B/T) Computer Science;(B/T) Data Science;(B/T) Technology;
65276.0,"Multi-criteria group decision-making based on dombi aggregation operators under p, q-quasirung orthopair fuzzy sets",Muhammad Rahim;ElSayed M Tag Eldin;Salma Khan;Nivin A Ghamry;Agaeb Mahal Alanzi;Hamiden Abd El-Wahed Khalifa,Journal of Intelligent & Fuzzy Systems,IOS Press (bought by Sage November 2023),2023-10-26,10.3233/jifs-233327,Computer-Aided Content or Computer-Generated Content;Concerns/Issues about Referencing/Attributions;Concerns/Issues about Third Party Involvement;Compromised Peer Review;False/Forged Authorship;Investigation by Journal/Publisher;Investigation by Third Party;Paper Mill;Unreliable Results and/or Conclusions;,(B/T) Computer Science;(B/T) Data Science;(B/T) Technology;
65275.0,Multi-attribute three-way decision making based on interval-valued intuitionistic fuzzy sets,Yongxia Xiao;Xiao Tang,Journal of Intelligent & Fuzzy Systems,IOS Press (bought by Sage November 2023),2024-02-03,10.3233/jifs-236356,Computer-Aided Content or Computer-Generated Content;Concerns/Issues about Authorship/Affiliation;Concerns/Issues about Referencing/Attributions;Concerns/Issues about Third Party Involvement;Compromised Peer Review;Investigation by Journal/Publisher;Investigation by Third Party;Paper Mill;Unreliable Results and/or Conclusions;,(B/T) Computer Science;(B/T) Data Science;(B/T) Technology;
65273.0,Multi-attribute decision-making based on dual probabilistic interval-valued intuitionistic hesitant fuzzy weighted heronian mean aggregation operator,Ping Zhang;Wangyong Lv;Ce Zhang;Jiacheng Song,Journal of Intelligent & Fuzzy Systems,IOS Press (bought by Sage November 2023),2023-08-20,10.3233/jifs-231146,Computer-Aided Content or Computer-Generated Content;Concerns/Issues about Authorship/Affiliation;Concerns/Issues about Referencing/Attributions;Concerns/Issues about Third Party Involvement;Compromised Peer Review;Investigation by Journal/Publisher;Investigation by Third Party;Paper Mill;Unreliable Results and/or Conclusions;,(B/T) Computer Science;(B/T) Data Science;(B/T) Technology;
65272.0,Multi-attribute decision-making analysis based on the bipolar N-soft PROMETHEE method,Xiao-Guang Zhou;Ya-Nan Chen;Jia-Xi Ji,Journal of Intelligent & Fuzzy Systems,IOS Press (bought by Sage November 2023),2024-02-17,10.3233/jifs-236404,Computer-Aided Content or Computer-Generated Content;Concerns/Issues about Referencing/Attributions;Concerns/Issues about Third Party Involvement;Compromised Peer Review;Investigation by Journal/Publisher;Investigation by Third Party;Paper Mill;Unreliable Results and/or Conclusions;,(B/T) Computer Science;(B/T) Data Science;(B/T) Technology;
65271.0,Multi-attribute decision making for deep learning-based typhoon disaster assessment,Dongmei Li;Lehua Yang;Shaojun Liu;Ruipu Tan,Journal of Intelligent & Fuzzy Systems,IOS Press (bought by Sage November 2023),2024-01-22,10.3233/jifs-235315,Computer-Aided Content or Computer-Generated Content;Concerns/Issues about Referencing/Attributions;Concerns/Issues about Third Party Involvement;Compromised Peer Review;Investigation by Journal/Publisher;Investigation by Third Party;Paper Mill;Unreliable Results and/or Conclusions;,(B/T) Computer Science;(B/T) Data Science;(B/T) Technology;
65270.0,Motion recognition method of college football teaching based on convolution of spatio-temporal graph,Chun Yang;Wei Sun;Ningning Li,Journal of Intelligent & Fuzzy Systems,IOS Press (bought by Sage November 2023),2023-05-23,10.3233/jifs-230890,Computer-Aided Content or Computer-Generated Content;Concerns/Issues about Authorship/Affiliation;Concerns/Issues about Referencing/Attributions;Concerns/Issues about Third Party Involvement;Compromised Peer Review;Investigation by Journal/Publisher;Investigation by Third Party;Paper Mill;Unreliable Results and/or Conclusions;,(B/T) Computer Science;(B/T) Data Science;(B/T) Technology;(SOC) Education;(SOC) Sports and Recreation;
65269.0,Modified TODIM-TOPSIS technique for type-2 neutrosophic number multiple-attribute decision-making and applications to innovation and entrepreneurship education evaluation in vocational colleges,Bingquan Yin;Shaojuan Ouyang;Yali Hou;Jizhao Ma,Journal of Intelligent & Fuzzy Systems,IOS Press (bought by Sage November 2023),2024-01-12,10.3233/jifs-233811,Computer-Aided Content or Computer-Generated Content;Concerns/Issues about Authorship/Affiliation;Concerns/Issues about Referencing/Attributions;Concerns/Issues about Third Party Involvement;Compromised Peer Review;Investigation by Journal/Publisher;Investigation by Third Party;Paper Mill;Unreliable Results and/or Conclusions;,(B/T) Business - General;(B/T) Computer Science;(B/T) Data Science;(B/T) Technology;(SOC) Education;
65268.0,Modified Taxonomy method for double-valued neutrosophic number MADM and applications to physical education teaching quality evaluation in colleges and universities,Juan Rao;Ling Peng;Jingjing Rao;Xiaofen Cao,Journal of Intelligent & Fuzzy Systems,IOS Press (bought by Sage November 2023),2023-04-10,10.3233/jifs-230118,Computer-Aided Content or Computer-Generated Content;Concerns/Issues about Authorship/Affiliation;Concerns/Issues about Referencing/Attributions;Concerns/Issues about Third Party Involvement;Compromised Peer Review;Investigation by Journal/Publisher;Investigation by Third Party;Paper Mill;Unreliable Results and/or Conclusions;,(B/T) Computer Science;(B/T) Data Science;(B/T) Technology;
65267.0,Modified method for college students’ career planning evaluation based on the probabilistic hesitant fuzzy multiple attributes group decision making,Guangfu Yang;Chunyun Xiao,Journal of Intelligent & Fuzzy Systems,IOS Press (bought by Sage November 2023),2024-01-10,10.3233/jifs-232606,Computer-Aided Content or Computer-Generated Content;Concerns/Issues about Authorship/Affiliation;Concerns/Issues about Referencing/Attributions;Concerns/Issues about Third Party Involvement;Compromised Peer Review;Investigation by Journal/Publisher;Investigation by Third Party;Paper Mill;Unreliable Results and/or Conclusions;,(B/T) Business - General;(B/T) Computer Science;(B/T) Data Science;(B/T) Technology;
65266.0,Modified EDAS method for spherical fuzzy multiple attribute group decision making and applications to English classroom teaching quality evaluation,Guanghua Hu,Journal of Intelligent & Fuzzy Systems,IOS Press (bought by Sage November 2023),2023-05-31,10.3233/jifs-230962,Computer-Aided Content or Computer-Generated Content;Concerns/Issues about Authorship/Affiliation;Concerns/Issues about Referencing/Attributions;Concerns/Issues about Third Party Involvement;Compromised Peer Review;Investigation by Journal/Publisher;Investigation by Third Party;Paper Mill;Unreliable Results and/or Conclusions;,(B/T) Computer Science;(B/T) Data Science;(B/T) Technology;(SOC) Education;(SOC) Linguistics;
65265.0,Modified cross-entropy methodology for art teaching effectiveness evaluation of primary schools with the triangular fuzzy neutrosophic information,Guodong Wang;Zhen Chen;Guowei Wang,Journal of Intelligent & Fuzzy Systems,IOS Press (bought by Sage November 2023),2023-07-13,10.3233/jifs-232638,Computer-Aided Content or Computer-Generated Content;Concerns/Issues about Referencing/Attributions;Concerns/Issues about Third Party Involvement;Compromised Peer Review;Investigation by Journal/Publisher;Investigation by Third Party;Paper Mill;Unreliable Results and/or Conclusions;,(B/T) Computer Science;(B/T) Data Science;(B/T) Technology;(SOC) Education;
65264.0,Modified Cross-entropy method for evaluating the higher vocational education management quality under the fuzzy number intuitionistic fuzzy sets,Xiaorong Zhu,Journal of Intelligent & Fuzzy Systems,IOS Press (bought by Sage November 2023),2023-04-26,10.3233/jifs-230094,Computer-Aided Content or Computer-Generated Content;Concerns/Issues about Authorship/Affiliation;Concerns/Issues about Referencing/Attributions;Concerns/Issues about Third Party Involvement;Compromised Peer Review;Investigation by Journal/Publisher;Investigation by Third Party;Paper Mill;Unreliable Results and/or Conclusions;,(B/T) Computer Science;(B/T) Data Science;(B/T) Technology;(SOC) Education;
65261.0,Mining the English application learning patterns of college students based on time series clustering,Lili Niu,Journal of Intelligent & Fuzzy Systems,IOS Press (bought by Sage November 2023),2023-08-19,10.3233/jifs-231476,Computer-Aided Content or Computer-Generated Content;Concerns/Issues about Authorship/Affiliation;Concerns/Issues about Referencing/Attributions;Concerns/Issues about Third Party Involvement;Compromised Peer Review;Investigation by Journal/Publisher;Investigation by Third Party;Paper Mill;Unreliable Results and/or Conclusions;,(B/T) Computer Science;(B/T) Data Science;(B/T) Technology;(SOC) Education;(SOC) Linguistics;
65260.0,Methods and key issues of classroom behavior recognition for students based on artificial intelligence,Wenyang Yang;Mengdi Li,Journal of Intelligent & Fuzzy Systems,IOS Press (bought by Sage November 2023),2024-04-02,10.3233/jifs-238228,Computer-Aided Content or Computer-Generated Content;Concerns/Issues about Authorship/Affiliation;Concerns/Issues about Referencing/Attributions;Concerns/Issues about Third Party Involvement;Compromised Peer Review;Investigation by Journal/Publisher;Investigation by Third Party;Paper Mill;Unreliable Results and/or Conclusions;,(B/T) Computer Science;(B/T) Data Science;(B/T) Technology;(SOC) Education;(SOC) Psychology;
65259.0,Methodology for teaching quality evaluation of college volleyball training with probabilistic double hierarchy linguistic information,Bogang Huang;Fu Chen,Journal of Intelligent & Fuzzy Systems,IOS Press (bought by Sage November 2023),2022-11-19,10.3233/jifs-222945,Computer-Aided Content or Computer-Generated Content;Concerns/Issues about Authorship/Affiliation;Concerns/Issues about Referencing/Attributions;Concerns/Issues about Third Party Involvement;Compromised Peer Review;Investigation by Journal/Publisher;Investigation by Third Party;Paper Mill;Unreliable Results and/or Conclusions;,(B/T) Computer Science;(B/T) Data Science;(B/T) Technology;(SOC) Education;(SOC) Sports and Recreation;
65257.0,MAGDM method based on generalized hesitant fuzzy TODIM and cumulative prospect theory and application to recruitment of university researchers,Pingqing Liu;Hongjun Wang;Baoquan Ning;Guiwu Wei,Journal of Intelligent & Fuzzy Systems,IOS Press (bought by Sage November 2023),2023-04-15,10.3233/jifs-224437,Computer-Aided Content or Computer-Generated Content;Concerns/Issues about Authorship/Affiliation;Concerns/Issues about Referencing/Attributions;Concerns/Issues about Third Party Involvement;Compromised Peer Review;Investigation by Journal/Publisher;Investigation by Third Party;Paper Mill;Unreliable Results and/or Conclusions;,(B/T) Computer Science;(B/T) Data Science;(B/T) Technology;
65256.0,MADM framework based on the triangular Pythagorean fuzzy sets and applications to college public English teaching quality evaluation,Weiwei Dou,Journal of Intelligent & Fuzzy Systems,IOS Press (bought by Sage November 2023),2023-06-29,10.3233/jifs-232581,Computer-Aided Content or Computer-Generated Content;Concerns/Issues about Authorship/Affiliation;Concerns/Issues about Referencing/Attributions;Concerns/Issues about Third Party Involvement;Compromised Peer Review;Investigation by Journal/Publisher;Investigation by Third Party;Paper Mill;Unreliable Results and/or Conclusions;,(B/T) Computer Science;(B/T) Data Science;(B/T) Technology;(SOC) Education;(SOC) Linguistics;
65254.0,LR3S: A lightweight semantic segmentation model for road scenes based on improved DeepLabV3+,Xianhao Zhao;Mingyang Wang;Chaoqun Xin;Xianjie Wang,Journal of Intelligent & Fuzzy Systems,IOS Press (bought by Sage November 2023),2024-04-11,10.3233/jifs-239692,Computer-Aided Content or Computer-Generated Content;Concerns/Issues about Authorship/Affiliation;Concerns/Issues about Referencing/Attributions;Concerns/Issues about Third Party Involvement;Compromised Peer Review;Investigation by Journal/Publisher;Investigation by Third Party;Paper Mill;Unreliable Results and/or Conclusions;,(B/T) Computer Science;(B/T) Data Science;(B/T) Technology;
65252.0,M-fuzzifying convex quasi-uniform spaces,Xiu-Yun Wu;Yu-Jie Niu;Hui-Min Zhang,Journal of Intelligent & Fuzzy Systems,IOS Press (bought by Sage November 2023),2022-12-28,10.3233/jifs-223036,Computer-Aided Content or Computer-Generated Content;Concerns/Issues about Authorship/Affiliation;Concerns/Issues about Referencing/Attributions;Concerns/Issues about Third Party Involvement;Compromised Peer Review;Investigation by Journal/Publisher;Investigation by Third Party;Paper Mill;Unreliable Results and/or Conclusions;,(B/T) Computer Science;(B/T) Data Science;(B/T) Technology;
65251.0,Methodology for evaluating the ideological and political education quality of chinese universities based on fuzzy number intuitionistic fuzzy multiple-attribute decision-making,Wentao Deng;Guoqing Ma,Journal of Intelligent & Fuzzy Systems,IOS Press (bought by Sage November 2023),2023-04-15,10.3233/jifs-224145,Computer-Aided Content or Computer-Generated Content;Concerns/Issues about Referencing/Attributions;Concerns/Issues about Third Party Involvement;Compromised Peer Review;Investigation by Journal/Publisher;Investigation by Third Party;Paper Mill;Unreliable Results and/or Conclusions;,(B/T) Computer Science;(B/T) Data Science;(B/T) Technology;(SOC) Education;(SOC) Philosophy;(SOC) Political Science;
65250.0,Matrix methods for some new covering-based multigranulation fuzzy rough set models under fuzzy complementary β-neighborhoods,Zaibin Chang;Lingling Mao,Journal of Intelligent & Fuzzy Systems,IOS Press (bought by Sage November 2023),2024-01-29,10.3233/jifs-224323,Computer-Aided Content or Computer-Generated Content;Concerns/Issues about Authorship/Affiliation;Concerns/Issues about Referencing/Attributions;Concerns/Issues about Third Party Involvement;Compromised Peer Review;Investigation by Journal/Publisher;Investigation by Third Party;Paper Mill;Unreliable Results and/or Conclusions;,(B/T) Computer Science;(B/T) Data Science;(B/T) Technology;
65249.0,MADM framework based on 2-tuple linguistic neutrosophic sets and its application to comprehensive evaluation of corporate cultural competitiveness,Peixi Sun;Tong Cui;Shixin Qi,Journal of Intelligent & Fuzzy Systems,IOS Press (bought by Sage November 2023),2023-08-17,10.3233/jifs-212920,Computer-Aided Content or Computer-Generated Content;Concerns/Issues about Referencing/Attributions;Concerns/Issues about Third Party Involvement;Compromised Peer Review;Investigation by Journal/Publisher;Investigation by Third Party;Paper Mill;Unreliable Results and/or Conclusions;,(B/T) Computer Science;(B/T) Data Science;(B/T) Technology;
65248.0,MABAC method based on cumulative prospect theory for MCGDM with dual probabilistic linguistic term set and applications to sustainable supplier selection,Zeyuan Wang;Qiang Cai;Jianping Lu;Guiwu Wei,Journal of Intelligent & Fuzzy Systems,IOS Press (bought by Sage November 2023),2023-06-05,10.3233/jifs-230410,Computer-Aided Content or Computer-Generated Content;Concerns/Issues about Authorship/Affiliation;Concerns/Issues about Referencing/Attributions;Concerns/Issues about Third Party Involvement;Compromised Peer Review;Investigation by Journal/Publisher;Investigation by Third Party;Paper Mill;Unreliable Results and/or Conclusions;,(B/T) Computer Science;(B/T) Data Science;(B/T) Technology;
65247.0,Long Short-Term Memory (LSTM) model for Indian sign language recognition,Rahul Nihalani;Siddharth Singh Chouhan;Devansh Mittal;Jai Vadula;Shwetank Thakur;Sandeepan Chakraborty;Rajneesh Kumar Patel;Uday Pratap Singh;Rajdeep Ghosh;Pritpal Singh;Akash Saxena,Journal of Intelligent & Fuzzy Systems,IOS Press (bought by Sage November 2023),2024-04-08,10.3233/jifs-233250,Computer-Aided Content or Computer-Generated Content;Concerns/Issues about Referencing/Attributions;Concerns/Issues about Third Party Involvement;Compromised Peer Review;False/Forged Authorship;Investigation by Journal/Publisher;Investigation by Third Party;Paper Mill;Unreliable Results and/or Conclusions;,(B/T) Computer Science;(B/T) Data Science;(B/T) Technology;(SOC) Linguistics;
65246.0,Lightweight blockchain-assisted intrusion detection system in energy efficient MANETs,V R Sugumaran;A Rajaram,Journal of Intelligent & Fuzzy Systems,IOS Press (bought by Sage November 2023),2023-06-13,10.3233/jifs-231340,Computer-Aided Content or Computer-Generated Content;Concerns/Issues about Authorship/Affiliation;Concerns/Issues about Referencing/Attributions;Concerns/Issues about Third Party Involvement;Compromised Peer Review;Investigation by Journal/Publisher;Investigation by Third Party;Paper Mill;Unreliable Results and/or Conclusions;,(B/T) Computer Science;(B/T) Data Science;(B/T) Technology;
65245.0,Lagrange-enhanced GRA framework for probabilistic simplified neutrosophic multiple-attributes decision-making and applications to painting teaching quality evaluation,Dongsheng Xu,Journal of Intelligent & Fuzzy Systems,IOS Press (bought by Sage November 2023),2023-11-29,10.3233/jifs-235975,Computer-Aided Content or Computer-Generated Content;Concerns/Issues about Authorship/Affiliation;Concerns/Issues about Referencing/Attributions;Concerns/Issues about Third Party Involvement;Compromised Peer Review;Investigation by Journal/Publisher;Investigation by Third Party;Paper Mill;Unreliable Results and/or Conclusions;,(B/T) Computer Science;(B/T) Data Science;(B/T) Technology;(HUM) Arts - General;(SOC) Education;
65244.0,IT2 fuzzy adaptive containment control for fractional-order heterogeneous multi-agent systems with input saturation,Zhile Xia;Jinping Mou,Journal of Intelligent & Fuzzy Systems,IOS Press (bought by Sage November 2023),2023-06-26,10.3233/jifs-231350,Computer-Aided Content or Computer-Generated Content;Concerns/Issues about Authorship/Affiliation;Concerns/Issues about Referencing/Attributions;Concerns/Issues about Third Party Involvement;Compromised Peer Review;Investigation by Journal/Publisher;Investigation by Third Party;Paper Mill;Unreliable Results and/or Conclusions;,(B/T) Computer Science;(B/T) Data Science;(B/T) Technology;
65243.0,IoT-enabled smart healthcare data and health monitoring based machine learning algorithms,S Deepa;K P Sridhar;S Baskar;K B Mythili;A Reethika;P R Hariharan,Journal of Intelligent & Fuzzy Systems,IOS Press (bought by Sage November 2023),2022-11-10,10.3233/jifs-212728,Computer-Aided Content or Computer-Generated Content;Concerns/Issues about Authorship/Affiliation;Concerns/Issues about Referencing/Attributions;Concerns/Issues about Third Party Involvement;Compromised Peer Review;Investigation by Journal/Publisher;Investigation by Third Party;Paper Mill;Unreliable Results and/or Conclusions;,(B/T) Computer Science;(B/T) Data Science;(B/T) Technology;(HSC) Medicine - General;
65242.0,Investment decision making in the fuzzy context: An integrated model approach,Shasha Zhang;Xiaodi Liu;Harish Garg;Shitao Zhang,Journal of Intelligent & Fuzzy Systems,IOS Press (bought by Sage November 2023),2022-11-25,10.3233/jifs-223059,Computer-Aided Content or Computer-Generated Content;Concerns/Issues about Authorship/Affiliation;Concerns/Issues about Referencing/Attributions;Concerns/Issues about Third Party Involvement;Compromised Peer Review;Investigation by Journal/Publisher;Investigation by Third Party;Paper Mill;Unreliable Results and/or Conclusions;,(B/T) Business - Economics;(B/T) Computer Science;(B/T) Data Science;(B/T) Technology;
65241.0,Intuitionistic fuzzy geometric aggregation operators based on Yager’s triangular norms and its application in multi-criteria decision making,Weize Wang;Yurui Feng,Journal of Intelligent & Fuzzy Systems,IOS Press (bought by Sage November 2023),2023-10-25,10.3233/jifs-234906,Computer-Aided Content or Computer-Generated Content;Concerns/Issues about Referencing/Attributions;Concerns/Issues about Third Party Involvement;Compromised Peer Review;Investigation by Journal/Publisher;Investigation by Third Party;Paper Mill;Unreliable Results and/or Conclusions;,(B/T) Computer Science;(B/T) Data Science;(B/T) Technology;
65239.0,Interval type-2 trapezoidal fuzzy multi-attribute decision-making method and its application to the corporate investment selection,Feifei Jin;Yajun Zhu;Yixiao Zhang;Shuyan Guo;Jinpei Liu;Ligang Zhou,Journal of Intelligent & Fuzzy Systems,IOS Press (bought by Sage November 2023),2023-05-24,10.3233/jifs-230310,Computer-Aided Content or Computer-Generated Content;Concerns/Issues about Authorship/Affiliation;Concerns/Issues about Referencing/Attributions;Concerns/Issues about Third Party Involvement;Compromised Peer Review;Investigation by Journal/Publisher;Investigation by Third Party;Paper Mill;Unreliable Results and/or Conclusions;,(B/T) Business - Economics;(B/T) Computer Science;(B/T) Data Science;(B/T) Technology;
65238.0,Interdisciplinary teaching strategy of multimodal data fusion in college aesthetic education curriculum using intelligence methods,Fei Liu,Journal of Intelligent & Fuzzy Systems,IOS Press (bought by Sage November 2023),2024-04-30,10.3233/jifs-240723,Computer-Aided Content or Computer-Generated Content;Concerns/Issues about Authorship/Affiliation;Concerns/Issues about Referencing/Attributions;Concerns/Issues about Third Party Involvement;Compromised Peer Review;Investigation by Journal/Publisher;Investigation by Third Party;Paper Mill;Unreliable Results and/or Conclusions;,(B/T) Computer Science;(B/T) Data Science;(B/T) Technology;(HUM) Arts - General;(SOC) Education;
65237.0,Interaction and risk preference-based group decision-making with intuitionistic fuzzy preference relations,Ying Wei;Kaixin Gong;Chunfang Chen;Xianghong Zhu,Journal of Intelligent & Fuzzy Systems,IOS Press (bought by Sage November 2023),2024-01-13,10.3233/jifs-233543,Computer-Aided Content or Computer-Generated Content;Concerns/Issues about Referencing/Attributions;Concerns/Issues about Third Party Involvement;Compromised Peer Review;Investigation by Journal/Publisher;Investigation by Third Party;Paper Mill;Unreliable Results and/or Conclusions;,(B/T) Computer Science;(B/T) Data Science;(B/T) Technology;
65235.0,Intelligent design and realization of sustainable development-oriented garden,Mingzhen Lu,Journal of Intelligent & Fuzzy Systems,IOS Press (bought by Sage November 2023),2024-04-12,10.3233/jifs-234540,Computer-Aided Content or Computer-Generated Content;Concerns/Issues about Authorship/Affiliation;Concerns/Issues about Referencing/Attributions;Concerns/Issues about Third Party Involvement;Compromised Peer Review;Investigation by Journal/Publisher;Investigation by Third Party;Paper Mill;Unreliable Results and/or Conclusions;,(B/T) Computer Science;(B/T) Data Science;(B/T) Technology;(ENV) Environmental Sciences;
65233.0,Integrating interval-valued intuitionistic fuzzy multiple-attribute decision-making for teaching quality evaluation of visual communication design,Zengpei Zeng,Journal of Intelligent & Fuzzy Systems,IOS Press (bought by Sage November 2023),2023-12-26,10.3233/jifs-235960,Computer-Aided Content or Computer-Generated Content;Concerns/Issues about Authorship/Affiliation;Concerns/Issues about Referencing/Attributions;Concerns/Issues about Third Party Involvement;Compromised Peer Review;Investigation by Journal/Publisher;Investigation by Third Party;Paper Mill;Unreliable Results and/or Conclusions;,(B/T) Data Science;(HUM) Arts - General;(SOC) Education;
65232.0,Integrated MAGDM framework based on spherical fuzzy sets for teaching quality evaluation of ideological and political courses in universities,Rong Wang;Xia Rong,Journal of Intelligent & Fuzzy Systems,IOS Press (bought by Sage November 2023),2023-06-09,10.3233/jifs-231714,Computer-Aided Content or Computer-Generated Content;Concerns/Issues about Authorship/Affiliation;Concerns/Issues about Referencing/Attributions;Concerns/Issues about Third Party Involvement;Compromised Peer Review;Investigation by Journal/Publisher;Investigation by Third Party;Paper Mill;Unreliable Results and/or Conclusions;,(B/T) Data Science;(SOC) Education;(SOC) Political Science;
65230.0,Improving Data Processing Speed on Large Datasets in a Hadoop Multi-node Cluster using Enhanced Apriori Algorithm,M R Sundarakumar;Ravi Sharma;S K Fathima;V Gokul Rajan;J Dhayanithi;M Marimuthu;G Mohanraj;Aditi Sharma;A Johny Renoald,Journal of Intelligent & Fuzzy Systems,IOS Press (bought by Sage November 2023),2023-07-26,10.3233/jifs-232048,Computer-Aided Content or Computer-Generated Content;Concerns/Issues about Authorship/Affiliation;Concerns/Issues about Referencing/Attributions;Concerns/Issues about Third Party Involvement;Compromised Peer Review;Investigation by Journal/Publisher;Investigation by Third Party;Paper Mill;Unreliable Results and/or Conclusions;,(B/T) Computer Science;(B/T) Data Science;(B/T) Technology;
65228.0,Improved segmentation of brain tumors with data augmentation using MU-Net,A K M B Hossain;Md Sah Bin Hj Salam;Muhammad S Alam;A K M Bellal Hossain,Journal of Intelligent & Fuzzy Systems,IOS Press (bought by Sage November 2023),2024-04-30,10.3233/jifs-232782,Computer-Aided Content or Computer-Generated Content;Concerns/Issues about Authorship/Affiliation;Concerns/Issues about Referencing/Attributions;Concerns/Issues about Third Party Involvement;Compromised Peer Review;Investigation by Journal/Publisher;Investigation by Third Party;Paper Mill;Unreliable Results and/or Conclusions;,(B/T) Data Science;(HSC) Medicine - Neurology;(HSC) Medicine - Oncology;(HSC) Radiology/Imaging;
65227.0,Improved multi-level fuzzy integrated assessment algorithm for tourism environment carrying ability based on cloud model,Paoching Lin;Juichan Huang;Pingtsan Ho,Journal of Intelligent & Fuzzy Systems,IOS Press (bought by Sage November 2023),2023-08-05,10.3233/jifs-232982,Computer-Aided Content or Computer-Generated Content;Concerns/Issues about Authorship/Affiliation;Concerns/Issues about Referencing/Attributions;Concerns/Issues about Third Party Involvement;Compromised Peer Review;Investigation by Journal/Publisher;Investigation by Third Party;Paper Mill;Unreliable Results and/or Conclusions;,(B/T) Business - General;(B/T) Data Science;(ENV) Environmental Sciences;
65223.0,Identification method of long-distance running injury points for college students based on association rules,Shirong Zhang;Lihong Zhao,Journal of Intelligent & Fuzzy Systems,IOS Press (bought by Sage November 2023),2023-04-25,10.3233/jifs-224334,Computer-Aided Content or Computer-Generated Content;Concerns/Issues about Referencing/Attributions;Concerns/Issues about Third Party Involvement;Compromised Peer Review;Investigation by Journal/Publisher;Investigation by Third Party;Paper Mill;Unreliable Results and/or Conclusions;,(B/T) Data Science;(HSC) Medicine - Sports;
65222.0,Hybrid optimized multimodal spatiotemporal feature fusion for vision-based sports activity recognition,M Amsaprabhaa,Journal of Intelligent & Fuzzy Systems,IOS Press (bought by Sage November 2023),2023-11-19,10.3233/jifs-233498,Computer-Aided Content or Computer-Generated Content;Concerns/Issues about Authorship/Affiliation;Concerns/Issues about Referencing/Attributions;Concerns/Issues about Third Party Involvement;Compromised Peer Review;Investigation by Journal/Publisher;Investigation by Third Party;Paper Mill;Unreliable Results and/or Conclusions;,(B/T) Data Science;(SOC) Sports and Recreation;
65221.0,Hybrid classification of XGBoost-based ADAM optimization for coronary artery disease diagnosis,T Nagamani;S Logeswari,Journal of Intelligent & Fuzzy Systems,IOS Press (bought by Sage November 2023),2024-03-04,10.3233/jifs-233804,Computer-Aided Content or Computer-Generated Content;Concerns/Issues about Referencing/Attributions;Concerns/Issues about Third Party Involvement;Compromised Peer Review;Investigation by Journal/Publisher;Investigation by Third Party;Paper Mill;Unreliable Results and/or Conclusions;,(B/T) Data Science;(HSC) Medicine - Cardiovascular;
65220.0,Hybrid and ensemble models by coupled with automated meta-heuristic algorithms for compressive and flexural strength and slump of high-performance concrete,Mingming Zhang;Qingling Wu,Journal of Intelligent & Fuzzy Systems,IOS Press (bought by Sage November 2023),2024-01-08,10.3233/jifs-234125,Computer-Aided Content or Computer-Generated Content;Concerns/Issues about Authorship/Affiliation;Concerns/Issues about Referencing/Attributions;Concerns/Issues about Third Party Involvement;Compromised Peer Review;Investigation by Journal/Publisher;Investigation by Third Party;Paper Mill;Unreliable Results and/or Conclusions;,(B/T) Data Science;(PHY) Engineering - Structural;
65219.0,Houses classification using vision transformer with shifted patch tokenization,Naser Saleh Mohamed Naser;Sertan Serte;Fadi Al-Turjman,Journal of Intelligent & Fuzzy Systems,IOS Press (bought by Sage November 2023),2024-05-04,10.3233/jifs-230972,Computer-Aided Content or Computer-Generated Content;Concerns/Issues about Authorship/Affiliation;Concerns/Issues about Referencing/Attributions;Concerns/Issues about Third Party Involvement;Compromised Peer Review;Investigation by Journal/Publisher;Investigation by Third Party;Paper Mill;Unreliable Results and/or Conclusions;,(B/T) Data Science;(HUM) Architecture;
65218.0,"Hesitant fuzzy β-covering (T, I) rough set models: An application to multi-attribute decision-making",Chao Fu;Keyun Qin;Lei Yang;Qian Hu,Journal of Intelligent & Fuzzy Systems,IOS Press (bought by Sage November 2023),2023-04-04,10.3233/jifs-223842,Computer-Aided Content or Computer-Generated Content;Concerns/Issues about Authorship/Affiliation;Concerns/Issues about Referencing/Attributions;Concerns/Issues about Third Party Involvement;Compromised Peer Review;Investigation by Journal/Publisher;Investigation by Third Party;Paper Mill;Unreliable Results and/or Conclusions;,(B/T) Business - Management;(B/T) Data Science;
65217.0,HDTNet: PCB defect detection algorithm for tiny objects of high-density regions,Yunzhi Li;Jingsheng Lei;Wenbin Shi;Shengying Yang,Journal of Intelligent & Fuzzy Systems,IOS Press (bought by Sage November 2023),2023-11-21,10.3233/jifs-230150,Computer-Aided Content or Computer-Generated Content;Concerns/Issues about Referencing/Attributions;Concerns/Issues about Third Party Involvement;Compromised Peer Review;Investigation by Journal/Publisher;Investigation by Third Party;Paper Mill;Unreliable Results and/or Conclusions;,(B/T) Business - Manufacturing;(B/T) Data Science;(PHY) Engineering - Electrical;
65213.0,Group decision-making method of commercial bank risk monitoring based on PCbHA iteration,Chunsheng Cui;Libin Che;Meng Wei,Journal of Intelligent & Fuzzy Systems,IOS Press (bought by Sage November 2023),2023-01-24,10.3233/jifs-222508,Computer-Aided Content or Computer-Generated Content;Concerns/Issues about Authorship/Affiliation;Concerns/Issues about Referencing/Attributions;Concerns/Issues about Third Party Involvement;Compromised Peer Review;Investigation by Journal/Publisher;Investigation by Third Party;Paper Mill;Unreliable Results and/or Conclusions;,(B/T) Business - Economics;(B/T) Business - Management;(B/T) Data Science;
65212.0,Grey relational analysis method for multi-attribute group decision making based on cumulative prospect theory under single-value neutrosophic sets,Yue Li;Qiang Cai;Guiwu Wei,Journal of Intelligent & Fuzzy Systems,IOS Press (bought by Sage November 2023),2023-11-16,10.3233/jifs-231630,Computer-Aided Content or Computer-Generated Content;Concerns/Issues about Authorship/Affiliation;Concerns/Issues about Referencing/Attributions;Concerns/Issues about Third Party Involvement;Compromised Peer Review;Investigation by Journal/Publisher;Investigation by Third Party;Paper Mill;Unreliable Results and/or Conclusions;,(B/T) Business - Management;(B/T) Data Science;
65211.0,Grey relational analysis method for building material suppliers selection based on the 2-tuple linguistic neutrosophic number,Jiaoqing Lin;Rui Yu;Xinrui Xu,Journal of Intelligent & Fuzzy Systems,IOS Press (bought by Sage November 2023),2022-11-26,10.3233/jifs-221410,Computer-Aided Content or Computer-Generated Content;Concerns/Issues about Authorship/Affiliation;Concerns/Issues about Referencing/Attributions;Concerns/Issues about Third Party Involvement;Compromised Peer Review;Investigation by Journal/Publisher;Investigation by Third Party;Paper Mill;Unreliable Results and/or Conclusions;,(B/T) Business - Manufacturing;(B/T) Data Science;
65205.0,A new design for 4-bit RCA using quantum cellular automata technology,Saeid Seyedi;Behrouz Pourghebleh,Optical and Quantum Electronics,Springer - Nature Publishing Group,2022-11-13,10.1007/s11082-022-04214-5,Computer-Aided Content or Computer-Generated Content;Concerns/Issues about Article;Concerns/Issues about Referencing/Attributions;Concerns/Issues about Peer Review;Investigation by Journal/Publisher;Objections by Author(s);Unreliable Results and/or Conclusions;,(B/T) Computer Science;(B/T) Technology;
65203.0,GRA method for probabilistic simplified neutrosophic MADM and application to talent training quality evaluation of segmented education,Chang Liu,Journal of Intelligent & Fuzzy Systems,IOS Press (bought by Sage November 2023),2023-02-03,10.3233/jifs-224494,Computer-Aided Content or Computer-Generated Content;Concerns/Issues about Authorship/Affiliation;Concerns/Issues about Referencing/Attributions;Concerns/Issues about Third Party Involvement;Compromised Peer Review;Investigation by Journal/Publisher;Investigation by Third Party;Paper Mill;Unreliable Results and/or Conclusions;,(B/T) Data Science;(SOC) Education;
65192.0,Fuzzy modelling approach and soft computing mechanism for predicting cognitive impairment in old people,Yousef Methkal Abd Algani;K Suresh Babu;Shehab Mohamed Beram;Mohammed Saleh Al Ansari;Ruben Dario Tapia-Silguera;Ricardo Fernando Cosio Borda;B Kiran Bala,Journal of Intelligent & Fuzzy Systems,IOS Press (bought by Sage November 2023),2023-12-12,10.3233/jifs-233695,Computer-Aided Content or Computer-Generated Content;Concerns/Issues about Authorship/Affiliation;Concerns/Issues about Referencing/Attributions;Concerns/Issues about Third Party Involvement;Compromised Peer Review;Investigation by Journal/Publisher;Investigation by Third Party;Paper Mill;Unreliable Results and/or Conclusions;,(B/T) Data Science;(HSC) Medicine - Geriatric;(HSC) Medicine - Psychiatry;
65191.0,Fuzzy logical system for personalized vocal music instruction and psychological awareness in colleges using big data,Yu Wang,Journal of Intelligent & Fuzzy Systems,IOS Press (bought by Sage November 2023),2024-03-11,10.3233/jifs-236248,Computer-Aided Content or Computer-Generated Content;Concerns/Issues about Authorship/Affiliation;Concerns/Issues about Referencing/Attributions;Concerns/Issues about Third Party Involvement;Compromised Peer Review;Investigation by Journal/Publisher;Investigation by Third Party;Paper Mill;Unreliable Results and/or Conclusions;,(B/T) Data Science;(HUM) Arts - Music;(SOC) Education;(SOC) Psychology;
65180.0,Fuzzy AHP point factored inference system for detection of cardiovascular disease,M Stephen;A Felix,Journal of Intelligent & Fuzzy Systems,IOS Press (bought by Sage November 2023),2023-01-27,10.3233/jifs-223048,Computer-Aided Content or Computer-Generated Content;Concerns/Issues about Authorship/Affiliation;Concerns/Issues about Referencing/Attributions;Concerns/Issues about Third Party Involvement;Compromised Peer Review;Investigation by Journal/Publisher;Investigation by Third Party;Paper Mill;Unreliable Results and/or Conclusions;,(B/T) Data Science;(HSC) Medicine - Cardiovascular;
65179.0,Frequency domain model-augmented feature space transferable attack,Jing Shi;Xiaolin Zhang;Yongping Wang;Ruichun Gu;Enhui Xu,Journal of Intelligent & Fuzzy Systems,IOS Press (bought by Sage November 2023),2024-04-10,10.3233/jifs-234156,Computer-Aided Content or Computer-Generated Content;Concerns/Issues about Authorship/Affiliation;Concerns/Issues about Referencing/Attributions;Concerns/Issues about Third Party Involvement;Compromised Peer Review;Investigation by Journal/Publisher;Investigation by Third Party;Paper Mill;Unreliable Results and/or Conclusions;,(B/T) Data Science;(B/T) Technology;
65176.0,Feature selection method based on stochastic fractal search henry gas solubility optimization algorithm,Min Zhang;Jiesheng Wang;Yu Liu;Min Wang;Xudong Li;Fujun Guo,Journal of Intelligent & Fuzzy Systems,IOS Press (bought by Sage November 2023),2023-01-02,10.3233/jifs-221036,Computer-Aided Content or Computer-Generated Content;Concerns/Issues about Authorship/Affiliation;Concerns/Issues about Referencing/Attributions;Concerns/Issues about Third Party Involvement;Compromised Peer Review;Investigation by Journal/Publisher;Investigation by Third Party;Paper Mill;Unreliable Results and/or Conclusions;,(B/T) Data Science;(PHY) Engineering - General;(PHY) Physics;
65159.0,Feature Selection and Support Vector Machine Classification method for Banknote Dirtiness Recognition Based on Marine Predator Algorithm with Mathematical Functions,Fujun Guo;Weizhong Sun;Jiesheng Wang;Min Zhang;Jianing Hou;Haoming Song;Yucai Wang,Journal of Intelligent & Fuzzy Systems,IOS Press (bought by Sage November 2023),2023-06-26,10.3233/jifs-230459,Computer-Aided Content or Computer-Generated Content;Concerns/Issues about Authorship/Affiliation;Concerns/Issues about Referencing/Attributions;Concerns/Issues about Third Party Involvement;Compromised Peer Review;Investigation by Journal/Publisher;Investigation by Third Party;Paper Mill;Unreliable Results and/or Conclusions;,(B/T) Data Science;(B/T) Technology;
65157.0,Fair and stable matching decision-making with multiple hesitant fuzzy elements,Qi Yue;Zhibin Deng;Bin Hu;Yuan Tao,Journal of Intelligent & Fuzzy Systems,IOS Press (bought by Sage November 2023),2023-08-28,10.3233/jifs-232520,Computer-Aided Content or Computer-Generated Content;Concerns/Issues about Authorship/Affiliation;Concerns/Issues about Referencing/Attributions;Concerns/Issues about Third Party Involvement;Compromised Peer Review;Investigation by Journal/Publisher;Investigation by Third Party;Paper Mill;Unreliable Results and/or Conclusions;,(B/T) Business - Management;(B/T) Data Science;
65156.0,Extended TODIM technique based on TOPSIS for county preschool education resource allocation level evaluation under interval-valued Pythagorean fuzzy sets,Yongjie Wang;Chang-e Lu;Zhihong Cheng;Juan Wang,Journal of Intelligent & Fuzzy Systems,IOS Press (bought by Sage November 2023),2023-10-31,10.3233/jifs-233742,Computer-Aided Content or Computer-Generated Content;Concerns/Issues about Referencing/Attributions;Concerns/Issues about Third Party Involvement;Compromised Peer Review;Investigation by Journal/Publisher;Investigation by Third Party;Paper Mill;Unreliable Results and/or Conclusions;,(B/T) Data Science;(SOC) Education;
65155.0,Extended TODIM method based on VIKOR for quality evaluation of higher education scientific research management under interval-valued Pythagorean fuzzy sets,Jingyang Wang,Journal of Intelligent & Fuzzy Systems,IOS Press (bought by Sage November 2023),2023-07-12,10.3233/jifs-232621,Computer-Aided Content or Computer-Generated Content;Concerns/Issues about Referencing/Attributions;Concerns/Issues about Third Party Involvement;Compromised Peer Review;Investigation by Journal/Publisher;Investigation by Third Party;Paper Mill;Unreliable Results and/or Conclusions;,(B/T) Data Science;(SOC) Education;
65154.0,Extended TODIM method based on VIKOR for college English teaching quality evaluation with interval-valued intuitionistic fuzzy information,Lina Bo,Journal of Intelligent & Fuzzy Systems,IOS Press (bought by Sage November 2023),2023-09-26,10.3233/jifs-234149,Computer-Aided Content or Computer-Generated Content;Concerns/Issues about Authorship/Affiliation;Concerns/Issues about Referencing/Attributions;Concerns/Issues about Third Party Involvement;Compromised Peer Review;Investigation by Journal/Publisher;Investigation by Third Party;Paper Mill;Unreliable Results and/or Conclusions;,(B/T) Data Science;(SOC) Education;
65153.0,Extended QUALIFLEX method for MAGDM under Picture 2-Tuple Linguistic environment and applications to college English classroom teaching quality evaluation,Pei Yuan,Journal of Intelligent & Fuzzy Systems,IOS Press (bought by Sage November 2023),2023-05-10,10.3233/jifs-230969,Computer-Aided Content or Computer-Generated Content;Concerns/Issues about Referencing/Attributions;Concerns/Issues about Third Party Involvement;Compromised Peer Review;False/Forged Authorship;Investigation by Journal/Publisher;Investigation by Third Party;Paper Mill;Unreliable Results and/or Conclusions;,(B/T) Data Science;(SOC) Education;
65152.0,Extended group decision making method for quality evaluation of mental health education of college students with hesitant triangular fuzzy information,Rong Wang;Xia Rong,Journal of Intelligent & Fuzzy Systems,IOS Press (bought by Sage November 2023),2023-05-31,10.3233/jifs-231719,Computer-Aided Content or Computer-Generated Content;Concerns/Issues about Authorship/Affiliation;Concerns/Issues about Referencing/Attributions;Concerns/Issues about Third Party Involvement;Compromised Peer Review;Investigation by Journal/Publisher;Investigation by Third Party;Paper Mill;Unreliable Results and/or Conclusions;,(B/T) Data Science;(SOC) Education;(SOC) Psychology;
65150.0,Exponential similarity measure of confidence consistency fuzzy cubic sets in fuzzy multiset scenarios and its application in piano performance evaluation,Lu Niu;Jun Ye,Journal of Intelligent & Fuzzy Systems,IOS Press (bought by Sage November 2023),2024-02-13,10.3233/jifs-235084,Computer-Aided Content or Computer-Generated Content;Concerns/Issues about Authorship/Affiliation;Concerns/Issues about Referencing/Attributions;Concerns/Issues about Third Party Involvement;Compromised Peer Review;Investigation by Journal/Publisher;Investigation by Third Party;Paper Mill;Unreliable Results and/or Conclusions;,(B/T) Data Science;(HUM) Arts - Music;
65149.0,Examining the college English classroom teaching quality using the fuzzy evaluation model,Qian Lv,Journal of Intelligent & Fuzzy Systems,IOS Press (bought by Sage November 2023),2023-08-22,10.3233/jifs-231321,Computer-Aided Content or Computer-Generated Content;Concerns/Issues about Referencing/Attributions;Concerns/Issues about Third Party Involvement;Compromised Peer Review;Investigation by Journal/Publisher;Investigation by Third Party;Paper Mill;Unreliable Results and/or Conclusions;,(B/T) Computer Science;(SOC) Education;(SOC) Linguistics;
65148.0,Evolutionary design method for transforming ceramic cultural elements into cultural and creative products,Yixiang Wu,Journal of Intelligent & Fuzzy Systems,IOS Press (bought by Sage November 2023),2023-08-14,10.3233/jifs-231906,Computer-Aided Content or Computer-Generated Content;Concerns/Issues about Authorship/Affiliation;Concerns/Issues about Referencing/Attributions;Concerns/Issues about Third Party Involvement;Compromised Peer Review;Investigation by Journal/Publisher;Investigation by Third Party;Paper Mill;Unreliable Results and/or Conclusions;,(B/T) Business - Marketing;(B/T) Data Science;(B/T) Technology;(HUM) Arts - General;
65139.0,Evaluation of oral English teaching quality based on BP neural network optimized by improved crow search algorithm,Mindong Tan;Liangdong Qu,Journal of Intelligent & Fuzzy Systems,IOS Press (bought by Sage November 2023),2023-10-20,10.3233/jifs-222455,Computer-Aided Content or Computer-Generated Content;Concerns/Issues about Authorship/Affiliation;Concerns/Issues about Referencing/Attributions;Concerns/Issues about Third Party Involvement;Compromised Peer Review;Investigation by Journal/Publisher;Investigation by Third Party;Paper Mill;Unreliable Results and/or Conclusions;,(B/T) Computer Science;(SOC) Education;(SOC) Linguistics;
65137.0,Evaluation method for psychological resilience of athletes in high-intensity sports training based on evolutionary neural network,Zhao Kaijun,Journal of Intelligent & Fuzzy Systems,IOS Press (bought by Sage November 2023),2023-09-29,10.3233/jifs-233299,Computer-Aided Content or Computer-Generated Content;Concerns/Issues about Authorship/Affiliation;Concerns/Issues about Referencing/Attributions;Concerns/Issues about Third Party Involvement;Compromised Peer Review;Investigation by Journal/Publisher;Investigation by Third Party;Paper Mill;Unreliable Results and/or Conclusions;,(B/T) Data Science;(HSC) Sports Science;(SOC) Psychology;
65136.0,Enterprise technological innovation capability evaluation using a spherical fuzzy number based CSM-EDAS model,Kai Wang;Yameng Bai,Journal of Intelligent & Fuzzy Systems,IOS Press (bought by Sage November 2023),2024-01-11,10.3233/jifs-236778,Computer-Aided Content or Computer-Generated Content;Concerns/Issues about Authorship/Affiliation;Concerns/Issues about Referencing/Attributions;Concerns/Issues about Third Party Involvement;Compromised Peer Review;Investigation by Journal/Publisher;Investigation by Third Party;Paper Mill;Unreliable Results and/or Conclusions;,(B/T) Business - Management;(B/T) Data Science;(B/T) Technology;
65135.0,Ensemble self-attention technology for improving the accuracy and efficiency of lung disease diagnosis,Smd Shafi;C Sathiya Kumar,Journal of Intelligent & Fuzzy Systems,IOS Press (bought by Sage November 2023),2024-03-30,10.3233/jifs-236444,Computer-Aided Content or Computer-Generated Content;Concerns/Issues about Authorship/Affiliation;Concerns/Issues about Referencing/Attributions;Concerns/Issues about Third Party Involvement;Compromised Peer Review;Investigation by Journal/Publisher;Investigation by Third Party;Paper Mill;Unreliable Results and/or Conclusions;,(B/T) Data Science;(HSC) Medicine - Pulmonology;(HSC) Radiology/Imaging;
65130.0,Enhancing security in wireless sensor networks: A fusion of deep learning and energy-efficient routing,S Sowndeswari;E Kavitha;Raja Krishnamoorthy,Journal of Intelligent & Fuzzy Systems,IOS Press (bought by Sage November 2023),2024-04-26,10.3233/jifs-235322,Computer-Aided Content or Computer-Generated Content;Concerns/Issues about Authorship/Affiliation;Concerns/Issues about Referencing/Attributions;Concerns/Issues about Third Party Involvement;Compromised Peer Review;Investigation by Journal/Publisher;Investigation by Third Party;Paper Mill;Unreliable Results and/or Conclusions;,(B/T) Computer Science;(B/T) Data Science;(B/T) Technology;(PHY) Engineering - Electrical;
65129.0,Enhancing large language models with evolutionary fine-tuning for news summary generation,Le Xiao;Xiaolin Chen;Xin Shan,Journal of Intelligent & Fuzzy Systems,IOS Press (bought by Sage November 2023),2024-04-12,10.3233/jifs-237685,Computer-Aided Content or Computer-Generated Content;Concerns/Issues about Authorship/Affiliation;Concerns/Issues about Referencing/Attributions;Concerns/Issues about Third Party Involvement;Compromised Peer Review;Investigation by Journal/Publisher;Investigation by Third Party;Paper Mill;Unreliable Results and/or Conclusions;,(B/T) Data Science;(HUM) Journalism;(SOC) Communications;
65128.0,Enhanced EDAS technique for colleges business English teaching quality evaluation based on Euclid distance and cosine similarity measure,Yuan Yuan,Journal of Intelligent & Fuzzy Systems,IOS Press (bought by Sage November 2023),2023-10-25,10.3233/jifs-233786,Computer-Aided Content or Computer-Generated Content;Concerns/Issues about Authorship/Affiliation;Concerns/Issues about Referencing/Attributions;Concerns/Issues about Third Party Involvement;Compromised Peer Review;Investigation by Journal/Publisher;Investigation by Third Party;Paper Mill;Unreliable Results and/or Conclusions;,(B/T) Data Science;(SOC) Education;
65127.0,Enhanced cross-entropy framework for multiple-attribute decision-making with type-2 neutrosophic number and applications to cross-border e-commerce logistics service providers evaluation,Shaoye Sun,Journal of Intelligent & Fuzzy Systems,IOS Press (bought by Sage November 2023),2024-02-06,10.3233/jifs-238592,Computer-Aided Content or Computer-Generated Content;Concerns/Issues about Authorship/Affiliation;Concerns/Issues about Referencing/Attributions;Concerns/Issues about Third Party Involvement;Compromised Peer Review;Investigation by Journal/Publisher;Investigation by Third Party;Paper Mill;Unreliable Results and/or Conclusions;,(B/T) Business - Management;(B/T) Data Science;
65124.0,EI-RNN-based text generation for the static and dynamic isolated sign language videos,S Subburaj;S Murugavalli;B Muthusenthil,Journal of Intelligent & Fuzzy Systems,IOS Press (bought by Sage November 2023),2023-10-26,10.3233/jifs-233610,Computer-Aided Content or Computer-Generated Content;Concerns/Issues about Authorship/Affiliation;Concerns/Issues about Referencing/Attributions;Concerns/Issues about Third Party Involvement;Compromised Peer Review;Investigation by Journal/Publisher;Investigation by Third Party;Paper Mill;Unreliable Results and/or Conclusions;,(B/T) Data Science;(B/T) Technology;(SOC) Communications;
65122.0,Effective flame detection and classification using deep feature of QuickDenseNet and Ensemble Score Voted SVM,S Sruthi;B Anuradha,Journal of Intelligent & Fuzzy Systems,IOS Press (bought by Sage November 2023),2023-12-11,10.3233/jifs-236387,Computer-Aided Content or Computer-Generated Content;Concerns/Issues about Authorship/Affiliation;Concerns/Issues about Referencing/Attributions;Concerns/Issues about Third Party Involvement;Compromised Peer Review;Investigation by Journal/Publisher;Investigation by Third Party;Paper Mill;Unreliable Results and/or Conclusions;,(B/T) Data Science;(B/T) Technology;(HSC) Public Health and Safety;
65119.0,Enhancing heart disease detection and classification using fuzzy logic and metaheuristic algorithms in a blockchain assisted healthcare environment,N Mohananthini;K Rajeshkumar;C Ananth,Journal of Intelligent & Fuzzy Systems,IOS Press (bought by Sage November 2023),2024-01-20,10.3233/jifs-232902,Computer-Aided Content or Computer-Generated Content;Concerns/Issues about Authorship/Affiliation;Concerns/Issues about Referencing/Attributions;Concerns/Issues about Third Party Involvement;Compromised Peer Review;Investigation by Journal/Publisher;Investigation by Third Party;Paper Mill;Unreliable Results and/or Conclusions;,(B/T) Computer Science;(B/T) Data Science;(B/T) Technology;(HSC) Medicine - General;
65118.0,EDAS method for multi-attribute decision-making with generalized hesitant fuzzy numbers and its application to energy projects selection,Pingqing Liu;Hongjun Wang;Guiwu Wei,Journal of Intelligent & Fuzzy Systems,IOS Press (bought by Sage November 2023),2023-06-05,10.3233/jifs-230105,Computer-Aided Content or Computer-Generated Content;Concerns/Issues about Authorship/Affiliation;Concerns/Issues about Referencing/Attributions;Concerns/Issues about Third Party Involvement;Compromised Peer Review;Investigation by Journal/Publisher;Investigation by Third Party;Paper Mill;Unreliable Results and/or Conclusions;,(B/T) Computer Science;(B/T) Data Science;(B/T) Technology;(PHY) Energy;
65117.0,Emotion identification in human faces through ensemble of deep learning models,M Naveen Kmuar;S Godfrey Winster,Journal of Intelligent & Fuzzy Systems,IOS Press (bought by Sage November 2023),2023-09-04,10.3233/jifs-231199,Computer-Aided Content or Computer-Generated Content;Concerns/Issues about Authorship/Affiliation;Concerns/Issues about Referencing/Attributions;Concerns/Issues about Third Party Involvement;Compromised Peer Review;Investigation by Journal/Publisher;Investigation by Third Party;Paper Mill;Unreliable Results and/or Conclusions;,(B/T) Computer Science;(B/T) Data Science;(B/T) Technology;(SOC) Psychology;
65116.0,Early stage autism detection using ANFIS and extreme learning machine algorithm,M Pushpa;M Sornamageswari,Journal of Intelligent & Fuzzy Systems,IOS Press (bought by Sage November 2023),2023-06-27,10.3233/jifs-231608,Computer-Aided Content or Computer-Generated Content;Concerns/Issues about Authorship/Affiliation;Concerns/Issues about Referencing/Attributions;Concerns/Issues about Third Party Involvement;Compromised Peer Review;Investigation by Journal/Publisher;Investigation by Third Party;Paper Mill;Unreliable Results and/or Conclusions;,(B/T) Computer Science;(B/T) Data Science;(B/T) Technology;(HSC) Medicine - Psychiatry;
65114.0,Dynamic trusted cross-layer IDS for secured communications in wireless networks using routing algorithm and FT-CNN,K R Mohan Raj;Jeevaa Katiravan,Journal of Intelligent & Fuzzy Systems,IOS Press (bought by Sage November 2023),2024-01-22,10.3233/jifs-233275,Computer-Aided Content or Computer-Generated Content;Concerns/Issues about Authorship/Affiliation;Concerns/Issues about Referencing/Attributions;Concerns/Issues about Third Party Involvement;Compromised Peer Review;Investigation by Journal/Publisher;Investigation by Third Party;Paper Mill;Unreliable Results and/or Conclusions;,(B/T) Computer Science;(B/T) Data Science;(B/T) Technology;
65113.0,Dynamic task scheduling in edge cloud systems using deep recurrent neural networks and environment learning approaches,Sandana Karuppan Ammavasai,Journal of Intelligent & Fuzzy Systems,IOS Press (bought by Sage November 2023),2024-03-23,10.3233/jifs-236838,Computer-Aided Content or Computer-Generated Content;Concerns/Issues about Authorship/Affiliation;Concerns/Issues about Referencing/Attributions;Concerns/Issues about Third Party Involvement;Compromised Peer Review;Investigation by Journal/Publisher;Investigation by Third Party;Paper Mill;Unreliable Results and/or Conclusions;,(B/T) Computer Science;(B/T) Data Science;(B/T) Technology;
65112.0,Dynamic pricing on maximum concurrency for heterogeneous instances using hyperparameter optimization in dueling deep reinforcement learning in a multi-cloud scenario,Rajesh Arivanandhan;Kalaivani Ramanathan;Senthilkumar Chellamuthu,Journal of Intelligent & Fuzzy Systems,IOS Press (bought by Sage November 2023),2024-01-22,10.3233/jifs-236043,Computer-Aided Content or Computer-Generated Content;Concerns/Issues about Authorship/Affiliation;Concerns/Issues about Referencing/Attributions;Concerns/Issues about Third Party Involvement;Compromised Peer Review;Investigation by Journal/Publisher;Investigation by Third Party;Paper Mill;Unreliable Results and/or Conclusions;,(B/T) Business - Economics;(B/T) Computer Science;(B/T) Data Science;(B/T) Technology;
65108.0,DMS-yolov8 A gesture recognition algorithm based on improved yolov81,Huawei Zhan;Chengju Han;Junjie Li;Gaoyong Wei,Journal of Intelligent & Fuzzy Systems,IOS Press (bought by Sage November 2023),2024-04-11,10.3233/jifs-238629,Computer-Aided Content or Computer-Generated Content;Concerns/Issues about Authorship/Affiliation;Concerns/Issues about Referencing/Attributions;Concerns/Issues about Third Party Involvement;Compromised Peer Review;Investigation by Journal/Publisher;Investigation by Third Party;Paper Mill;Unreliable Results and/or Conclusions;,(B/T) Computer Science;(B/T) Data Science;(B/T) Technology;
65106.0,Dingo optimization algorithm-based random forests model to evaluate the compressive strength of the concrete at elevated temperatures,Hongling Zhang;Hongzhi Zhang,Journal of Intelligent & Fuzzy Systems,IOS Press (bought by Sage November 2023),2024-05-03,10.3233/jifs-240513,Computer-Aided Content or Computer-Generated Content;Concerns/Issues about Authorship/Affiliation;Concerns/Issues about Referencing/Attributions;Concerns/Issues about Third Party Involvement;Compromised Peer Review;Investigation by Journal/Publisher;Investigation by Third Party;Paper Mill;Unreliable Results and/or Conclusions;,(B/T) Computer Science;(B/T) Data Science;(B/T) Technology;
65105.0,Digital mammogram based robust feature extraction and selection for effective breast cancer classification in earlier stage,R Shankari;J S Leena Jasmine;S Mary Joans,Journal of Intelligent & Fuzzy Systems,IOS Press (bought by Sage November 2023),2023-12-29,10.3233/jifs-235116,Computer-Aided Content or Computer-Generated Content;Concerns/Issues about Authorship/Affiliation;Concerns/Issues about Referencing/Attributions;Concerns/Issues about Third Party Involvement;Compromised Peer Review;Investigation by Journal/Publisher;Investigation by Third Party;Paper Mill;Unreliable Results and/or Conclusions;,(B/T) Computer Science;(B/T) Data Science;(B/T) Technology;(HSC) Medicine - Obstetrics/Gynecology;(HSC) Radiology/Imaging;
65104.0,Diagnosis of skin lesion using shift-invariant network and an improved grey wolf optimizer,V Sharmila;P Ezhumalai,Journal of Intelligent & Fuzzy Systems,IOS Press (bought by Sage November 2023),2024-01-24,10.3233/jifs-232325,Computer-Aided Content or Computer-Generated Content;Concerns/Issues about Authorship/Affiliation;Concerns/Issues about Referencing/Attributions;Concerns/Issues about Third Party Involvement;Compromised Peer Review;Investigation by Journal/Publisher;Investigation by Third Party;Paper Mill;Unreliable Results and/or Conclusions;,(B/T) Computer Science;(B/T) Data Science;(B/T) Technology;(HSC) Medicine - Dermatology;
65103.0,Detection of an in-housed pig using modified YOLOv5 model,Salam Jayachitra Devi;Juwar Doley;Vivek Kumar Gupta,Journal of Intelligent & Fuzzy Systems,IOS Press (bought by Sage November 2023),2024-03-15,10.3233/jifs-231032,Computer-Aided Content or Computer-Generated Content;Concerns/Issues about Referencing/Attributions;Concerns/Issues about Third Party Involvement;Compromised Peer Review;Investigation by Journal/Publisher;Investigation by Third Party;Paper Mill;Unreliable Results and/or Conclusions;,(B/T) Computer Science;(B/T) Data Science;(B/T) Technology;
65101.0,Deep optimization algorithm for emergency-aware data transmission in Mobile-Ad Hoc Networks,A Baskar;A Rajaram,Journal of Intelligent & Fuzzy Systems,IOS Press (bought by Sage November 2023),2023-09-19,10.3233/jifs-233425,Computer-Aided Content or Computer-Generated Content;Concerns/Issues about Authorship/Affiliation;Concerns/Issues about Referencing/Attributions;Concerns/Issues about Third Party Involvement;Compromised Peer Review;Investigation by Journal/Publisher;Investigation by Third Party;Paper Mill;Unreliable Results and/or Conclusions;,(B/T) Computer Science;(B/T) Data Science;(B/T) Technology;
65100.0,Deep learning techniques for monitoring speech and vision improvement in therapy patients using big data,S Vimala;K Valarmathi,Journal of Intelligent & Fuzzy Systems,IOS Press (bought by Sage November 2023),2024-04-17,10.3233/jifs-237363,Computer-Aided Content or Computer-Generated Content;Concerns/Issues about Authorship/Affiliation;Concerns/Issues about Referencing/Attributions;Concerns/Issues about Third Party Involvement;Compromised Peer Review;Investigation by Journal/Publisher;Investigation by Third Party;Paper Mill;Unreliable Results and/or Conclusions;,(B/T) Computer Science;(B/T) Data Science;(B/T) Technology;(HSC) Medicine - Ophthalmology;(HSC) Medicine - Otorhinolaryngology;(HSC) Medicine - Rehabilitation/Therapy;
65099.0,Deep learning based sarcasm detection and classification model,Raghuram Bhukya;Swathy Vodithala,Journal of Intelligent & Fuzzy Systems,IOS Press (bought by Sage November 2023),2023-11-27,10.3233/jifs-222633,Computer-Aided Content or Computer-Generated Content;Concerns/Issues about Authorship/Affiliation;Concerns/Issues about Referencing/Attributions;Concerns/Issues about Third Party Involvement;Compromised Peer Review;Investigation by Journal/Publisher;Investigation by Third Party;Paper Mill;Unreliable Results and/or Conclusions;,(B/T) Computer Science;(B/T) Data Science;(B/T) Technology;
65098.0,Decision-making and optimization model for fire emergency replacements in colleges based on BWM and VIKOR under interval 2-tuple linguistic,Nanyan Hu;Xuexue Li;Yufei Li;Yicheng Ye;Menglong Wu,Journal of Intelligent & Fuzzy Systems,IOS Press (bought by Sage November 2023),2023-05-30,10.3233/jifs-224322,Computer-Aided Content or Computer-Generated Content;Concerns/Issues about Authorship/Affiliation;Concerns/Issues about Referencing/Attributions;Concerns/Issues about Third Party Involvement;Compromised Peer Review;Investigation by Journal/Publisher;Investigation by Third Party;Paper Mill;Unreliable Results and/or Conclusions;,(B/T) Computer Science;(B/T) Data Science;(B/T) Technology;(HSC) Public Health and Safety;
65096.0,Data augmentation based face anti-spoofing (FAS) scheme using deep learning techniques,Kasetty Lakshminarasimha;V Ponniyin Selvan,Journal of Intelligent & Fuzzy Systems,IOS Press (bought by Sage November 2023),2023-07-28,10.3233/jifs-233394,Computer-Aided Content or Computer-Generated Content;Concerns/Issues about Authorship/Affiliation;Concerns/Issues about Referencing/Attributions;Concerns/Issues about Third Party Involvement;Compromised Peer Review;Investigation by Journal/Publisher;Investigation by Third Party;Paper Mill;Unreliable Results and/or Conclusions;,(B/T) Computer Science;(B/T) Data Science;(B/T) Technology;
65094.0,Cross-entropy method for interval-valued neutrosophic number multiple attribute decision making for education quality management evaluation in higher education institutions,Xiaoying Jia,Journal of Intelligent & Fuzzy Systems,IOS Press (bought by Sage November 2023),2023-11-17,10.3233/jifs-233481,Computer-Aided Content or Computer-Generated Content;Concerns/Issues about Authorship/Affiliation;Concerns/Issues about Referencing/Attributions;Concerns/Issues about Third Party Involvement;Compromised Peer Review;Investigation by Journal/Publisher;Investigation by Third Party;Paper Mill;Unreliable Results and/or Conclusions;,(B/T) Computer Science;(B/T) Data Science;(B/T) Technology;(SOC) Education;
65092.0,Covering variable precision fuzzy rough sets based on overlap functions and the application to multi-label classification,Qiqi Ou;Xiaohong Zhang;Jingqian Wang,Journal of Intelligent & Fuzzy Systems,IOS Press (bought by Sage November 2023),2024-03-23,10.3233/jifs-238245,Computer-Aided Content or Computer-Generated Content;Concerns/Issues about Authorship/Affiliation;Concerns/Issues about Referencing/Attributions;Concerns/Issues about Third Party Involvement;Compromised Peer Review;Investigation by Journal/Publisher;Investigation by Third Party;Paper Mill;Unreliable Results and/or Conclusions;,(B/T) Computer Science;(B/T) Data Science;(B/T) Technology;
65091.0,Coupling synergy calculation between innovation and ethical responsibility for high-tech enterprises from the perspective of responsibility innovation,Hongyun Luo;Xiangyi Lin;Yan Yu,Journal of Intelligent & Fuzzy Systems,IOS Press (bought by Sage November 2023),2023-01-11,10.3233/jifs-221269,Computer-Aided Content or Computer-Generated Content;Concerns/Issues about Referencing/Attributions;Concerns/Issues about Third Party Involvement;Compromised Peer Review;Investigation by Journal/Publisher;Investigation by Third Party;Paper Mill;Unreliable Results and/or Conclusions;,(B/T) Business - General;(B/T) Computer Science;(B/T) Data Science;(B/T) Technology;(SOC) Philosophy;
65089.0,Construction on precise-personalized-learning evaluation system based on cipp evaluation model and integrated FCE-AHP method,Jin Zhao;Zhaohan Wang;Zhang Jianjun,Journal of Intelligent & Fuzzy Systems,IOS Press (bought by Sage November 2023),2023-06-17,10.3233/jifs-230004,Computer-Aided Content or Computer-Generated Content;Concerns/Issues about Referencing/Attributions;Concerns/Issues about Third Party Involvement;Compromised Peer Review;Investigation by Journal/Publisher;Investigation by Third Party;Paper Mill;Unreliable Results and/or Conclusions;,(B/T) Computer Science;(B/T) Data Science;(B/T) Technology;(SOC) Education;
65087.0,Consistency improvement under incomplete hesitant fuzzy linguistic preference relations in large-scale group decision-making,Jianping Fan;Jiu Yuan;Meiqin Wu,Journal of Intelligent & Fuzzy Systems,IOS Press (bought by Sage November 2023),2023-08-05,10.3233/jifs-232615,Computer-Aided Content or Computer-Generated Content;Concerns/Issues about Referencing/Attributions;Concerns/Issues about Third Party Involvement;Compromised Peer Review;Investigation by Journal/Publisher;Investigation by Third Party;Paper Mill;Unreliable Results and/or Conclusions;,(B/T) Computer Science;(B/T) Data Science;(B/T) Technology;
65086.0,Computer-aided diagnosis using white shark optimizer with attention-based deep learning for breast cancer classification,R K Chandana Mani;J Kamalakannan,Journal of Intelligent & Fuzzy Systems,IOS Press (bought by Sage November 2023),2023-05-30,10.3233/jifs-231776,Computer-Aided Content or Computer-Generated Content;Concerns/Issues about Referencing/Attributions;Concerns/Issues about Third Party Involvement;Compromised Peer Review;Investigation by Journal/Publisher;Investigation by Third Party;Paper Mill;Unreliable Results and/or Conclusions;,(B/T) Computer Science;(B/T) Data Science;(B/T) Technology;(HSC) Medicine - Obstetrics/Gynecology;(HSC) Radiology/Imaging;
65085.0,Computer vision based human fall detection and classification for real-time videos,Aruna Jeganathan;Jeyalakshmi Chellaiah,Journal of Intelligent & Fuzzy Systems,IOS Press (bought by Sage November 2023),2023-08-04,10.3233/jifs-232842,Computer-Aided Content or Computer-Generated Content;Concerns/Issues about Authorship/Affiliation;Concerns/Issues about Referencing/Attributions;Concerns/Issues about Third Party Involvement;Compromised Peer Review;Investigation by Journal/Publisher;Investigation by Third Party;Paper Mill;Unreliable Results and/or Conclusions;,(B/T) Computer Science;(B/T) Data Science;(B/T) Technology;(HSC) Public Health and Safety;
65083.0,Comprehensive performance evaluation of high embankments in heavy-haul railways using an improved extension model with attribute reduction algorithm,Qi Zhang;Qian Su;Baosen Liu;Yanfei Pei;Zongyu Zhang;De Chen,Journal of Intelligent & Fuzzy Systems,IOS Press (bought by Sage November 2023),2022-11-14,10.3233/jifs-222562,Computer-Aided Content or Computer-Generated Content;Concerns/Issues about Authorship/Affiliation;Concerns/Issues about Referencing/Attributions;Concerns/Issues about Third Party Involvement;Compromised Peer Review;Investigation by Journal/Publisher;Investigation by Third Party;Paper Mill;Unreliable Results and/or Conclusions;,(B/T) Computer Science;(B/T) Data Science;(B/T) Technology;(B/T) Transportation;
65082.0,Communication signal detection based on high-order cumulants time-frequency analysis: on the application of deep learning YOLOV5 network,Huimin Long;Hang Zheng;Ming Chen;Chengjian Liu,Journal of Intelligent & Fuzzy Systems,IOS Press (bought by Sage November 2023),2024-04-16,10.3233/jifs-237988,Computer-Aided Content or Computer-Generated Content;Concerns/Issues about Referencing/Attributions;Concerns/Issues about Third Party Involvement;Compromised Peer Review;Investigation by Journal/Publisher;Investigation by Third Party;Paper Mill;Unreliable Results and/or Conclusions;,(B/T) Computer Science;(B/T) Data Science;(B/T) Technology;
65081.0,Combining grey relation analysis with MCGDM to evaluate the higher education management quality with interval-valued neutrosophic sets,Xiaona Geng;Xiaonan Geng,Journal of Intelligent & Fuzzy Systems,IOS Press (bought by Sage November 2023),2023-06-09,10.3233/jifs-232146,Computer-Aided Content or Computer-Generated Content;Concerns/Issues about Referencing/Attributions;Concerns/Issues about Third Party Involvement;Compromised Peer Review;Investigation by Journal/Publisher;Investigation by Third Party;Paper Mill;Unreliable Results and/or Conclusions;,(B/T) Computer Science;(B/T) Data Science;(B/T) Technology;
65080.0,Combinatorial optimization of C4 olefin production conditions based on interpretable LSSVM& TPE,Yancong Zhou;Chenheng Xu;Yongqiang Chen;Shanshan Li;Zhen Guo,Journal of Intelligent & Fuzzy Systems,IOS Press (bought by Sage November 2023),2024-04-30,10.3233/jifs-235144,Computer-Aided Content or Computer-Generated Content;Concerns/Issues about Authorship/Affiliation;Concerns/Issues about Referencing/Attributions;Concerns/Issues about Third Party Involvement;Compromised Peer Review;Investigation by Journal/Publisher;Investigation by Third Party;Paper Mill;Unreliable Results and/or Conclusions;,(B/T) Computer Science;(B/T) Data Science;(B/T) Technology;
65076.0,Classifying the bacterial taxonomy with its metagenomic data using the deep neural network model,Ramakrishnan Raman;Amit Barve;R Meenakshi;G M Jayaseelan;P Ganeshan;Syed Noeman Taqui;Hesham S Almoallim;Sulaiman Ali Alharbi;S S Raghavan,Journal of Intelligent & Fuzzy Systems,IOS Press (bought by Sage November 2023),2023-08-10,10.3233/jifs-231897,Computer-Aided Content or Computer-Generated Content;Concerns/Issues about Authorship/Affiliation;Concerns/Issues about Referencing/Attributions;Concerns/Issues about Third Party Involvement;Compromised Peer Review;Investigation by Journal/Publisher;Investigation by Third Party;Paper Mill;Unreliable Results and/or Conclusions;,(B/T) Computer Science;(B/T) Data Science;(B/T) Technology;(BLS) Microbiology;
65075.0,Chebyshev polynimal dempster convolutional hearing sensitivity level detection with auditory evoked potentials,K M Kirthika;M P Paulraj;C R Hema,Journal of Intelligent & Fuzzy Systems,IOS Press (bought by Sage November 2023),2023-06-19,10.3233/jifs-212853,Computer-Aided Content or Computer-Generated Content;Concerns/Issues about Authorship/Affiliation;Concerns/Issues about Referencing/Attributions;Concerns/Issues about Third Party Involvement;Compromised Peer Review;Investigation by Journal/Publisher;Investigation by Third Party;Paper Mill;Unreliable Results and/or Conclusions;,(B/T) Computer Science;(B/T) Data Science;(B/T) Technology;
65074.0,Cataract classification and grading in federated learning environment using CNN based Modified-ResNet-50,A Essaki Muthu;K Saravanan,Journal of Intelligent & Fuzzy Systems,IOS Press (bought by Sage November 2023),2024-01-29,10.3233/jifs-223465,Computer-Aided Content or Computer-Generated Content;Concerns/Issues about Authorship/Affiliation;Concerns/Issues about Referencing/Attributions;Concerns/Issues about Third Party Involvement;Compromised Peer Review;Investigation by Journal/Publisher;Investigation by Third Party;Paper Mill;Unreliable Results and/or Conclusions;,(B/T) Computer Science;(B/T) Data Science;(B/T) Technology;
65073.0,CADC-FPRLE: Content-aware deduplication clustering analysis using file partitioning and a running length encoder for cloud storage optimization,L Shakkeera;B Dhiyanesh;A Asha;G Kiruthiga,Journal of Intelligent & Fuzzy Systems,IOS Press (bought by Sage November 2023),2024-03-08,10.3233/jifs-231223,Computer-Aided Content or Computer-Generated Content;Concerns/Issues about Authorship/Affiliation;Concerns/Issues about Referencing/Attributions;Concerns/Issues about Third Party Involvement;Compromised Peer Review;Investigation by Journal/Publisher;Investigation by Third Party;Paper Mill;Unreliable Results and/or Conclusions;,(B/T) Computer Science;(B/T) Data Science;(B/T) Technology;
65072.0,Bridging the gap in biomedical information retrieval: Harnessing machine learning for enhanced search results and query semantics,P Madhubala;Hayder M A Ghanimi;Sudhakar Sengan;Kumar Abhishek,Journal of Intelligent & Fuzzy Systems,IOS Press (bought by Sage November 2023),2024-02-27,10.3233/jifs-237056,Computer-Aided Content or Computer-Generated Content;Concerns/Issues about Authorship/Affiliation;Concerns/Issues about Referencing/Attributions;Concerns/Issues about Third Party Involvement;Compromised Peer Review;Investigation by Journal/Publisher;Investigation by Third Party;Paper Mill;Unreliable Results and/or Conclusions;,(B/T) Computer Science;(B/T) Data Science;(B/T) Technology;(HSC) Medicine - General;
65067.0,Breast cancer diagnosis using Orca predation optimization algorithm,P Kaladevi;V V Punitha;D Muthusankar;R Praveen,Journal of Intelligent & Fuzzy Systems,IOS Press (bought by Sage November 2023),2023-06-17,10.3233/jifs-231176,Computer-Aided Content or Computer-Generated Content;Concerns/Issues about Authorship/Affiliation;Concerns/Issues about Referencing/Attributions;Concerns/Issues about Third Party Involvement;Compromised Peer Review;Investigation by Journal/Publisher;Investigation by Third Party;Paper Mill;Unreliable Results and/or Conclusions;,(B/T) Computer Science;(B/T) Data Science;(B/T) Technology;(HSC) Medicine - Obstetrics/Gynecology;(HSC) Radiology/Imaging;
65065.0,Boltzmann stacked classification data mining model for the student performance improvement in academic performance,G Sugin Lal;R Porkodi,Journal of Intelligent & Fuzzy Systems,IOS Press (bought by Sage November 2023),2024-02-17,10.3233/jifs-235350,Computer-Aided Content or Computer-Generated Content;Concerns/Issues about Referencing/Attributions;Concerns/Issues about Third Party Involvement;Compromised Peer Review;Investigation by Journal/Publisher;Investigation by Third Party;Paper Mill;Unreliable Results and/or Conclusions;,(B/T) Computer Science;(B/T) Data Science;(B/T) Technology;(SOC) Education;
65064.0,Bipolar valued probabilistic hesitant fuzzy sets based on Generalized Hybrid Operators in multi-criteria decision-making problems based on TOPSIS,Şerif Özlü;Ashraf Al-Quran;Muhammad Riaz,Journal of Intelligent & Fuzzy Systems,IOS Press (bought by Sage November 2023),2024-03-08,10.3233/jifs-238331,Computer-Aided Content or Computer-Generated Content;Concerns/Issues about Authorship/Affiliation;Concerns/Issues about Referencing/Attributions;Concerns/Issues about Third Party Involvement;Compromised Peer Review;Investigation by Journal/Publisher;Investigation by Third Party;Paper Mill;Unreliable Results and/or Conclusions;,(B/T) Computer Science;(B/T) Data Science;(B/T) Technology;
65062.0,Bilateral fuzzy sets and their three-way decisions: a new perspective of fuzzy logic,Yu Gao;Qinghua Zhang;Fan Zhao;Man Gao,Journal of Intelligent & Fuzzy Systems,IOS Press (bought by Sage November 2023),2023-05-22,10.3233/jifs-230638,Computer-Aided Content or Computer-Generated Content;Concerns/Issues about Authorship/Affiliation;Concerns/Issues about Referencing/Attributions;Concerns/Issues about Third Party Involvement;Compromised Peer Review;Investigation by Journal/Publisher;Investigation by Third Party;Paper Mill;Unreliable Results and/or Conclusions;,(B/T) Computer Science;(B/T) Data Science;(B/T) Technology;
65061.0,Big data-assisted student’s English learning ability appraisal model using fuzzy logic system,Lin Fan;Wenli Wang,Journal of Intelligent & Fuzzy Systems,IOS Press (bought by Sage November 2023),2024-03-08,10.3233/jifs-232619,Computer-Aided Content or Computer-Generated Content;Concerns/Issues about Authorship/Affiliation;Concerns/Issues about Referencing/Attributions;Concerns/Issues about Third Party Involvement;Compromised Peer Review;Investigation by Journal/Publisher;Investigation by Third Party;Paper Mill;Unreliable Results and/or Conclusions;,(B/T) Computer Science;(B/T) Data Science;(B/T) Technology;(SOC) Education;(SOC) Linguistics;
65060.0,Big data clustering using fuzzy based energy efficient clustering and MobileNet V2,Lakshmi Srinivasulu Dandugala;Koneru Suvarna Vani,Journal of Intelligent & Fuzzy Systems,IOS Press (bought by Sage November 2023),2023-10-31,10.3233/jifs-230387,Computer-Aided Content or Computer-Generated Content;Concerns/Issues about Authorship/Affiliation;Concerns/Issues about Referencing/Attributions;Concerns/Issues about Third Party Involvement;Compromised Peer Review;Investigation by Journal/Publisher;Investigation by Third Party;Paper Mill;Unreliable Results and/or Conclusions;,(B/T) Computer Science;(B/T) Data Science;(B/T) Technology;(PHY) Energy;
65059.0,Better health – A comprehensive and profound research about physical strength consumption estimation methods using machine learning,Liping Lang;David Thuente;Xiao Ma,Journal of Intelligent & Fuzzy Systems,IOS Press (bought by Sage November 2023),2023-07-20,10.3233/jifs-231691,Computer-Aided Content or Computer-Generated Content;Concerns/Issues about Authorship/Affiliation;Concerns/Issues about Referencing/Attributions;Concerns/Issues about Third Party Involvement;Compromised Peer Review;Investigation by Journal/Publisher;Investigation by Third Party;Paper Mill;Unreliable Results and/or Conclusions;,(B/T) Computer Science;(B/T) Data Science;(B/T) Technology;(HSC) Medicine - General;
65057.0,Automatic analysis of public health service text based on character level convolutional neural network,Rui Feng;Lie’en Weng,Journal of Intelligent & Fuzzy Systems,IOS Press (bought by Sage November 2023),2024-01-29,10.3233/jifs-236470,Computer-Aided Content or Computer-Generated Content;Concerns/Issues about Authorship/Affiliation;Concerns/Issues about Referencing/Attributions;Concerns/Issues about Third Party Involvement;Compromised Peer Review;Investigation by Journal/Publisher;Investigation by Third Party;Paper Mill;Unreliable Results and/or Conclusions;,(B/T) Computer Science;(B/T) Data Science;(B/T) Technology;(HSC) Public Health and Safety;
65056.0,Automated diagnosis of acute cerebral ischemic stroke lesions from diffusion-weighted magnetic resonance images in assessment with modified Rankin Scale,R Geetha;E Priya;Kavitha Sivakumar,Journal of Intelligent & Fuzzy Systems,IOS Press (bought by Sage November 2023),2024-04-16,10.3233/jifs-233883,Computer-Aided Content or Computer-Generated Content;Concerns/Issues about Authorship/Affiliation;Concerns/Issues about Referencing/Attributions;Concerns/Issues about Third Party Involvement;Compromised Peer Review;Investigation by Journal/Publisher;Investigation by Third Party;Paper Mill;Unreliable Results and/or Conclusions;,(B/T) Computer Science;(B/T) Data Science;(B/T) Technology;(HSC) Medicine - Neurology;(HSC) Radiology/Imaging;
65055.0,Automated classification of MRI images for mild cognitive impairment and Alzheimer’s disease detection using log gabor filters based deep meta-heuristic classification,A S Shanthi;G Ignisha Rajathi;R Velumani;K Srihari,Journal of Intelligent & Fuzzy Systems,IOS Press (bought by Sage November 2023),2023-10-11,10.3233/jifs-235118,Computer-Aided Content or Computer-Generated Content;Concerns/Issues about Authorship/Affiliation;Concerns/Issues about Referencing/Attributions;Concerns/Issues about Third Party Involvement;Compromised Peer Review;Investigation by Journal/Publisher;Investigation by Third Party;Paper Mill;Unreliable Results and/or Conclusions;,(B/T) Data Science;(HSC) Medicine - Neurology;(HSC) Radiology/Imaging;
65053.0,Attribute preserving recommendation system based on graph attention mechanism,M Sangeetha;Meera Devi Thiagarajan,Journal of Intelligent & Fuzzy Systems,IOS Press (bought by Sage November 2023),2023-03-21,10.3233/jifs-223775,Computer-Aided Content or Computer-Generated Content;Concerns/Issues about Authorship/Affiliation;Concerns/Issues about Referencing/Attributions;Concerns/Issues about Third Party Involvement;Compromised Peer Review;Investigation by Journal/Publisher;Investigation by Third Party;Paper Mill;Unreliable Results and/or Conclusions;,(B/T) Business - Marketing;(B/T) Data Science;
65050.0,Applying dimensionality reduction methods to extract physiological and diagnostic features for clinical Hyperspectral Images,V Lalitha;B Latha,Journal of Intelligent & Fuzzy Systems,IOS Press (bought by Sage November 2023),2024-03-15,10.3233/jifs-236935,Computer-Aided Content or Computer-Generated Content;Concerns/Issues about Authorship/Affiliation;Concerns/Issues about Referencing/Attributions;Concerns/Issues about Third Party Involvement;Compromised Peer Review;Investigation by Journal/Publisher;Investigation by Third Party;Paper Mill;Unreliable Results and/or Conclusions;,(B/T) Data Science;(HSC) Medicine - Oncology;(HSC) Medicine - Pathology;(HSC) Radiology/Imaging;
65046.0,Application of fuzzy prediction control model based on neural network in teaching resource recommendation and matching,Shuai Shao;Dongwei Li,Journal of Intelligent & Fuzzy Systems,IOS Press (bought by Sage November 2023),2024-03-23,10.3233/jifs-233265,Computer-Aided Content or Computer-Generated Content;Concerns/Issues about Authorship/Affiliation;Concerns/Issues about Referencing/Attributions;Concerns/Issues about Third Party Involvement;Compromised Peer Review;Investigation by Journal/Publisher;Investigation by Third Party;Paper Mill;Unreliable Results and/or Conclusions;,(B/T) Data Science;(SOC) Education;
65045.0,Application of facial expression recognition technology based on feature fusion in teaching,Xiangyu Deng;Yiman Hu;Yahan Yang,Journal of Intelligent & Fuzzy Systems,IOS Press (bought by Sage November 2023),2024-02-06,10.3233/jifs-237143,Computer-Aided Content or Computer-Generated Content;Concerns/Issues about Authorship/Affiliation;Concerns/Issues about Referencing/Attributions;Concerns/Issues about Third Party Involvement;Compromised Peer Review;Investigation by Journal/Publisher;Investigation by Third Party;Paper Mill;Unreliable Results and/or Conclusions;,(B/T) Data Science;(SOC) Education;
65034.0,An optimization of the fully fuzzy transportation problem with triangular type-2 fuzzy parameters using novel ranking technique,J Jansi Rani;A Manivannan,Journal of Intelligent & Fuzzy Systems,IOS Press (bought by Sage November 2023),2024-04-23,10.3233/jifs-237652,Computer-Aided Content or Computer-Generated Content;Concerns/Issues about Authorship/Affiliation;Concerns/Issues about Referencing/Attributions;Concerns/Issues about Third Party Involvement;Compromised Peer Review;Investigation by Journal/Publisher;Investigation by Third Party;Paper Mill;Unreliable Results and/or Conclusions;,(B/T) Computer Science;(B/T) Data Science;(B/T) Technology;
65033.0,Analysis of interval type-2 fuzzy controller based interleaved sepic PFC converter for PQ enhancement in power solutions,P Muthu Thiruvengadam;J Gnanavadivel,Journal of Intelligent & Fuzzy Systems,IOS Press (bought by Sage November 2023),2024-04-28,10.3233/jifs-212729,Computer-Aided Content or Computer-Generated Content;Concerns/Issues about Authorship/Affiliation;Concerns/Issues about Referencing/Attributions;Concerns/Issues about Third Party Involvement;Compromised Peer Review;Investigation by Journal/Publisher;Investigation by Third Party;Paper Mill;Unreliable Results and/or Conclusions;,(B/T) Computer Science;(B/T) Data Science;(B/T) Technology;
65024.0,An optimal deep learning-based framework for the detection and classification of android malware,S Jebin Bose;R Kalaiselvi,Journal of Intelligent & Fuzzy Systems,IOS Press (bought by Sage November 2023),2023-03-15,10.3233/jifs-230186,Computer-Aided Content or Computer-Generated Content;Concerns/Issues about Authorship/Affiliation;Concerns/Issues about Referencing/Attributions;Concerns/Issues about Third Party Involvement;Compromised Peer Review;Investigation by Journal/Publisher;Investigation by Third Party;Paper Mill;Unreliable Results and/or Conclusions;,(B/T) Data Science;(B/T) Technology;
65022.0,An optimal cooperative relay selection strategy for delay aware image transmission in large scale multi-radio multi-channel multimedia wireless sensor network,Praveen Kumar Devulapalli;Srikanth Boppidi;Pothalaiah Sake;Jagadeesh Chandra Prasad Matta;Dhanalakshmi Gopal;Sushanth Babu Maganti,Journal of Intelligent & Fuzzy Systems,IOS Press (bought by Sage November 2023),2024-02-16,10.3233/jifs-234312,Computer-Aided Content or Computer-Generated Content;Concerns/Issues about Authorship/Affiliation;Concerns/Issues about Referencing/Attributions;Concerns/Issues about Third Party Involvement;Compromised Peer Review;Investigation by Journal/Publisher;Investigation by Third Party;Paper Mill;Unreliable Results and/or Conclusions;,(B/T) Computer Science;(PHY) Engineering - Electrical;
65021.0,An intrusion detection system based on hybrid machine learning classifier,M Reji;Christeena Joseph;P Nancy;A Lourdes Mary,Journal of Intelligent & Fuzzy Systems,IOS Press (bought by Sage November 2023),2022-11-22,10.3233/jifs-222427,Computer-Aided Content or Computer-Generated Content;Concerns/Issues about Authorship/Affiliation;Concerns/Issues about Referencing/Attributions;Concerns/Issues about Third Party Involvement;Compromised Peer Review;Investigation by Journal/Publisher;Investigation by Third Party;Paper Mill;Unreliable Results and/or Conclusions;,(B/T) Data Science;(B/T) Technology;
65016.0,An integrated methodology for enterprise financial management capability evaluation based on EDAS technique and group decision making,Li Mu,Journal of Intelligent & Fuzzy Systems,IOS Press (bought by Sage November 2023),2023-12-01,10.3233/jifs-233395,Computer-Aided Content or Computer-Generated Content;Concerns/Issues about Authorship/Affiliation;Concerns/Issues about Referencing/Attributions;Concerns/Issues about Third Party Involvement;Compromised Peer Review;Investigation by Journal/Publisher;Investigation by Third Party;Paper Mill;Unreliable Results and/or Conclusions;,(B/T) Business - Economics;(B/T) Computer Science;(B/T) Data Science;(B/T) Technology;
65014.0,An integrated group decision-making framework for evaluating the urban fire emergency management capability based on PDHLWPHM and PDHLWPGHM operator,Fan Lei;Qiang Cai;Hongjun Wang;Guiwu Wei;Zhiwen Mo,Journal of Intelligent & Fuzzy Systems,IOS Press (bought by Sage November 2023),2023-12-26,10.3233/jifs-230485,Computer-Aided Content or Computer-Generated Content;Concerns/Issues about Authorship/Affiliation;Concerns/Issues about Referencing/Attributions;Concerns/Issues about Third Party Involvement;Compromised Peer Review;Investigation by Journal/Publisher;Investigation by Third Party;Paper Mill;Unreliable Results and/or Conclusions;,(B/T) Computer Science;(B/T) Data Science;(B/T) Technology;
65013.0,An integrated group decision making framework for business performance evaluation of performing arts enterprises with probabilistic hesitant fuzzy IDOCRIW-MOOSRA method,Fang Hu,Journal of Intelligent & Fuzzy Systems,IOS Press (bought by Sage November 2023),2023-12-01,10.3233/jifs-224342,Computer-Aided Content or Computer-Generated Content;Concerns/Issues about Authorship/Affiliation;Concerns/Issues about Referencing/Attributions;Concerns/Issues about Third Party Involvement;Compromised Peer Review;Investigation by Journal/Publisher;Investigation by Third Party;Paper Mill;Unreliable Results and/or Conclusions;,(B/T) Business - General;(B/T) Computer Science;(B/T) Data Science;(B/T) Technology;
65012.0,An integrated framework for community medical and health services evaluation with fuzzy number intuitionistic fuzzy sets,Chengyutong Zhang;Jie Tian,Journal of Intelligent & Fuzzy Systems,IOS Press (bought by Sage November 2023),2023-08-03,10.3233/jifs-231700,Computer-Aided Content or Computer-Generated Content;Concerns/Issues about Authorship/Affiliation;Concerns/Issues about Referencing/Attributions;Concerns/Issues about Third Party Involvement;Compromised Peer Review;Investigation by Journal/Publisher;Investigation by Third Party;Paper Mill;Unreliable Results and/or Conclusions;,(B/T) Computer Science;(B/T) Data Science;(B/T) Technology;(HSC) Medicine - General;
65011.0,An integrated description of election information using domination and dual domination in picture fuzzy graph,Sami Ullah Khan;Samer Al Ghour;Shoukat Hussain;Maha Mohammed Saeed;Fiaz Hussain;Arif Mehmood;Choonkil Park,Journal of Intelligent & Fuzzy Systems,IOS Press (bought by Sage November 2023),2023-11-01,10.3233/jifs-230918,Computer-Aided Content or Computer-Generated Content;Concerns/Issues about Referencing/Attributions;Concerns/Issues about Third Party Involvement;Compromised Peer Review;False/Forged Authorship;Investigation by Journal/Publisher;Investigation by Third Party;Paper Mill;Unreliable Results and/or Conclusions;,(B/T) Computer Science;(B/T) Data Science;(B/T) Technology;
65010.0,An integrated decision-making methodology for green supplier selection based on the improved IVIF-CPT-MABAC method,Jing Wang;Qiang Cai;Hongjun Wang;Guiwu Wei;Ningna Liao,Journal of Intelligent & Fuzzy Systems,IOS Press (bought by Sage November 2023),2023-03-04,10.3233/jifs-224206,Computer-Aided Content or Computer-Generated Content;Concerns/Issues about Authorship/Affiliation;Concerns/Issues about Referencing/Attributions;Concerns/Issues about Third Party Involvement;Compromised Peer Review;Investigation by Journal/Publisher;Investigation by Third Party;Paper Mill;Unreliable Results and/or Conclusions;,(B/T) Business - General;(B/T) Computer Science;(B/T) Data Science;(B/T) Technology;
65009.0,An integrated decision-making framework for blended teaching quality evaluation in college English courses based on the double-valued neutrosophic sets,Lin Wei,Journal of Intelligent & Fuzzy Systems,IOS Press (bought by Sage November 2023),2023-06-11,10.3233/jifs-224389,Computer-Aided Content or Computer-Generated Content;Concerns/Issues about Authorship/Affiliation;Concerns/Issues about Referencing/Attributions;Concerns/Issues about Third Party Involvement;Compromised Peer Review;Investigation by Journal/Publisher;Investigation by Third Party;Paper Mill;Unreliable Results and/or Conclusions;,(B/T) Computer Science;(B/T) Data Science;(B/T) Technology;(SOC) Education;(SOC) Linguistics;
65007.0,An integrated decision approach with triangular fuzzy neutrosophic sets for higher vocational education quality evaluation in the new era,Qingyuan Feng,Journal of Intelligent & Fuzzy Systems,IOS Press (bought by Sage November 2023),2023-09-19,10.3233/jifs-234044,Computer-Aided Content or Computer-Generated Content;Concerns/Issues about Authorship/Affiliation;Concerns/Issues about Referencing/Attributions;Concerns/Issues about Third Party Involvement;Compromised Peer Review;Investigation by Journal/Publisher;Investigation by Third Party;Paper Mill;Unreliable Results and/or Conclusions;,(B/T) Computer Science;(B/T) Data Science;(B/T) Technology;(SOC) Education;
65006.0,An integrated CoCoSo-CRITIC-based decision-making framework for sustainable competitiveness evaluation of regional financial centers with interval-valued intuitionistic fuzzy information,Biqin Yang;Yu Deng,Journal of Intelligent & Fuzzy Systems,IOS Press (bought by Sage November 2023),2023-04-28,10.3233/jifs-222607,Computer-Aided Content or Computer-Generated Content;Concerns/Issues about Referencing/Attributions;Concerns/Issues about Third Party Involvement;Compromised Peer Review;Investigation by Journal/Publisher;Investigation by Third Party;Paper Mill;Unreliable Results and/or Conclusions;,(B/T) Business - General;(B/T) Computer Science;(B/T) Data Science;(B/T) Technology;
65005.0,An improved TOPSIS-based rank preservation approach for hesitant fuzzy information processing,Wenguang Yang;Baitong Ren;Bingbing Xu;Xiaona Pang;Ruitian Liu,Journal of Intelligent & Fuzzy Systems,IOS Press (bought by Sage November 2023),2023-06-26,10.3233/jifs-230713,Computer-Aided Content or Computer-Generated Content;Concerns/Issues about Authorship/Affiliation;Concerns/Issues about Referencing/Attributions;Concerns/Issues about Third Party Involvement;Compromised Peer Review;Investigation by Journal/Publisher;Investigation by Third Party;Paper Mill;Unreliable Results and/or Conclusions;,(B/T) Computer Science;(B/T) Data Science;(B/T) Technology;
65004.0,An improved TODIM-TOPSIS method for quality evaluation of college students employment and entrepreneurship education with probabilistic hesitant fuzzy sets,Lijuan Zhao;Shuo Du,Journal of Intelligent & Fuzzy Systems,IOS Press (bought by Sage November 2023),2023-08-14,10.3233/jifs-233929,Computer-Aided Content or Computer-Generated Content;Concerns/Issues about Authorship/Affiliation;Concerns/Issues about Referencing/Attributions;Concerns/Issues about Third Party Involvement;Compromised Peer Review;Investigation by Journal/Publisher;Investigation by Third Party;Paper Mill;Unreliable Results and/or Conclusions;,(B/T) Business - General;(B/T) Computer Science;(B/T) Data Science;(B/T) Technology;(SOC) Education;
65003.0,An improved quantum particle swarm algorithm for solving multi-objective fuzzy flexible job shop scheduling problem,Weiling Liu;Jinliang Xu;Guoqing Ren;Yanjun Xiao,Journal of Intelligent & Fuzzy Systems,IOS Press (bought by Sage November 2023),2023-07-05,10.3233/jifs-231640,Computer-Aided Content or Computer-Generated Content;Concerns/Issues about Authorship/Affiliation;Concerns/Issues about Referencing/Attributions;Concerns/Issues about Third Party Involvement;Compromised Peer Review;Investigation by Journal/Publisher;Investigation by Third Party;Paper Mill;Unreliable Results and/or Conclusions;,(B/T) Computer Science;(B/T) Data Science;(B/T) Technology;
65002.0,An improved GRA algorithm for teaching quality evaluation of college physical education based on the probabilistic simplified neutrosophic sets,Kelian Gao;Fangqing Yu,Journal of Intelligent & Fuzzy Systems,IOS Press (bought by Sage November 2023),2023-06-26,10.3233/jifs-231728,Computer-Aided Content or Computer-Generated Content;Concerns/Issues about Authorship/Affiliation;Concerns/Issues about Referencing/Attributions;Concerns/Issues about Third Party Involvement;Compromised Peer Review;Investigation by Journal/Publisher;Investigation by Third Party;Paper Mill;Unreliable Results and/or Conclusions;,(B/T) Computer Science;(B/T) Data Science;(B/T) Technology;(SOC) Education;(SOC) Sports and Recreation;
65001.0,An improved CLVA method for evaluating the endurance quality level of young male basketball players with 2-tuple linguistic neutrosophic information,Haibo Zhang,Journal of Intelligent & Fuzzy Systems,IOS Press (bought by Sage November 2023),2023-05-09,10.3233/jifs-224327,Computer-Aided Content or Computer-Generated Content;Concerns/Issues about Authorship/Affiliation;Concerns/Issues about Referencing/Attributions;Concerns/Issues about Third Party Involvement;Compromised Peer Review;Investigation by Journal/Publisher;Investigation by Third Party;Paper Mill;Unreliable Results and/or Conclusions;,(B/T) Computer Science;(B/T) Data Science;(B/T) Technology;(SOC) Sports and Recreation;
65000.0,An ExpTODIM-GRA based multiple attribute group decision-making method for development level evaluation of digital inclusive finance under intuitionistic fuzzy circumstances,Yu Deng;Wenxia Zhang,Journal of Intelligent & Fuzzy Systems,IOS Press (bought by Sage November 2023),2023-09-21,10.3233/jifs-234827,Computer-Aided Content or Computer-Generated Content;Concerns/Issues about Referencing/Attributions;Concerns/Issues about Third Party Involvement;Compromised Peer Review;Investigation by Journal/Publisher;Investigation by Third Party;Paper Mill;Unreliable Results and/or Conclusions;,(B/T) Business - Economics;(B/T) Computer Science;(B/T) Data Science;(B/T) Technology;
64999.0,An energy efficient Dantzig Wolfe Decomposition based parallel optimization for software-defined industrial IoT,S Sathish;K Kavitha;J Poongodi,Journal of Intelligent & Fuzzy Systems,IOS Press (bought by Sage November 2023),2022-11-03,10.3233/jifs-221776,Computer-Aided Content or Computer-Generated Content;Concerns/Issues about Authorship/Affiliation;Concerns/Issues about Referencing/Attributions;Concerns/Issues about Third Party Involvement;Compromised Peer Review;Investigation by Journal/Publisher;Investigation by Third Party;Paper Mill;Unreliable Results and/or Conclusions;,(B/T) Computer Science;(B/T) Data Science;(B/T) Technology;
64997.0,An early warning method for abnormal behavior of college students based on multimodal fusion and improved decision tree,Yubiao Wang;Junhao Wen;Wei Zhou;Bamei Tao;Quanwang Wu;Chunlei Fu;Heng Li,Journal of Intelligent & Fuzzy Systems,IOS Press (bought by Sage November 2023),2023-08-30,10.3233/jifs-231509,Computer-Aided Content or Computer-Generated Content;Concerns/Issues about Authorship/Affiliation;Concerns/Issues about Referencing/Attributions;Concerns/Issues about Third Party Involvement;Compromised Peer Review;Investigation by Journal/Publisher;Investigation by Third Party;Paper Mill;Unreliable Results and/or Conclusions;,(B/T) Computer Science;(B/T) Data Science;(B/T) Technology;(SOC) Education;
64996.0,An application development for smart monitoring of COVID patients using six stage microbiological health systems,Padavala Sai Prasad;Prabha Shreeraj Nair;Anagha Patil;Nilesh Madhukar Patil;Abhay Chaturvedi;Syed Noeman Taqui;Hesham S Almoallim;Sulaiman Ali Alharbi;S S Raghavan,Journal of Intelligent & Fuzzy Systems,IOS Press (bought by Sage November 2023),2023-06-27,10.3233/jifs-231899,Computer-Aided Content or Computer-Generated Content;Concerns/Issues about Authorship/Affiliation;Concerns/Issues about Referencing/Attributions;Concerns/Issues about Third Party Involvement;Compromised Peer Review;Investigation by Journal/Publisher;Investigation by Third Party;Paper Mill;Unreliable Results and/or Conclusions;,(B/T) Computer Science;(B/T) Data Science;(B/T) Technology;(HSC) Medicine - General;(HSC) Medicine - Infectious Disease;
64993.0,An advanced approach to operational quality evaluation for industry-finance integration enterprises based on integrated interval-valued intuitionistic fuzzy multi-attribute decision making,Cui Mao,Journal of Intelligent & Fuzzy Systems,IOS Press (bought by Sage November 2023),2023-12-28,10.3233/jifs-235820,Computer-Aided Content or Computer-Generated Content;Concerns/Issues about Authorship/Affiliation;Concerns/Issues about Referencing/Attributions;Concerns/Issues about Third Party Involvement;Compromised Peer Review;Investigation by Journal/Publisher;Investigation by Third Party;Paper Mill;Unreliable Results and/or Conclusions;,(B/T) Business - Economics;(B/T) Computer Science;(B/T) Data Science;(B/T) Technology;
64989.0,An adaptive model for smart grid evaluation using deep learning approaches,S Mahendran;B Gomathy,Journal of Intelligent & Fuzzy Systems,IOS Press (bought by Sage November 2023),2024-03-16,10.3233/jifs-212860,Computer-Aided Content or Computer-Generated Content;Concerns/Issues about Authorship/Affiliation;Concerns/Issues about Referencing/Attributions;Concerns/Issues about Third Party Involvement;Compromised Peer Review;Investigation by Journal/Publisher;Investigation by Third Party;Paper Mill;Unreliable Results and/or Conclusions;,(B/T) Computer Science;(B/T) Data Science;(B/T) Technology;(PHY) Energy;
64987.0,Advanced deep learning approach for enhancing crop disease detection in agriculture using hyperspectral imaging,Djabeur Mohamed Seifeddine Zekrifa;Dharmanna Lamani;Gogineni Krishna Chaitanya;K V Kanimozhi;Akash Saraswat;D Sugumar;D Vetrithangam;Ashok Kumar Koshariya;Manthur Sreeramulu Manjunath;A Rajaram,Journal of Intelligent & Fuzzy Systems,IOS Press (bought by Sage November 2023),2023-12-13,10.3233/JIFS-235582,Computer-Aided Content or Computer-Generated Content;Concerns/Issues about Authorship/Affiliation;Concerns/Issues about Referencing/Attributions;Concerns/Issues about Third Party Involvement;Compromised Peer Review;Investigation by Journal/Publisher;Investigation by Third Party;Paper Mill;Unreliable Results and/or Conclusions;,(B/T) Computer Science;(B/T) Data Science;(B/T) Government;(B/T) Technology;(BLS) Agriculture;
64981.0,Additive-based concrete evaluation using categorical boosting method,Hao Bai;Wubin Wang;Hao Tang;Xin Li;Yinting Zhao;Dongqin Lv,Journal of Intelligent & Fuzzy Systems,IOS Press (bought by Sage November 2023),2024-05-03,10.3233/jifs-242189,Computer-Aided Content or Computer-Generated Content;Concerns/Issues about Authorship/Affiliation;Concerns/Issues about Referencing/Attributions;Concerns/Issues about Third Party Involvement;Compromised Peer Review;Investigation by Journal/Publisher;Investigation by Third Party;Paper Mill;Unreliable Results and/or Conclusions;,(B/T) Data Science;(PHY) Engineering - Structural;
64980.0,Adaptation challenges of edge computing model in educational institute,Alaa Fouad Momena;Kamal Hossain Gazi;Asesh Kumar Mukherjee;Soheil Salahshour;Arijit Ghosh;Sankar Prasad Mondal,Journal of Intelligent & Fuzzy Systems,IOS Press (bought by Sage November 2023),2024-04-28,10.3233/jifs-239887,Computer-Aided Content or Computer-Generated Content;Concerns/Issues about Authorship/Affiliation;Concerns/Issues about Referencing/Attributions;Concerns/Issues about Third Party Involvement;Compromised Peer Review;Investigation by Journal/Publisher;Investigation by Third Party;Paper Mill;Unreliable Results and/or Conclusions;,(B/T) Data Science;(SOC) Education;
64979.0,Abnormal-trajectory detection method based on sub-trajectory classification and outlier-factor acquisition,Dongsheng Xu;Chuanming Chen;Qi Jin;Ming Zheng;Tianjiao Ni;Qingying Yu,Journal of Intelligent & Fuzzy Systems,IOS Press (bought by Sage November 2023),2024-02-19,10.3233/jifs-236508,Computer-Aided Content or Computer-Generated Content;Concerns/Issues about Authorship/Affiliation;Concerns/Issues about Referencing/Attributions;Concerns/Issues about Third Party Involvement;Compromised Peer Review;Investigation by Journal/Publisher;Investigation by Third Party;Paper Mill;Unreliable Results and/or Conclusions;,(B/T) Data Science;(B/T) Technology;
64978.0,A three-way decision model associated with decision-theoretic rough fuzzy sets based on computing with words,Ning Wang;Ping Zhu,Journal of Intelligent & Fuzzy Systems,IOS Press (bought by Sage November 2023),2023-04-21,10.3233/jifs-224215,Computer-Aided Content or Computer-Generated Content;Concerns/Issues about Authorship/Affiliation;Concerns/Issues about Referencing/Attributions;Concerns/Issues about Third Party Involvement;Compromised Peer Review;Investigation by Journal/Publisher;Investigation by Third Party;Paper Mill;Unreliable Results and/or Conclusions;,(B/T) Data Science;
64975.0,A secured industrial wireless iot sensor network enabled quick transmission of data with a prototype study,O Pandithurai;S Urmela;S Murugesan;N Bharathiraja,Journal of Intelligent & Fuzzy Systems,IOS Press (bought by Sage November 2023),2023-04-26,10.3233/jifs-224174,Computer-Aided Content or Computer-Generated Content;Concerns/Issues about Authorship/Affiliation;Concerns/Issues about Referencing/Attributions;Concerns/Issues about Third Party Involvement;Compromised Peer Review;Investigation by Journal/Publisher;Investigation by Third Party;Paper Mill;Unreliable Results and/or Conclusions;,(B/T) Business - Manufacturing;(B/T) Computer Science;(B/T) Data Science;(ENV) Environmental Sciences;
64973.0,A privacy preservation data collection and access control using entropy-based conic curve,M Venkatesh Kumar;C Lakshmi,Journal of Intelligent & Fuzzy Systems,IOS Press (bought by Sage November 2023),2023-02-02,10.3233/jifs-223141,Computer-Aided Content or Computer-Generated Content;Concerns/Issues about Authorship/Affiliation;Concerns/Issues about Referencing/Attributions;Concerns/Issues about Third Party Involvement;Compromised Peer Review;Investigation by Journal/Publisher;Investigation by Third Party;Paper Mill;Unreliable Results and/or Conclusions;,(B/T) Computer Science;(B/T) Technology;
64972.0,"A novel threat assessment method for maritime defense integrating improved IT2FBWM, prospect theory and VIKOR under hybrid fuzzy environment",Junwen Ma;Wenhao Bi;Zeming Mao;An Zhang;Changhong Tang,Journal of Intelligent & Fuzzy Systems,IOS Press (bought by Sage November 2023),2023-12-27,10.3233/jifs-231675,Computer-Aided Content or Computer-Generated Content;Concerns/Issues about Authorship/Affiliation;Concerns/Issues about Referencing/Attributions;Concerns/Issues about Third Party Involvement;Compromised Peer Review;Investigation by Journal/Publisher;Investigation by Third Party;Paper Mill;Unreliable Results and/or Conclusions;,(B/T) Data Science;(PHY) Engineering - General;(SOC) Military/Naval Studies;
64950.0,A novel multi-attribute decision making method based on interval-valued fermatean fuzzy bonferroni mean operators,Xiuqin Ma;Huanling Sun;Hongwu Qin;Yibo Wang;Yan Zheng,Journal of Intelligent & Fuzzy Systems,IOS Press (bought by Sage November 2023),2024-01-03,10.3233/jifs-235495,Computer-Aided Content or Computer-Generated Content;Concerns/Issues about Authorship/Affiliation;Concerns/Issues about Referencing/Attributions;Concerns/Issues about Third Party Involvement;Compromised Peer Review;Investigation by Journal/Publisher;Investigation by Third Party;Paper Mill;Unreliable Results and/or Conclusions;,(B/T) Computer Science;(B/T) Data Science;(PHY) Mathematics;
64948.0,A novel MADM algorithm for teaching quality evaluation of college volleyball training based on 2-tuple linguistic neutrosophic numbers information operators,Haowen Wu;Fengshuo Rao,Journal of Intelligent & Fuzzy Systems,IOS Press (bought by Sage November 2023),2023-04-04,10.3233/jifs-212721,Computer-Aided Content or Computer-Generated Content;Concerns/Issues about Referencing/Attributions;Concerns/Issues about Third Party Involvement;Compromised Peer Review;False/Forged Authorship;Investigation by Journal/Publisher;Investigation by Third Party;Paper Mill;Unreliable Results and/or Conclusions;,(B/T) Computer Science;(B/T) Data Science;(PHY) Mathematics;(SOC) Education;(SOC) Sports and Recreation;
64947.0,A novel group decision making model based on Interval neutrosophic sets for product modeling design quality evaluation,Wei Chen;Hong Tang;Tingting Yan,Journal of Intelligent & Fuzzy Systems,IOS Press (bought by Sage November 2023),2023-09-06,10.3233/jifs-233825,Computer-Aided Content or Computer-Generated Content;Concerns/Issues about Authorship/Affiliation;Concerns/Issues about Referencing/Attributions;Concerns/Issues about Third Party Involvement;Compromised Peer Review;Investigation by Journal/Publisher;Investigation by Third Party;Paper Mill;Unreliable Results and/or Conclusions;,(B/T) Computer Science;(B/T) Data Science;(B/T) Technology;
64946.0,A novel framework for comprehensive value evaluation of cultural tourism resources with 2-tuple linguistic neutrosophic numbers multiple attribute decision making,Jundan Hou;Qian Liu;Qi Dong,Journal of Intelligent & Fuzzy Systems,IOS Press (bought by Sage November 2023),2023-08-14,10.3233/jifs-212826,Computer-Aided Content or Computer-Generated Content;Concerns/Issues about Authorship/Affiliation;Concerns/Issues about Referencing/Attributions;Concerns/Issues about Third Party Involvement;Compromised Peer Review;Investigation by Journal/Publisher;Investigation by Third Party;Paper Mill;Unreliable Results and/or Conclusions;,(B/T) Business - Marketing;(B/T) Computer Science;(B/T) Data Science;(SOC) Sports and Recreation;
64945.0,A novel approach to improve network validity using various soft computing techniques,R Lakshmana Kumar;R Subramanian;S Karthik,Journal of Intelligent & Fuzzy Systems,IOS Press (bought by Sage November 2023),2022-11-01,10.3233/jifs-212450,Computer-Aided Content or Computer-Generated Content;Concerns/Issues about Authorship/Affiliation;Concerns/Issues about Referencing/Attributions;Concerns/Issues about Third Party Involvement;Compromised Peer Review;Investigation by Journal/Publisher;Investigation by Third Party;Paper Mill;Unreliable Results and/or Conclusions;,(B/T) Computer Science;(B/T) Data Science;(B/T) Technology;
64942.0,A Note on: Some dual hesitant fuzzy Hamacher aggregation operators and their applications to multiple attribute decision making,Omirzhan Dawlet;Yan-Ling Bao,Journal of Intelligent & Fuzzy Systems,IOS Press (bought by Sage November 2023),2023-08-23,10.3233/jifs-230764,Computer-Aided Content or Computer-Generated Content;Concerns/Issues about Authorship/Affiliation;Concerns/Issues about Referencing/Attributions;Concerns/Issues about Third Party Involvement;Compromised Peer Review;Investigation by Journal/Publisher;Investigation by Third Party;Paper Mill;Unreliable Results and/or Conclusions;,(B/T) Computer Science;(B/T) Data Science;(B/T) Technology;
64940.0,A new piracy-resistant DNN watermarking method based on secret key and block-wise image transformations,Shun He;Chaorong Li;Xingjie Wang;Anping Zeng,Journal of Intelligent & Fuzzy Systems,IOS Press (bought by Sage November 2023),2024-04-13,10.3233/jifs-240274,Computer-Aided Content or Computer-Generated Content;Concerns/Issues about Authorship/Affiliation;Concerns/Issues about Referencing/Attributions;Concerns/Issues about Third Party Involvement;Compromised Peer Review;Investigation by Journal/Publisher;Investigation by Third Party;Paper Mill;Unreliable Results and/or Conclusions;,(B/T) Data Science;(B/T) Technology;
64936.0,A new framework for building agricultural domain-based ontologies from text documents using natural language processing and artificial intelligence techniques,Krithikha Sanju Saravanan;Velammal Bhagavathiappan,Journal of Intelligent & Fuzzy Systems,IOS Press (bought by Sage November 2023),2024-04-25,10.3233/jifs-237632,Computer-Aided Content or Computer-Generated Content;Concerns/Issues about Authorship/Affiliation;Concerns/Issues about Referencing/Attributions;Concerns/Issues about Third Party Involvement;Compromised Peer Review;Investigation by Journal/Publisher;Investigation by Third Party;Paper Mill;Unreliable Results and/or Conclusions;,(B/T) Data Science;(BLS) Agriculture;
64935.0,A multi-granularity hesitant fuzzy linguistic decision making VIKOR method based on entropy weight and information transformation,Jin Qian;Taotao Wang;Yuehua Lu;Ying Yu,Journal of Intelligent & Fuzzy Systems,IOS Press (bought by Sage November 2023),2024-01-31,10.3233/jifs-237951,Computer-Aided Content or Computer-Generated Content;Concerns/Issues about Authorship/Affiliation;Concerns/Issues about Referencing/Attributions;Concerns/Issues about Third Party Involvement;Compromised Peer Review;Investigation by Journal/Publisher;Investigation by Third Party;Paper Mill;Unreliable Results and/or Conclusions;,(B/T) Data Science;
64925.0,A multi-attribute decision-making framework for enterprise competitive intelligence system evaluation with 2-tuple linguistic neutrosophic information,Haoying Chen,Journal of Intelligent & Fuzzy Systems,IOS Press (bought by Sage November 2023),2023-07-12,10.3233/jifs-231768,Computer-Aided Content or Computer-Generated Content;Concerns/Issues about Authorship/Affiliation;Concerns/Issues about Referencing/Attributions;Concerns/Issues about Third Party Involvement;Compromised Peer Review;Investigation by Journal/Publisher;Investigation by Third Party;Paper Mill;Unreliable Results and/or Conclusions;,(B/T) Business - General;(B/T) Data Science;
64924.0,A multi-attribute decision making method for TODIM based on mixed correlation coefficients for probabilistic linguistic term sets,Huimin Xiao;Xiaosong Gao;Peng Yang;Meng Wei,Journal of Intelligent & Fuzzy Systems,IOS Press (bought by Sage November 2023),2023-07-28,10.3233/jifs-232042,Computer-Aided Content or Computer-Generated Content;Concerns/Issues about Authorship/Affiliation;Concerns/Issues about Referencing/Attributions;Concerns/Issues about Third Party Involvement;Compromised Peer Review;Investigation by Journal/Publisher;Investigation by Third Party;Paper Mill;Unreliable Results and/or Conclusions;,(B/T) Business - Management;(B/T) Data Science;
64923.0,A lightweight deep learning model based recommender system by sentiment analysis,Phaneendra Chiranjeevi;A Rajaram,Journal of Intelligent & Fuzzy Systems,IOS Press (bought by Sage November 2023),2023-04-06,10.3233/jifs-223871,Computer-Aided Content or Computer-Generated Content;Concerns/Issues about Authorship/Affiliation;Concerns/Issues about Referencing/Attributions;Concerns/Issues about Third Party Involvement;Compromised Peer Review;Investigation by Journal/Publisher;Investigation by Third Party;Paper Mill;Unreliable Results and/or Conclusions;,(B/T) Data Science;(B/T) Technology;(SOC) Communications;
64921.0,A hybrid model for text classification using part-of-speech features,Wang Zou;Wubo Zhang;Zhuofeng Tian;Wenhuan Wu,Journal of Intelligent & Fuzzy Systems,IOS Press (bought by Sage November 2023),2023-05-08,10.3233/jifs-231699,Computer-Aided Content or Computer-Generated Content;Concerns/Issues about Authorship/Affiliation;Concerns/Issues about Referencing/Attributions;Concerns/Issues about Third Party Involvement;Compromised Peer Review;Investigation by Journal/Publisher;Investigation by Third Party;Paper Mill;Unreliable Results and/or Conclusions;,(B/T) Data Science;(SOC) Linguistics;
64920.0,A hesitant fuzzy multiple-attribute decision-making method considering rank relation,Huimin Xiao;Peng Yang;Xifeng Ma;Meng Wei,Journal of Intelligent & Fuzzy Systems,IOS Press (bought by Sage November 2023),2023-06-05,10.3233/jifs-224231,Computer-Aided Content or Computer-Generated Content;Concerns/Issues about Authorship/Affiliation;Concerns/Issues about Referencing/Attributions;Concerns/Issues about Third Party Involvement;Compromised Peer Review;Investigation by Journal/Publisher;Investigation by Third Party;Paper Mill;Unreliable Results and/or Conclusions;,(B/T) Data Science;
64918.0,A generalized integrated group decision-making framework for computer network security evaluation with Interval Neutrosophic information,Hao Chen;Ze Su;Xiangqian Xu,Journal of Intelligent & Fuzzy Systems,IOS Press (bought by Sage November 2023),2023-08-30,10.3233/jifs-233181,Computer-Aided Content or Computer-Generated Content;Concerns/Issues about Referencing/Attributions;Concerns/Issues about Third Party Involvement;Compromised Peer Review;Investigation by Journal/Publisher;Investigation by Third Party;Paper Mill;Unreliable Results and/or Conclusions;,(B/T) Computer Science;(B/T) Data Science;(B/T) Technology;
64917.0,A flexible group decision-making method for informationization teaching ability evaluation of university teachers integrating ExpTODIM and GRA under interval neutrosophic environment,Liping Fu,Journal of Intelligent & Fuzzy Systems,IOS Press (bought by Sage November 2023),2023-11-17,10.3233/jifs-233192,Computer-Aided Content or Computer-Generated Content;Concerns/Issues about Authorship/Affiliation;Concerns/Issues about Referencing/Attributions;Concerns/Issues about Third Party Involvement;Compromised Peer Review;Investigation by Journal/Publisher;Investigation by Third Party;Paper Mill;Unreliable Results and/or Conclusions;,(B/T) Data Science;(SOC) Education;
64916.0,A flexible group decision-making method for green supplier selection integrating MABAC and CRITIC method under the linguistic Z-numbers environment,Bo Chen;Qiang Cai;Guiwu Wei;Zhiwen Mo,Journal of Intelligent & Fuzzy Systems,IOS Press (bought by Sage November 2023),2023-01-05,10.3233/jifs-223447,Computer-Aided Content or Computer-Generated Content;Concerns/Issues about Authorship/Affiliation;Concerns/Issues about Referencing/Attributions;Concerns/Issues about Third Party Involvement;Compromised Peer Review;Investigation by Journal/Publisher;Investigation by Third Party;Paper Mill;Unreliable Results and/or Conclusions;,(B/T) Business - Management;(B/T) Data Science;
64915.0,A decision-making framework for classroom teaching quality evaluation of college badminton training with 2-tuple linguistic neutrosophic numbers,Fu Chen,Journal of Intelligent & Fuzzy Systems,IOS Press (bought by Sage November 2023),2023-07-21,10.3233/jifs-231731,Computer-Aided Content or Computer-Generated Content;Concerns/Issues about Referencing/Attributions;Concerns/Issues about Third Party Involvement;Compromised Peer Review;Investigation by Journal/Publisher;Investigation by Third Party;Paper Mill;Unreliable Results and/or Conclusions;,(B/T) Data Science;(SOC) Education;(SOC) Sports and Recreation;
64914.0,A decision support method for designing the blended teaching effectiveness evaluation of English courses in universities based on interval-valued neutrosophic information,Yingzi Lei,Journal of Intelligent & Fuzzy Systems,IOS Press (bought by Sage November 2023),2023-06-12,10.3233/jifs-224475,Computer-Aided Content or Computer-Generated Content;Concerns/Issues about Authorship/Affiliation;Concerns/Issues about Referencing/Attributions;Concerns/Issues about Third Party Involvement;Compromised Peer Review;Investigation by Journal/Publisher;Investigation by Third Party;Paper Mill;Unreliable Results and/or Conclusions;,(B/T) Data Science;(SOC) Education;
64913.0,A Cuckoo search-based optimized ensemble model (CSOEM) for the analysis of human gait,Divya Thakur;Praveen Lalwani,Journal of Intelligent & Fuzzy Systems,IOS Press (bought by Sage November 2023),2023-09-21,10.3233/jifs-232986,Computer-Aided Content or Computer-Generated Content;Concerns/Issues about Authorship/Affiliation;Concerns/Issues about Referencing/Attributions;Concerns/Issues about Third Party Involvement;Compromised Peer Review;Investigation by Journal/Publisher;Investigation by Third Party;Paper Mill;Unreliable Results and/or Conclusions;,(B/T) Computer Science;(B/T) Data Science;(HSC) Sports Science;
64912.0,A composite entropy-based uncertainty measure guided attribute reduction for imbalanced mixed-type data,Wenhao Shu;Shipeng Li;Wenbin Qian,Journal of Intelligent & Fuzzy Systems,IOS Press (bought by Sage November 2023),2024-02-03,10.3233/jifs-237211,Computer-Aided Content or Computer-Generated Content;Concerns/Issues about Authorship/Affiliation;Concerns/Issues about Referencing/Attributions;Concerns/Issues about Third Party Involvement;Compromised Peer Review;Investigation by Journal/Publisher;Investigation by Third Party;Paper Mill;Unreliable Results and/or Conclusions;,(B/T) Data Science;
64911.0,A bearing fault diagnosis method based on LSTM-GAN and convolutional neural network under small sample variable working conditions,Mansong Rong;Yuan Wei;Zhijun Xiao;Hongchong Peng;Kai-Uwe Schröder,Journal of Intelligent & Fuzzy Systems,IOS Press (bought by Sage November 2023),2024-05-03,10.3233/jifs-240105,Computer-Aided Content or Computer-Generated Content;Concerns/Issues about Authorship/Affiliation;Concerns/Issues about Referencing/Attributions;Concerns/Issues about Third Party Involvement;Compromised Peer Review;Investigation by Journal/Publisher;Investigation by Third Party;Paper Mill;Unreliable Results and/or Conclusions;,(B/T) Data Science;(PHY) Engineering - Mechanical;
64900.0,A 2TLNS-based exponential TODIM-EDAS approach for evaluating sustainable development of cross-border e-commerce platforms under uncertainty,Fang Xu,Journal of Intelligent & Fuzzy Systems,IOS Press (bought by Sage November 2023),2024-01-11,10.3233/jifs-237170,Computer-Aided Content or Computer-Generated Content;Concerns/Issues about Authorship/Affiliation;Concerns/Issues about Referencing/Attributions;Concerns/Issues about Third Party Involvement;Compromised Peer Review;Investigation by Journal/Publisher;Investigation by Third Party;Paper Mill;Unreliable Results and/or Conclusions;,(B/T) Business - Management;(B/T) Data Science;
64898.0,XAutn: Blockchain-based cross domain authentication for digital certificates in the education sector,S Baghavathi Priya;P Sheela Rani;S P Chokkalingam;A Prathik;M Mohan;G Anitha;M Thangavel;S Suthir,Journal of Intelligent & Fuzzy Systems,IOS Press (bought by Sage November 2023),2023-11-01,10.3233/jifs-235140,Computer-Aided Content or Computer-Generated Content;Concerns/Issues about Referencing/Attributions;Concerns/Issues about Third Party Involvement;Compromised Peer Review;Investigation by Journal/Publisher;Investigation by Third Party;Paper Mill;Unreliable Results and/or Conclusions;,(B/T) Computer Science;(B/T) Technology;(SOC) Education;
64896.0,WELDP: Weighed Edge Local Directional Pattern for expression recognition from facial images,Kummari Ramyasree;Chennupati Sumanth Kumar,Journal of Intelligent & Fuzzy Systems,IOS Press (bought by Sage November 2023),2023-08-30,10.3233/jifs-232985,Computer-Aided Content or Computer-Generated Content;Concerns/Issues about Referencing/Attributions;Concerns/Issues about Third Party Involvement;Compromised Peer Review;Investigation by Journal/Publisher;Investigation by Third Party;Paper Mill;Unreliable Results and/or Conclusions;,(B/T) Data Science;
64883.0,Visual art evaluation methods in future digital works: From virtual reality to metaverse,Zhexian Hu,Journal of Intelligent & Fuzzy Systems,IOS Press (bought by Sage November 2023),2023-05-25,10.3233/jifs-223376,Computer-Aided Content or Computer-Generated Content;Concerns/Issues about Referencing/Attributions;Concerns/Issues about Third Party Involvement;Compromised Peer Review;Investigation by Journal/Publisher;Investigation by Third Party;Paper Mill;Unreliable Results and/or Conclusions;,(B/T) Data Science;(B/T) Technology;(HUM) Arts - General;
64879.0,VGGNet-Cnn based classification of white blood cell leukemia with efficient salp swarm optimization algorithm,S Amutha,Journal of Intelligent & Fuzzy Systems,IOS Press (bought by Sage November 2023),2022-12-24,10.3233/jifs-221302,Computer-Aided Content or Computer-Generated Content;Concerns/Issues about Referencing/Attributions;Concerns/Issues about Third Party Involvement;Compromised Peer Review;Investigation by Journal/Publisher;Investigation by Third Party;Paper Mill;Unreliable Results and/or Conclusions;,(B/T) Data Science;(HSC) Medicine - Oncology;(HSC) Medicine - Pathology;
64878.0,Vehicle health monitoring and accident avoidance system based on IoT model,Arunkumar Muthumanickam;Gomathy Balasubramanian;Venkatesh Chakrapani,Journal of Intelligent & Fuzzy Systems,IOS Press (bought by Sage November 2023),2022-11-04,10.3233/jifs-222719,Computer-Aided Content or Computer-Generated Content;Concerns/Issues about Referencing/Attributions;Concerns/Issues about Third Party Involvement;Compromised Peer Review;Investigation by Journal/Publisher;Investigation by Third Party;Paper Mill;Unreliable Results and/or Conclusions;,(B/T) Data Science;(B/T) Transportation;(HSC) Public Health and Safety;
64860.0,University blended English teaching based on big data analytics,Ying Qin,Journal of Intelligent & Fuzzy Systems,IOS Press (bought by Sage November 2023),2023-05-30,10.3233/jifs-230842,Computer-Aided Content or Computer-Generated Content;Concerns/Issues about Referencing/Attributions;Concerns/Issues about Third Party Involvement;Compromised Peer Review;Investigation by Journal/Publisher;Investigation by Third Party;Paper Mill;Unreliable Results and/or Conclusions;,(B/T) Data Science;(SOC) Education;(SOC) Linguistics;
64859.0,Uncertainty measurement for incomplete lattice-valued information system,Lixin Guo,Journal of Intelligent & Fuzzy Systems,IOS Press (bought by Sage November 2023),2024-01-09,10.3233/jifs-235777,Computer-Aided Content or Computer-Generated Content;Concerns/Issues about Referencing/Attributions;Concerns/Issues about Third Party Involvement;Compromised Peer Review;Investigation by Journal/Publisher;Investigation by Third Party;Paper Mill;Unreliable Results and/or Conclusions;,(B/T) Data Science;
64858.0,Uncertainty induced and preference involved aggregation in relative basic uncertain information decision environment,Chao Ma;Ronald R Yager;Jing Liu;Boris Yatsalo;Harish Garg;Tapan Senapati;Lesheng Jin,Journal of Intelligent & Fuzzy Systems,IOS Press (bought by Sage November 2023),2023-10-06,10.3233/jifs-231395,Computer-Aided Content or Computer-Generated Content;Concerns/Issues about Referencing/Attributions;Concerns/Issues about Third Party Involvement;Compromised Peer Review;False/Forged Authorship;Investigation by Journal/Publisher;Investigation by Third Party;Paper Mill;Unreliable Results and/or Conclusions;,(B/T) Business - Management;(B/T) Data Science;
64856.0,UIFSS: An aid for univariate data with large missing gap in IoT applications,Guggilam Venkata Vidyalakshmi;S Gopikrishnan,Journal of Intelligent & Fuzzy Systems,IOS Press (bought by Sage November 2023),2023-11-17,10.3233/jifs-233446,Computer-Aided Content or Computer-Generated Content;Concerns/Issues about Referencing/Attributions;Concerns/Issues about Third Party Involvement;Compromised Peer Review;Investigation by Journal/Publisher;Investigation by Third Party;Paper Mill;Unreliable Results and/or Conclusions;,(B/T) Data Science;(B/T) Technology;
64853.0,Tunnel boring machine performance assessment and prediction applying hybrid artificial intelligence,Hui Wang;Ensheng Liu;Hokai Wei,Journal of Intelligent & Fuzzy Systems,IOS Press (bought by Sage November 2023),2023-10-11,10.3233/jifs-232989,Computer-Aided Content or Computer-Generated Content;Concerns/Issues about Referencing/Attributions;Concerns/Issues about Third Party Involvement;Compromised Peer Review;Investigation by Journal/Publisher;Investigation by Third Party;Paper Mill;Unreliable Results and/or Conclusions;,(B/T) Data Science;(PHY) Engineering - Mechanical;
64849.0,Triangular Pythagorean fuzzy Bonferroni mean operators in multiple attribute decision making and applications to college English smart classroom teaching quality evaluation,Xianghong Rong,Journal of Intelligent & Fuzzy Systems,IOS Press (bought by Sage November 2023),2023-06-12,10.3233/jifs-232002,Computer-Aided Content or Computer-Generated Content;Concerns/Issues about Referencing/Attributions;Concerns/Issues about Third Party Involvement;Compromised Peer Review;Investigation by Journal/Publisher;Investigation by Third Party;Paper Mill;Unreliable Results and/or Conclusions;,(B/T) Data Science;(SOC) Education;
64848.0,Topological structures on cubic bipolar fuzzy sets with linear assignment model and SIR method for healthcare,Muhammad Riaz;Nimra Jamil,Journal of Intelligent & Fuzzy Systems,IOS Press (bought by Sage November 2023),2022-11-04,10.3233/jifs-222224,Computer-Aided Content or Computer-Generated Content;Concerns/Issues about Referencing/Attributions;Concerns/Issues about Third Party Involvement;Compromised Peer Review;Investigation by Journal/Publisher;Investigation by Third Party;Paper Mill;Unreliable Results and/or Conclusions;,(B/T) Data Science;(HSC) Medicine - General;
64846.0,Three-way concepts in the interval-valued formal contexts,Rongle Zhao;Xiao Tang,Journal of Intelligent & Fuzzy Systems,IOS Press (bought by Sage November 2023),2024-01-31,10.3233/jifs-236146,Computer-Aided Content or Computer-Generated Content;Concerns/Issues about Referencing/Attributions;Concerns/Issues about Third Party Involvement;Compromised Peer Review;Investigation by Journal/Publisher;Investigation by Third Party;Paper Mill;Unreliable Results and/or Conclusions;,(B/T) Data Science;
64845.0,Three-level models of compromised multi-granularity rough sets using three-way decision,Hongyuan Gou;Xianyong Zhang,Journal of Intelligent & Fuzzy Systems,IOS Press (bought by Sage November 2023),2024-01-29,10.3233/jifs-236063,Computer-Aided Content or Computer-Generated Content;Concerns/Issues about Referencing/Attributions;Concerns/Issues about Third Party Involvement;Compromised Peer Review;Investigation by Journal/Publisher;Investigation by Third Party;Paper Mill;Unreliable Results and/or Conclusions;,(B/T) Data Science;
64844.0,The use of thematic context-based deep learning in discourse expression of sports news,Yefei Liu,Journal of Intelligent & Fuzzy Systems,IOS Press (bought by Sage November 2023),2023-06-14,10.3233/jifs-230528,Computer-Aided Content or Computer-Generated Content;Concerns/Issues about Referencing/Attributions;Concerns/Issues about Third Party Involvement;Compromised Peer Review;Investigation by Journal/Publisher;Investigation by Third Party;Paper Mill;Unreliable Results and/or Conclusions;,(B/T) Data Science;(SOC) Communications;(SOC) Sports and Recreation;
64802.0,The improved strategy of BOA algorithm and its application in multi-threshold image segmentation,Lai Wang Wang;Chen Chih Hung,Journal of Intelligent & Fuzzy Systems,IOS Press (bought by Sage November 2023),2024-03-06,10.3233/jifs-237994,Computer-Aided Content or Computer-Generated Content;Concerns/Issues about Referencing/Attributions;Concerns/Issues about Third Party Involvement;Compromised Peer Review;Investigation by Journal/Publisher;Investigation by Third Party;Paper Mill;Unreliable Results and/or Conclusions;,(B/T) Computer Science;(B/T) Technology;
64796.0,The generalized dice similarity measures for comprehensive evaluation of graphic design effects based on color psychology with t-spherical fuzzy sets,Yunchao Zheng,Journal of Intelligent & Fuzzy Systems,IOS Press (bought by Sage November 2023),2023-07-29,10.3233/jifs-232296,Computer-Aided Content or Computer-Generated Content;Concerns/Issues about Referencing/Attributions;Concerns/Issues about Third Party Involvement;Compromised Peer Review;Investigation by Journal/Publisher;Investigation by Third Party;Paper Mill;Unreliable Results and/or Conclusions;,(B/T) Computer Science;(B/T) Data Science;(B/T) Technology;
64792.0,Task allocation algorithm for distributed large data stream group computing in the era of digital intelligence,Ling Sun;Rong Jiang;Wenbing Wan,Journal of Intelligent & Fuzzy Systems,IOS Press (bought by Sage November 2023),2024-03-12,10.3233/jifs-238427,Computer-Aided Content or Computer-Generated Content;Concerns/Issues about Referencing/Attributions;Concerns/Issues about Third Party Involvement;Compromised Peer Review;Investigation by Journal/Publisher;Investigation by Third Party;Paper Mill;Unreliable Results and/or Conclusions;,(B/T) Computer Science;(B/T) Technology;
64774.0,Structural optimization of continuous box Girder Bridge using swarm-optimized deep learning algorithm,Dingjun He;Liang Xu;Hui Yang,Journal of Intelligent & Fuzzy Systems,IOS Press (bought by Sage November 2023),2023-06-27,10.3233/jifs-231309,Computer-Aided Content or Computer-Generated Content;Concerns/Issues about Referencing/Attributions;Concerns/Issues about Third Party Involvement;Compromised Peer Review;Investigation by Journal/Publisher;Investigation by Third Party;Paper Mill;Unreliable Results and/or Conclusions;,(B/T) Data Science;(PHY) Engineering - Structural;
64767.0,Sports injury early warning of basketball players based on RBF neural network algorithm,Zheng Cui;Xiaoqi Li;Jie Guo;Yunhang Lu,Journal of Intelligent & Fuzzy Systems,IOS Press (bought by Sage November 2023),2023-06-19,10.3233/jifs-224601,Computer-Aided Content or Computer-Generated Content;Concerns/Issues about Referencing/Attributions;Concerns/Issues about Third Party Involvement;Compromised Peer Review;Investigation by Journal/Publisher;Investigation by Third Party;Paper Mill;Unreliable Results and/or Conclusions;,(B/T) Data Science;(HSC) Medicine - Sports;
64765.0,Speech recognition in digital videos without audio using convolutional neural networks,Cesar Embriz-Islas;Cesar Benavides-Alvarez;Carlos Avilés-Cruz;Arturo Zúñiga-López;Andrés Ferreyra-Ramírez;Eduardo Rodríguez-Martínez,Journal of Intelligent & Fuzzy Systems,IOS Press (bought by Sage November 2023),2024-03-23,10.3233/jifs-219346,Computer-Aided Content or Computer-Generated Content;Concerns/Issues about Referencing/Attributions;Concerns/Issues about Third Party Involvement;Compromised Peer Review;Investigation by Journal/Publisher;Investigation by Third Party;Paper Mill;Unreliable Results and/or Conclusions;,(B/T) Data Science;(B/T) Technology;
64763.0,Spectrum sensing in cognitive radio networks using an ensemble of machine learning frameworks and effective feature extraction,Biji Rose;B Aruna Devi,Journal of Intelligent & Fuzzy Systems,IOS Press (bought by Sage November 2023),2023-04-06,10.3233/jifs-230438,Computer-Aided Content or Computer-Generated Content;Concerns/Issues about Referencing/Attributions;Concerns/Issues about Third Party Involvement;Compromised Peer Review;Investigation by Journal/Publisher;Investigation by Third Party;Paper Mill;Unreliable Results and/or Conclusions;,(B/T) Data Science;(PHY) Engineering - Electrical;
64762.0,Special single valued octagonal neutrosophic number and its applications using MATLAB programming,Amala S Richard;N Jose Parvin Praveena;A Rajkumar,Journal of Intelligent & Fuzzy Systems,IOS Press (bought by Sage November 2023),2023-04-26,10.3233/jifs-221567,Computer-Aided Content or Computer-Generated Content;Concerns/Issues about Referencing/Attributions;Concerns/Issues about Third Party Involvement;Compromised Peer Review;Investigation by Journal/Publisher;Investigation by Third Party;Paper Mill;Unreliable Results and/or Conclusions;,(B/T) Data Science;
64725.0,Smart city design plan selection through single-valued neutrosophic probabilistic hesitant fuzzy rough aggregation information,Muhammad Kamran;Shahzaib Ashraf;Nadeem Salamat;Muhammad Naeem;Muhammad Shazib Hameed,Journal of Intelligent & Fuzzy Systems,IOS Press (bought by Sage November 2023),2023-09-26,10.3233/jifs-224364,Computer-Aided Content or Computer-Generated Content;Concerns/Issues about Referencing/Attributions;Concerns/Issues about Third Party Involvement;Compromised Peer Review;Investigation by Journal/Publisher;Investigation by Third Party;Paper Mill;Unreliable Results and/or Conclusions;,(B/T) Data Science;(B/T) Urban Planning;
64724.0,Smart algorithmic solutions for audience service quality evaluation for large-scale sports-events through harnessing interval neutrosophic EDAS and CRITIC Technique,Xuezhu Xu,Journal of Intelligent & Fuzzy Systems,IOS Press (bought by Sage November 2023),2023-12-01,10.3233/jifs-236124,Computer-Aided Content or Computer-Generated Content;Concerns/Issues about Referencing/Attributions;Concerns/Issues about Third Party Involvement;Compromised Peer Review;Investigation by Journal/Publisher;Investigation by Third Party;Paper Mill;Unreliable Results and/or Conclusions;,(B/T) Business - Marketing;(B/T) Data Science;(SOC) Sports and Recreation;
64716.0,Sinkhole detection and prediction using watermarking (SNDW),Dhanagopal Ramachandran;J Venkatesh;R Jothilakshmi;G Gugapriya,Journal of Intelligent & Fuzzy Systems,IOS Press (bought by Sage November 2023),2023-05-30,10.3233/jifs-224463,Computer-Aided Content or Computer-Generated Content;Concerns/Issues about Referencing/Attributions;Concerns/Issues about Third Party Involvement;Compromised Peer Review;Investigation by Journal/Publisher;Investigation by Third Party;Paper Mill;Unreliable Results and/or Conclusions;,(B/T) Computer Science;(B/T) Data Science;(B/T) Technology;
64711.0,Similarity measure between generalized intuitionistic fuzzy sets with three kinds of negation,Xiaogang Wu,Journal of Intelligent & Fuzzy Systems,IOS Press (bought by Sage November 2023),2024-02-27,10.3233/jifs-236510,Computer-Aided Content or Computer-Generated Content;Concerns/Issues about Referencing/Attributions;Concerns/Issues about Third Party Involvement;Compromised Peer Review;Investigation by Journal/Publisher;Investigation by Third Party;Paper Mill;Unreliable Results and/or Conclusions;,(B/T) Computer Science;(B/T) Data Science;(B/T) Technology;
64708.0,Sentiment classification on online product reviews using dwarf mongoose optimization with attention based deep learning model,D Elangovan;V Subedha,Journal of Intelligent & Fuzzy Systems,IOS Press (bought by Sage November 2023),2023-11-17,10.3233/jifs-233611,Computer-Aided Content or Computer-Generated Content;Concerns/Issues about Referencing/Attributions;Concerns/Issues about Third Party Involvement;Compromised Peer Review;Investigation by Journal/Publisher;Investigation by Third Party;Paper Mill;Unreliable Results and/or Conclusions;,(B/T) Business - General;(B/T) Computer Science;(B/T) Data Science;(B/T) Technology;
64707.0,Semi-supervised multi-label feature selection based on dual dynamic graph,Xue Zhao;Qiaoyan Li;Zhiwei Xing;Xuezhen Dai,Journal of Intelligent & Fuzzy Systems,IOS Press (bought by Sage November 2023),2024-03-05,10.3233/jifs-237146,Computer-Aided Content or Computer-Generated Content;Concerns/Issues about Referencing/Attributions;Concerns/Issues about Third Party Involvement;Compromised Peer Review;Investigation by Journal/Publisher;Investigation by Third Party;Paper Mill;Unreliable Results and/or Conclusions;,(B/T) Computer Science;(B/T) Data Science;(B/T) Technology;
64706.0,Self-organizing RBF neural network based on IPSO and neural strength,Wei Zhang;Hongxuan Zheng;Runyu Zhang,Journal of Intelligent & Fuzzy Systems,IOS Press (bought by Sage November 2023),2023-04-09,10.3233/jifs-239569,Computer-Aided Content or Computer-Generated Content;Concerns/Issues about Referencing/Attributions;Concerns/Issues about Third Party Involvement;Compromised Peer Review;Investigation by Journal/Publisher;Investigation by Third Party;Paper Mill;Unreliable Results and/or Conclusions;,(B/T) Computer Science;(B/T) Data Science;(B/T) Technology;
64705.0,Selection of ergonomic risk assessment method with pythagorean fuzzy sets: practice in emergency medical services,Melek Hatiboglu;Habip Dayioglu;Halim İssever;Berk Ayvaz,Journal of Intelligent & Fuzzy Systems,IOS Press (bought by Sage November 2023),2023-02-18,10.3233/jifs-222974,Computer-Aided Content or Computer-Generated Content;Concerns/Issues about Referencing/Attributions;Concerns/Issues about Third Party Involvement;Compromised Peer Review;Investigation by Journal/Publisher;Investigation by Third Party;Paper Mill;Unreliable Results and/or Conclusions;,(B/T) Computer Science;(B/T) Data Science;(B/T) Technology;
64702.0,Securing energy horizons: Cloud-driven based machine learning methods for battery management systems,Djabeur Mohamed Seifeddine Zekrifa;R Saravanakumar;Sruthi Nair;Krishnagandhi Pachiappan;D Vetrithangam;T Kalavathi Devi;T Ganesan;M Rajendiran;S Rukmani Devi,Journal of Intelligent & Fuzzy Systems,IOS Press (bought by Sage November 2023),2023-12-13,10.3233/jifs-236391,Computer-Aided Content or Computer-Generated Content;Concerns/Issues about Referencing/Attributions;Concerns/Issues about Third Party Involvement;Compromised Peer Review;Investigation by Journal/Publisher;Investigation by Third Party;Paper Mill;Unreliable Results and/or Conclusions;,(B/T) Computer Science;(B/T) Data Science;(B/T) Technology;(PHY) Energy;(PHY) Engineering - Electrical;
64698.0,Safety assessment of marine high-end equipment based on evidential reasoning approach under fuzzy uncertainty,Mi Zhou;Xue-Di Xiong;Feng Pei,Journal of Intelligent & Fuzzy Systems,IOS Press (bought by Sage November 2023),2024-02-03,10.3233/jifs-237750,Computer-Aided Content or Computer-Generated Content;Concerns/Issues about Referencing/Attributions;Concerns/Issues about Third Party Involvement;Compromised Peer Review;False/Forged Authorship;Investigation by Journal/Publisher;Investigation by Third Party;Paper Mill;Unreliable Results and/or Conclusions;,(B/T) Computer Science;(B/T) Data Science;(B/T) Technology;(HSC) Occupational Health and Safety;(HSC) Public Health and Safety;
64697.0,Safeguard confidential web information from malicious browser extension using Encryption and Isolation techniques,M Marimuthu;G Mohanraj;D Karthikeyan;D Vidyabharathi,Journal of Intelligent & Fuzzy Systems,IOS Press (bought by Sage November 2023),2023-07-25,10.3233/jifs-233122,Computer-Aided Content or Computer-Generated Content;Concerns/Issues about Referencing/Attributions;Concerns/Issues about Third Party Involvement;Compromised Peer Review;Investigation by Journal/Publisher;Investigation by Third Party;Paper Mill;Unreliable Results and/or Conclusions;,(B/T) Computer Science;(B/T) Data Science;(B/T) Technology;
64690.0,Rough set model of incomplete interval rough number decision systems,Yinwei Zhou;Jun Hu,Journal of Intelligent & Fuzzy Systems,IOS Press (bought by Sage November 2023),2024-02-23,10.3233/jifs-237320,Computer-Aided Content or Computer-Generated Content;Concerns/Issues about Referencing/Attributions;Concerns/Issues about Third Party Involvement;Compromised Peer Review;Investigation by Journal/Publisher;Investigation by Third Party;Paper Mill;Unreliable Results and/or Conclusions;,(B/T) Computer Science;(B/T) Data Science;(B/T) Technology;
64687.0,Robust maximum fairness consensus models with aggregation operator based on data-driven method,Hailin Liang;Shaojian Qu;Zhenhua Dai,Journal of Intelligent & Fuzzy Systems,IOS Press (bought by Sage November 2023),2024-05-04,10.3233/jifs-237153,Computer-Aided Content or Computer-Generated Content;Concerns/Issues about Referencing/Attributions;Concerns/Issues about Third Party Involvement;Compromised Peer Review;Investigation by Journal/Publisher;Investigation by Third Party;Paper Mill;Unreliable Results and/or Conclusions;,(B/T) Computer Science;(B/T) Data Science;(B/T) Technology;
64686.0,Robust hyperparameter tuned deep Elman neural network for the diagnosis of osteosarcoma on histology images,S Prabakaran;S Mary Praveena,Journal of Intelligent & Fuzzy Systems,IOS Press (bought by Sage November 2023),2023-07-22,10.3233/jifs-233484,Computer-Aided Content or Computer-Generated Content;Concerns/Issues about Referencing/Attributions;Concerns/Issues about Third Party Involvement;Compromised Peer Review;Investigation by Journal/Publisher;Investigation by Third Party;Paper Mill;Unreliable Results and/or Conclusions;,(B/T) Computer Science;(B/T) Data Science;(B/T) Technology;
64673.0,Research on the economic collaborative development evaluation in the Beijing-Tianjin-Hebei region based on hesitant triangular fuzzy information,Jun Wang,Journal of Intelligent & Fuzzy Systems,IOS Press (bought by Sage November 2023),2023-08-03,10.3233/jifs-232159,Computer-Aided Content or Computer-Generated Content;Concerns/Issues about Referencing/Attributions;Concerns/Issues about Third Party Involvement;Compromised Peer Review;Investigation by Journal/Publisher;Investigation by Third Party;Paper Mill;Unreliable Results and/or Conclusions;,(B/T) Business - Economics;(B/T) Computer Science;(B/T) Data Science;(B/T) Technology;
64672.0,Research on teaching quality evaluation of Chinese medicine specialty in higher vocational colleges with probabilistic uncertain linguistic TODIM-VIKOR method,Zhandong Zhang;Xiaoyan Wang,Journal of Intelligent & Fuzzy Systems,IOS Press (bought by Sage November 2023),2023-04-04,10.3233/jifs-230760,Computer-Aided Content or Computer-Generated Content;Concerns/Issues about Referencing/Attributions;Concerns/Issues about Third Party Involvement;Compromised Peer Review;Investigation by Journal/Publisher;Investigation by Third Party;Paper Mill;Unreliable Results and/or Conclusions;,(B/T) Computer Science;(B/T) Data Science;(B/T) Technology;(HSC) Medicine - Alternative;(SOC) Education;
64671.0,Research on simulation of community resilience improvement path based on fuzzy DEMATEL and fuzzy cognitive map,Weijing Liang;Ye Xue;Jing Xu,Journal of Intelligent & Fuzzy Systems,IOS Press (bought by Sage November 2023),2024-03-27,10.3233/jifs-232234,Computer-Aided Content or Computer-Generated Content;Concerns/Issues about Referencing/Attributions;Concerns/Issues about Third Party Involvement;Compromised Peer Review;Investigation by Journal/Publisher;Investigation by Third Party;Paper Mill;Unreliable Results and/or Conclusions;,(B/T) Computer Science;(B/T) Data Science;(B/T) Technology;
64670.0,Research on quality evaluation of online teaching platform based on RS-BP Neural Network,Yiping Zhu;Jiajia Huang;Yi Zhu;Yang Guo,Journal of Intelligent & Fuzzy Systems,IOS Press (bought by Sage November 2023),2023-10-10,10.3233/jifs-231381,Computer-Aided Content or Computer-Generated Content;Concerns/Issues about Referencing/Attributions;Concerns/Issues about Third Party Involvement;Compromised Peer Review;Investigation by Journal/Publisher;Investigation by Third Party;Paper Mill;Unreliable Results and/or Conclusions;,(B/T) Computer Science;(B/T) Data Science;(B/T) Technology;(SOC) Education;
64669.0,Research on quality evaluation of industry-education integration for rural vocational education in the perspective of rural revitalization with PL-MACONT method,Shuangliu Huang;Huazai Chen,Journal of Intelligent & Fuzzy Systems,IOS Press (bought by Sage November 2023),2023-03-29,10.3233/jifs-223856,Computer-Aided Content or Computer-Generated Content;Concerns/Issues about Referencing/Attributions;Concerns/Issues about Third Party Involvement;Compromised Peer Review;Investigation by Journal/Publisher;Investigation by Third Party;Paper Mill;Unreliable Results and/or Conclusions;,(B/T) Business - General;(B/T) Computer Science;(B/T) Data Science;(B/T) Technology;(SOC) Education;
64666.0,Research on lightweight pavement disease detection model based on YOLOv7,Chishe Wang;Jun Li;Jie Wang;Weikang Zhao,Journal of Intelligent & Fuzzy Systems,IOS Press (bought by Sage November 2023),2024-03-07,10.3233/jifs-239289,Computer-Aided Content or Computer-Generated Content;Concerns/Issues about Referencing/Attributions;Concerns/Issues about Third Party Involvement;Compromised Peer Review;Investigation by Journal/Publisher;Investigation by Third Party;Paper Mill;Unreliable Results and/or Conclusions;,(B/T) Computer Science;(B/T) Data Science;(B/T) Technology;
64665.0,Research on innovation and entrepreneurship education environment evaluation in universities under the background of “Double Innovation” with interval-valued intuitionistic fuzzy information,Lei Yang;Ge Gao,Journal of Intelligent & Fuzzy Systems,IOS Press (bought by Sage November 2023),2023-09-29,10.3233/jifs-232151,Computer-Aided Content or Computer-Generated Content;Concerns/Issues about Referencing/Attributions;Concerns/Issues about Third Party Involvement;Compromised Peer Review;Investigation by Journal/Publisher;Investigation by Third Party;Paper Mill;Unreliable Results and/or Conclusions;,(B/T) Computer Science;(B/T) Data Science;(B/T) Technology;
64660.0,Research on college physical education teaching effect evaluation based on probabilistic hesitant fuzzy QUALIFLEX method,Lijuan Jia;Fang Hou,Journal of Intelligent & Fuzzy Systems,IOS Press (bought by Sage November 2023),2023-07-13,10.3233/jifs-231769,Computer-Aided Content or Computer-Generated Content;Concerns/Issues about Referencing/Attributions;Concerns/Issues about Third Party Involvement;Compromised Peer Review;Investigation by Journal/Publisher;Investigation by Third Party;Paper Mill;Unreliable Results and/or Conclusions;,(B/T) Computer Science;(B/T) Data Science;(B/T) Technology;(SOC) Education;(SOC) Sports and Recreation;
64657.0,Remote sensing-based scene classification by feature fusion and extraction with ensemble classifier employing machine learning approaches,A Arulmurugan;R Kaviarasan;Parimala Garnepudi;M Kanchana;D Kothandaraman;C H Sandeep,Journal of Intelligent & Fuzzy Systems,IOS Press (bought by Sage November 2023),2023-11-27,10.3233/jifs-235109,Computer-Aided Content or Computer-Generated Content;Concerns/Issues about Referencing/Attributions;Concerns/Issues about Third Party Involvement;Compromised Peer Review;Investigation by Journal/Publisher;Investigation by Third Party;Paper Mill;Unreliable Results and/or Conclusions;,(B/T) Computer Science;(B/T) Data Science;(B/T) Technology;
64656.0,Reliable hybrid deep learning technique for an effective spectrum sensing in cognitive radio,S Sivaranjani;C Vivek,Journal of Intelligent & Fuzzy Systems,IOS Press (bought by Sage November 2023),2023-04-15,10.3233/jifs-224376,Computer-Aided Content or Computer-Generated Content;Concerns/Issues about Referencing/Attributions;Concerns/Issues about Third Party Involvement;Compromised Peer Review;Investigation by Journal/Publisher;Investigation by Third Party;Paper Mill;Unreliable Results and/or Conclusions;,(B/T) Computer Science;(B/T) Data Science;(B/T) Technology;(PHY) Engineering - Electrical;(SOC) Communications;
64655.0,Reliable cluster based data collection framework for IoT-big data healthcare applications,N Pughazendi;K Valarmathi;P V Rajaraman;S Balaji,Journal of Intelligent & Fuzzy Systems,IOS Press (bought by Sage November 2023),2023-10-30,10.3233/jifs-233505,Computer-Aided Content or Computer-Generated Content;Concerns/Issues about Referencing/Attributions;Concerns/Issues about Third Party Involvement;Compromised Peer Review;Investigation by Journal/Publisher;Investigation by Third Party;Paper Mill;Unreliable Results and/or Conclusions;,(B/T) Computer Science;(B/T) Data Science;(B/T) Technology;(HSC) Medicine - General;
64654.0,Regional forest wellness travel progression potentiality assessment method and enhancement path,Qian Xu,Journal of Intelligent & Fuzzy Systems,IOS Press (bought by Sage November 2023),2023-04-28,10.3233/jifs-230582,Computer-Aided Content or Computer-Generated Content;Concerns/Issues about Referencing/Attributions;Concerns/Issues about Third Party Involvement;Compromised Peer Review;Investigation by Journal/Publisher;Investigation by Third Party;Paper Mill;Unreliable Results and/or Conclusions;,(B/T) Computer Science;(B/T) Data Science;(B/T) Technology;
64650.0,Recommendation model based 5G network cloud data with AI technique and IoMT applications,Zhang Kexing;He Jiang,Journal of Intelligent & Fuzzy Systems,IOS Press (bought by Sage November 2023),2024-02-24,10.3233/jifs-235064,Computer-Aided Content or Computer-Generated Content;Concerns/Issues about Referencing/Attributions;Concerns/Issues about Third Party Involvement;Compromised Peer Review;Investigation by Journal/Publisher;Investigation by Third Party;Paper Mill;Unreliable Results and/or Conclusions;,(B/T) Computer Science;(B/T) Data Science;(B/T) Technology;
64648.0,Quasi-oppositional artificial algae optimization with adaptive neuro fuzzy inference based maximum power point tracking for PV systems,B Jegajothi;I Kathir;Neeraj Kumar Shukla;R B R Prakash,Journal of Intelligent & Fuzzy Systems,IOS Press (bought by Sage November 2023),2023-07-05,10.3233/jifs-223889,Computer-Aided Content or Computer-Generated Content;Concerns/Issues about Referencing/Attributions;Concerns/Issues about Third Party Involvement;Compromised Peer Review;Investigation by Journal/Publisher;Investigation by Third Party;Paper Mill;Unreliable Results and/or Conclusions;,(B/T) Computer Science;(B/T) Data Science;(B/T) Technology;
64643.0,Proportional intuitionistic fuzzy AHP method: Wind turbine selection application,Cengiz Kahraman,Journal of Intelligent & Fuzzy Systems,IOS Press (bought by Sage November 2023),2023-11-23,10.3233/jifs-236035,Computer-Aided Content or Computer-Generated Content;Concerns/Issues about Referencing/Attributions;Concerns/Issues about Third Party Involvement;Compromised Peer Review;False/Forged Authorship;Investigation by Journal/Publisher;Investigation by Third Party;Paper Mill;Unreliable Results and/or Conclusions;,(B/T) Computer Science;(B/T) Data Science;(B/T) Technology;
64642.0,Properties of interval-valued quadripartitioned neutrosophic graphs with real-life application,Xiaolong Shi;Saeed Kosari;Hossein Rashmanlou;Said Broumi;S Satham Hussain,Journal of Intelligent & Fuzzy Systems,IOS Press (bought by Sage November 2023),2023-02-02,10.3233/jifs-222572,Computer-Aided Content or Computer-Generated Content;Concerns/Issues about Referencing/Attributions;Concerns/Issues about Third Party Involvement;Compromised Peer Review;Investigation by Journal/Publisher;Investigation by Third Party;Paper Mill;Unreliable Results and/or Conclusions;,(B/T) Computer Science;(B/T) Data Science;(B/T) Technology;
64639.0,Process control of chemical dynamic system based on multi-strategy mayfly optimization algorithm,Jingyan Li;Yuanbin Mo;Lila Hong;Rong Gong,Journal of Intelligent & Fuzzy Systems,IOS Press (bought by Sage November 2023),2024-02-17,10.3233/jifs-237786,Computer-Aided Content or Computer-Generated Content;Concerns/Issues about Referencing/Attributions;Concerns/Issues about Third Party Involvement;Compromised Peer Review;Investigation by Journal/Publisher;Investigation by Third Party;Paper Mill;Unreliable Results and/or Conclusions;,(B/T) Computer Science;(B/T) Data Science;(B/T) Technology;(PHY) Engineering - Chemical;
64632.0,Privacy-preserving fuzzy commitment schemes for secure IoT device authentication,M Kandan;A Durai Murugan;Gandikota Ramu;R K Gnanamurthy;Dibyahash Bordoloi;Swati Rawat; Murugesan;Pulicherla Siva Prasad,Journal of Intelligent & Fuzzy Systems,IOS Press (bought by Sage November 2023),2023-12-16,10.3233/jifs-234100,Computer-Aided Content or Computer-Generated Content;Concerns/Issues about Referencing/Attributions;Concerns/Issues about Third Party Involvement;Compromised Peer Review;Investigation by Journal/Publisher;Investigation by Third Party;Paper Mill;Unreliable Results and/or Conclusions;,(B/T) Computer Science;(B/T) Data Science;(B/T) Technology;
64626.0,Prediction of biomedical signals using deep learning techniques,K Kalaivani;Pravin R Kshirsagarr;J Sirisha Devi;Surekha Reddy Bandela;Ilhami Colak;J Nageswara Rao;A Rajaram,Journal of Intelligent & Fuzzy Systems,IOS Press (bought by Sage November 2023),2023-03-28,10.3233/jifs-230399,Computer-Aided Content or Computer-Generated Content;Concerns/Issues about Referencing/Attributions;Concerns/Issues about Third Party Involvement;Compromised Peer Review;Investigation by Journal/Publisher;Investigation by Third Party;Paper Mill;Unreliable Results and/or Conclusions;,(B/T) Computer Science;(B/T) Data Science;(B/T) Technology;(HSC) Medicine - General;
64623.0,Practice research on integrated development of culture and tourism public services under the background of big data,Shuting Wen;Fangcheng Wen,Journal of Intelligent & Fuzzy Systems,IOS Press (bought by Sage November 2023),2023-10-11,10.3233/jifs-232318,Computer-Aided Content or Computer-Generated Content;Concerns/Issues about Referencing/Attributions;Concerns/Issues about Third Party Involvement;Compromised Peer Review;Investigation by Journal/Publisher;Investigation by Third Party;Paper Mill;Unreliable Results and/or Conclusions;,(B/T) Computer Science;(B/T) Data Science;(B/T) Technology;(SOC) Sports and Recreation;
64619.0,Power aggregation operators based on hamacher t-norm and t-conorm for complex intuitionistic fuzzy information and their application in decision-making problems,Hao Dong;Zeeshan Ali;Tahir Mahmood;Peide Liu,Journal of Intelligent & Fuzzy Systems,IOS Press (bought by Sage November 2023),2023-09-16,10.3233/jifs-230323,Computer-Aided Content or Computer-Generated Content;Concerns/Issues about Referencing/Attributions;Concerns/Issues about Third Party Involvement;Compromised Peer Review;Investigation by Journal/Publisher;Investigation by Third Party;Paper Mill;Unreliable Results and/or Conclusions;,(B/T) Data Science;(PHY) Mathematics;
64617.0,Picture fuzzy cubic graphs and their applications,Jasminara Khatun;Sk Amanathulla;Madhumangal Pal,Journal of Intelligent & Fuzzy Systems,IOS Press (bought by Sage November 2023),2023-12-13,10.3233/jifs-232523,Computer-Aided Content or Computer-Generated Content;Concerns/Issues about Referencing/Attributions;Concerns/Issues about Third Party Involvement;Compromised Peer Review;Investigation by Journal/Publisher;Investigation by Third Party;Paper Mill;Unreliable Results and/or Conclusions;,(B/T) Computer Science;(B/T) Data Science;(B/T) Technology;
64616.0,Picture fuzzy Choquet integral based Einstein operations and its application in selection of the best mobile apps for online education,K Deva;S Mohanaselvi,Journal of Intelligent & Fuzzy Systems,IOS Press (bought by Sage November 2023),2023-04-25,10.3233/jifs-230472,Computer-Aided Content or Computer-Generated Content;Concerns/Issues about Referencing/Attributions;Concerns/Issues about Third Party Involvement;Compromised Peer Review;Investigation by Journal/Publisher;Investigation by Third Party;Paper Mill;Unreliable Results and/or Conclusions;,(B/T) Computer Science;(B/T) Data Science;(B/T) Technology;(SOC) Education;
64613.0,Performance improvement and complexity reduction in the classification of EMG signals with mRMR-based CNN-KNN combined model,X Little Flower;S Poonguzhali,Journal of Intelligent & Fuzzy Systems,IOS Press (bought by Sage November 2023),2022-11-10,10.3233/jifs-220811,Computer-Aided Content or Computer-Generated Content;Concerns/Issues about Referencing/Attributions;Concerns/Issues about Third Party Involvement;Compromised Peer Review;Investigation by Journal/Publisher;Investigation by Third Party;Paper Mill;Unreliable Results and/or Conclusions;,(B/T) Computer Science;(B/T) Data Science;(B/T) Technology;
64611.0,Performance analysis of cyclostationary spectrum sensing with dynamic thresholding using artificial neural network under varying signal to noise ratio and noise variance conditions,M Suba;D Susan,Journal of Intelligent & Fuzzy Systems,IOS Press (bought by Sage November 2023),2023-06-09,10.3233/jifs-232610,Computer-Aided Content or Computer-Generated Content;Concerns/Issues about Referencing/Attributions;Concerns/Issues about Third Party Involvement;Compromised Peer Review;Investigation by Journal/Publisher;Investigation by Third Party;Paper Mill;Unreliable Results and/or Conclusions;,(B/T) Computer Science;(B/T) Data Science;(B/T) Technology;
64610.0,Perfect score function in picture fuzzy set and its applications in decision-making problems,R V Jaikumar;Sundareswaran Raman;Madhumangal Pal,Journal of Intelligent & Fuzzy Systems,IOS Press (bought by Sage November 2023),2023-05-25,10.3233/jifs-223234,Computer-Aided Content or Computer-Generated Content;Concerns/Issues about Referencing/Attributions;Concerns/Issues about Third Party Involvement;Compromised Peer Review;Investigation by Journal/Publisher;Investigation by Third Party;Paper Mill;Unreliable Results and/or Conclusions;,(B/T) Computer Science;(B/T) Data Science;(B/T) Technology;
64609.0,Penguin search optimization algorithm with multi-agent reinforcement learning for disease prediction and recommendation model,Thota Radha Rajesh;Surendran Rajendran;Meshal Alharbi,Journal of Intelligent & Fuzzy Systems,IOS Press (bought by Sage November 2023),2023-03-07,10.3233/jifs-223933,Computer-Aided Content or Computer-Generated Content;Concerns/Issues about Referencing/Attributions;Concerns/Issues about Third Party Involvement;Compromised Peer Review;Investigation by Journal/Publisher;Investigation by Third Party;Paper Mill;Unreliable Results and/or Conclusions;,(B/T) Computer Science;(B/T) Data Science;(B/T) Technology;(HSC) Medicine - General;
64608.0,Peer to peer sybil and eclipse attack detection via fuzzy kademlia,D Geepthi;C Christopher Columbus;C Jeyanthi,Journal of Intelligent & Fuzzy Systems,IOS Press (bought by Sage November 2023),2022-12-08,10.3233/jifs-222802,Computer-Aided Content or Computer-Generated Content;Concerns/Issues about Referencing/Attributions;Concerns/Issues about Third Party Involvement;Compromised Peer Review;Investigation by Journal/Publisher;Investigation by Third Party;Paper Mill;Unreliable Results and/or Conclusions;,(B/T) Computer Science;(B/T) Data Science;(B/T) Technology;
64607.0,Peanut maturity detection assessment using cross-layer multi-perception neural network based on hyperspectral sensory image feature observation,M Balasubramaniyan;C Navaneethan,Journal of Intelligent & Fuzzy Systems,IOS Press (bought by Sage November 2023),2024-02-27,10.3233/jifs-239332,Computer-Aided Content or Computer-Generated Content;Concerns/Issues about Referencing/Attributions;Concerns/Issues about Third Party Involvement;Compromised Peer Review;Investigation by Journal/Publisher;Investigation by Third Party;Paper Mill;Unreliable Results and/or Conclusions;,(B/T) Computer Science;(B/T) Data Science;(B/T) Technology;(BLS) Agriculture;
64606.0,Pattern recognition of urban traffic accidents: Application of cluster analysis and support vector machine in accident pattern recognition,Longkai Chen;Jingjing Huang,Journal of Intelligent & Fuzzy Systems,IOS Press (bought by Sage November 2023),2024-04-30,10.3233/jifs-241018,Computer-Aided Content or Computer-Generated Content;Concerns/Issues about Referencing/Attributions;Concerns/Issues about Third Party Involvement;Compromised Peer Review;Investigation by Journal/Publisher;Investigation by Third Party;Paper Mill;Unreliable Results and/or Conclusions;,(B/T) Computer Science;(B/T) Data Science;(B/T) Technology;(B/T) Transportation;(HSC) Public Health and Safety;
64602.0,Optimizing graphics for understanding real-scene using 3D image registration and tracking and mapping,Eman S Alkhalifah,Journal of Intelligent & Fuzzy Systems,IOS Press (bought by Sage November 2023),2023-11-22,10.3233/jifs-233878,Computer-Aided Content or Computer-Generated Content;Concerns/Issues about Referencing/Attributions;Concerns/Issues about Third Party Involvement;Compromised Peer Review;Investigation by Journal/Publisher;Investigation by Third Party;Paper Mill;Unreliable Results and/or Conclusions;,(B/T) Computer Science;(B/T) Data Science;(B/T) Technology;
64601.0,"Optimized machine learning algorithm for thyroid tumour type classification: A hybrid approach Random Forest, and intelligent optimization algorithms",S Sheik Faritha Begum;M Suresh Anand;P V Pramila;J Indra;J Samson Isaac;Chockalingam Alagappan;Amara S A L G Gopala Gupta;Suraj Srivastava;R G Vidhya,Journal of Intelligent & Fuzzy Systems,IOS Press (bought by Sage November 2023),2024-04-06,10.3233/jifs-239804,Computer-Aided Content or Computer-Generated Content;Concerns/Issues about Referencing/Attributions;Concerns/Issues about Third Party Involvement;Compromised Peer Review;Investigation by Journal/Publisher;Investigation by Third Party;Paper Mill;Unreliable Results and/or Conclusions;,(B/T) Computer Science;(B/T) Data Science;(B/T) Technology;(HSC) Medicine - Endocrinology;(HSC) Medicine - Oncology;(HSC) Radiology/Imaging;
64600.0,Optimized deep learning-based intrusion detection framework for vehicular network,Ravula Vishnukumar;Mangayarkarasi Ramaiah,Journal of Intelligent & Fuzzy Systems,IOS Press (bought by Sage November 2023),2023-10-28,10.3233/jifs-233581,Computer-Aided Content or Computer-Generated Content;Concerns/Issues about Referencing/Attributions;Concerns/Issues about Third Party Involvement;Compromised Peer Review;Investigation by Journal/Publisher;Investigation by Third Party;Paper Mill;Unreliable Results and/or Conclusions;,(B/T) Computer Science;(B/T) Data Science;(B/T) Technology;
64599.0,"Optimize and analysis of drilling PMSM using hybrid technique based on BN, FFT, FCE, and FMA for risk assessment",Syed Ismail Abdul Lathif;J Cruz Antony;V Noel Jeygar Robert;D Aishwarya,Journal of Intelligent & Fuzzy Systems,IOS Press (bought by Sage November 2023),2023-03-13,10.3233/jifs-224462,Computer-Aided Content or Computer-Generated Content;Concerns/Issues about Referencing/Attributions;Concerns/Issues about Third Party Involvement;Compromised Peer Review;Investigation by Journal/Publisher;Investigation by Third Party;Paper Mill;Unreliable Results and/or Conclusions;,(B/T) Computer Science;(B/T) Data Science;(B/T) Technology;
64597.0,Optimization algorithm for enterprise supply chain network based on blockchain distributed technology in the context of digital economy,Ling Xin,Journal of Intelligent & Fuzzy Systems,IOS Press (bought by Sage November 2023),2024-03-16,10.3233/jifs-234664,Computer-Aided Content or Computer-Generated Content;Concerns/Issues about Referencing/Attributions;Concerns/Issues about Third Party Involvement;Compromised Peer Review;Investigation by Journal/Publisher;Investigation by Third Party;Paper Mill;Unreliable Results and/or Conclusions;,(B/T) Business - General;(B/T) Computer Science;(B/T) Data Science;(B/T) Technology;
64595.0,Optimal allocation of hybrid energy storage capacity of DC microgrid based on model predictive control algorithm,Jie Zhao;Shuo Wang;Haotian Wu,Journal of Intelligent & Fuzzy Systems,IOS Press (bought by Sage November 2023),2023-10-21,10.3233/jifs-234849,Computer-Aided Content or Computer-Generated Content;Concerns/Issues about Referencing/Attributions;Concerns/Issues about Third Party Involvement;Compromised Peer Review;Investigation by Journal/Publisher;Investigation by Third Party;Paper Mill;Unreliable Results and/or Conclusions;,(B/T) Computer Science;(B/T) Technology;(PHY) Energy;(PHY) Engineering - Electrical;
64594.0,Opt_att-GANC: Fusion of CT and PET images using an optimal attention-based generative adversarial network with classifier for lung cancer classification,Bhagya Lakshmi Nandipati;Nagaraju Devarakonda,Journal of Intelligent & Fuzzy Systems,IOS Press (bought by Sage November 2023),2023-10-26,10.3233/jifs-233491,Computer-Aided Content or Computer-Generated Content;Concerns/Issues about Referencing/Attributions;Concerns/Issues about Third Party Involvement;Compromised Peer Review;Investigation by Journal/Publisher;Investigation by Third Party;Paper Mill;Unreliable Results and/or Conclusions;,(B/T) Computer Science;(B/T) Data Science;(B/T) Technology;(HSC) Medicine - Pulmonology;(HSC) Radiology/Imaging;
64590.0,On n-polygonal interval-valued fuzzy numbers and application in e-commerce risk assessment,Chunfeng Suo;Yongming Li;Li Guo,Journal of Intelligent & Fuzzy Systems,IOS Press (bought by Sage November 2023),2023-09-20,10.3233/jifs-230040,Computer-Aided Content or Computer-Generated Content;Concerns/Issues about Referencing/Attributions;Concerns/Issues about Third Party Involvement;Compromised Peer Review;Investigation by Journal/Publisher;Investigation by Third Party;Paper Mill;Unreliable Results and/or Conclusions;,(B/T) Business - General;(B/T) Data Science;
64587.0,Novel evaluation model of teaching quality based on the improved IVIF-BWM and IVIFWMSM,Youping Lin;Wenxin Wang;Yanling Chen;Feng Li,Journal of Intelligent & Fuzzy Systems,IOS Press (bought by Sage November 2023),2023-07-29,10.3233/jifs-232272,Computer-Aided Content or Computer-Generated Content;Concerns/Issues about Referencing/Attributions;Concerns/Issues about Third Party Involvement;Compromised Peer Review;Investigation by Journal/Publisher;Investigation by Third Party;Paper Mill;Unreliable Results and/or Conclusions;,(B/T) Data Science;(SOC) Education;
64584.0,New optimization technique for group decision analysis with complex Pythagorean fuzzy sets,Muhammad Akram;Kiran Zahid;Cengiz Kahraman,Journal of Intelligent & Fuzzy Systems,IOS Press (bought by Sage November 2023),2022-11-30,10.3233/jifs-220764,Computer-Aided Content or Computer-Generated Content;Concerns/Issues about Referencing/Attributions;Concerns/Issues about Third Party Involvement;Compromised Peer Review;Investigation by Journal/Publisher;Investigation by Third Party;Paper Mill;Unreliable Results and/or Conclusions;,(B/T) Data Science;
64582.0,New concept of centrality measurement in fuzzy social networks,Rupkumar Mahapatra;Sovan Samanta;Madhumangal Pal,Journal of Intelligent & Fuzzy Systems,IOS Press (bought by Sage November 2023),2024-03-09,10.3233/jifs-232602,Computer-Aided Content or Computer-Generated Content;Concerns/Issues about Referencing/Attributions;Concerns/Issues about Third Party Involvement;Compromised Peer Review;False/Forged Authorship;Investigation by Journal/Publisher;Investigation by Third Party;Paper Mill;Unreliable Results and/or Conclusions;,(B/T) Data Science;(SOC) Sociology;
64580.0,Neutrosophic ratio-type exponential estimators for estimation of population mean,Zaigham Tahir;Hina Khan;Faten S Alamri;Muhammad Aslam,Journal of Intelligent & Fuzzy Systems,IOS Press (bought by Sage November 2023),2023-07-02,10.3233/jifs-223539,Computer-Aided Content or Computer-Generated Content;Concerns/Issues about Referencing/Attributions;Concerns/Issues about Third Party Involvement;Compromised Peer Review;Investigation by Journal/Publisher;Investigation by Third Party;Paper Mill;Unreliable Results and/or Conclusions;,(B/T) Data Science;
64579.0,Neutrosophic logistic model with applications in fuzzy data modeling,Laila A Al-Essa;Zahid Khan;Fuad S Alduais,Journal of Intelligent & Fuzzy Systems,IOS Press (bought by Sage November 2023),2023-12-21,10.3233/jifs-233357,Computer-Aided Content or Computer-Generated Content;Concerns/Issues about Referencing/Attributions;Concerns/Issues about Third Party Involvement;Compromised Peer Review;False/Forged Authorship;Investigation by Journal/Publisher;Investigation by Third Party;Paper Mill;Unreliable Results and/or Conclusions;,(B/T) Data Science;(HSC) Public Health and Safety;
64578.0,NeutroMAS4SCRM : a combined multi-agent system with neutrosophic data analytic hierarchy process framework for supply chain risk management,Ahlem Meziani;Abdelhabib Bourouis;Mohamed Sedik Chebout,Journal of Intelligent & Fuzzy Systems,IOS Press (bought by Sage November 2023),2022-11-23,10.3233/jifs-222305,Computer-Aided Content or Computer-Generated Content;Concerns/Issues about Referencing/Attributions;Concerns/Issues about Third Party Involvement;Compromised Peer Review;Investigation by Journal/Publisher;Investigation by Third Party;Paper Mill;Unreliable Results and/or Conclusions;,(B/T) Business - Management;(B/T) Data Science;
64576.0,Multi-UAV computing enabling efficient clustering-based IoT for energy reduction and data transmission,C R Komala;V Velmurugan;K Maheswari;S Deena;M Kavitha;A Rajaram,Journal of Intelligent & Fuzzy Systems,IOS Press (bought by Sage November 2023),2023-05-10,10.3233/jifs-231242,Computer-Aided Content or Computer-Generated Content;Concerns/Issues about Referencing/Attributions;Concerns/Issues about Third Party Involvement;Compromised Peer Review;False/Forged Authorship;Investigation by Journal/Publisher;Investigation by Third Party;Paper Mill;Unreliable Results and/or Conclusions;,(B/T) Data Science;(B/T) Technology;(PHY) Engineering - Electrical;
64566.0,Dual generative adversarial networks based on regression and neighbor characteristics,Weinan Jia;Ming Lu;Qing Shen;Chunzhi Tian;Xuyang Zheng,PLoS One,PLoS,2024-01-18,10.1371/journal.pone.0291656,Breach of Policy by Author;Computer-Aided Content or Computer-Generated Content;Copyright Claims;Duplication of/in Article;Euphemisms for Duplication;Investigation by Journal/Publisher;Removed;Unreliable Results and/or Conclusions;,(B/T) Computer Science;(PHY) Statistics;
64561.0,Multi-objective shuffled frog leaping algorithm for deployment of sensors in target based wireless sensor networks,N Poongavanam;N Nithiyanandam;T Suma;Venkata Nagaraju Thatha;Riaz Shaik,Journal of Intelligent & Fuzzy Systems,IOS Press (bought by Sage November 2023),2023-10-21,10.3233/jifs-233595,Computer-Aided Content or Computer-Generated Content;Concerns/Issues about Referencing/Attributions;Concerns/Issues about Third Party Involvement;Compromised Peer Review;Investigation by Journal/Publisher;Investigation by Third Party;Paper Mill;Unreliable Results and/or Conclusions;,(B/T) Computer Science;(B/T) Technology;(PHY) Engineering - Electrical;
64559.0,Multi-item economic production quantity model under single valued bipolar neutrosophic environment based on possibilistic theory,Sourav Kumar Giri;Totan Garai;Sahidul Islam,Journal of Intelligent & Fuzzy Systems,IOS Press (bought by Sage November 2023),2023-01-28,10.3233/jifs-222752,Computer-Aided Content or Computer-Generated Content;Concerns/Issues about Referencing/Attributions;Concerns/Issues about Third Party Involvement;Compromised Peer Review;Investigation by Journal/Publisher;Investigation by Third Party;Paper Mill;Unreliable Results and/or Conclusions;,(B/T) Business - Economics;(B/T) Data Science;
64557.0,Multi-criteria group decision-making method based on total distance and BWM with spatial information in Hesitant Pythagorean fuzzy environment,Jiali Wang;Wenqi Jiang;Xiwen Tao;Shanshan Yang,Journal of Intelligent & Fuzzy Systems,IOS Press (bought by Sage November 2023),2023-10-25,10.3233/jifs-233339,Computer-Aided Content or Computer-Generated Content;Concerns/Issues about Referencing/Attributions;Concerns/Issues about Third Party Involvement;Compromised Peer Review;Investigation by Journal/Publisher;Investigation by Third Party;Paper Mill;Unreliable Results and/or Conclusions;,(B/T) Data Science;
64549.0,Movie recommendation system using taymon optimized deep learning network,S Aramuthakannan;M Ramya Devi;S Lokesh;R Kumar,Journal of Intelligent & Fuzzy Systems,IOS Press (bought by Sage November 2023),2023-08-20,10.3233/jifs-231041,Cites Retracted Work;Computer-Aided Content or Computer-Generated Content;Concerns/Issues about Referencing/Attributions;Concerns/Issues about Third Party Involvement;Compromised Peer Review;Investigation by Journal/Publisher;Investigation by Third Party;Paper Mill;Unreliable Results and/or Conclusions;,(B/T) Data Science;(B/T) Technology;
64540.0,Modelling of photovoltaic cells using Boole’s rule-based multi-objective genetic algorithm implemented in Indoor hardware setup,R IssanRaj;S Visalakshi,Journal of Intelligent & Fuzzy Systems,IOS Press (bought by Sage November 2023),2023-07-10,10.3233/jifs-230663,Computer-Aided Content or Computer-Generated Content;Concerns/Issues about Referencing/Attributions;Concerns/Issues about Third Party Involvement;Compromised Peer Review;Investigation by Journal/Publisher;Investigation by Third Party;Paper Mill;Unreliable Results and/or Conclusions;,(B/T) Computer Science;(PHY) Engineering - Electrical;
64539.0,Modeling of Aquila Optimizer with Hybrid ResNet-DenseNet enabled Breast Cancer Classification on Histopathological Images,R K Chandana Mani;J Kamalakannan,Journal of Intelligent & Fuzzy Systems,IOS Press (bought by Sage November 2023),2024-01-08,10.3233/jifs-236636,Computer-Aided Content or Computer-Generated Content;Concerns/Issues about Referencing/Attributions;Concerns/Issues about Third Party Involvement;Compromised Peer Review;Investigation by Journal/Publisher;Investigation by Third Party;Paper Mill;Unreliable Results and/or Conclusions;,(B/T) Data Science;(HSC) Medicine - Oncology;(HSC) Radiology/Imaging;
64538.0,Model transformation and code generation using a secure business process model,M Mythily;Beaulah David;R Venkatesan;Iwin Thanakumar Joseph,Journal of Intelligent & Fuzzy Systems,IOS Press (bought by Sage November 2023),2023-07-28,10.3233/jifs-231359,Computer-Aided Content or Computer-Generated Content;Concerns/Issues about Referencing/Attributions;Concerns/Issues about Third Party Involvement;Compromised Peer Review;Investigation by Journal/Publisher;Investigation by Third Party;Paper Mill;Unreliable Results and/or Conclusions;,(B/T) Computer Science;(B/T) Technology;
64503.0,Model extraction via active learning by fusing prior and posterior knowledge from unlabeled data,Lijun Gao;Kai Liu;Wenjun Liu;Jiehong Wu;Xiao Jin,Journal of Intelligent & Fuzzy Systems,IOS Press (bought by Sage November 2023),2024-03-19,10.3233/jifs-239504,Computer-Aided Content or Computer-Generated Content;Concerns/Issues about Referencing/Attributions;Concerns/Issues about Third Party Involvement;Compromised Peer Review;Investigation by Journal/Publisher;Investigation by Third Party;Paper Mill;Unreliable Results and/or Conclusions;,(B/T) Data Science;
64485.0,Mobile game props recommendation for machine learning,Can Yang;Ping Li,Journal of Intelligent & Fuzzy Systems,IOS Press (bought by Sage November 2023),2022-12-03,10.3233/jifs-220703,Computer-Aided Content or Computer-Generated Content;Concerns/Issues about Referencing/Attributions;Concerns/Issues about Third Party Involvement;Compromised Peer Review;Investigation by Journal/Publisher;Investigation by Third Party;Paper Mill;Unreliable Results and/or Conclusions;,(B/T) Business - Marketing;(B/T) Data Science;
64478.0,Method for multiple attribute decision making with single-valued neutrosophic information and application to development level evaluation of rural preschool education,Shangjie Tang;Youkun Zhong,Journal of Intelligent & Fuzzy Systems,IOS Press (bought by Sage November 2023),2023-11-17,10.3233/jifs-233121,Computer-Aided Content or Computer-Generated Content;Concerns/Issues about Referencing/Attributions;Concerns/Issues about Third Party Involvement;Compromised Peer Review;Investigation by Journal/Publisher;Investigation by Third Party;Paper Mill;Unreliable Results and/or Conclusions;,(B/T) Data Science;(SOC) Education;
64465.0,Metaheruistic optimization based machine-learning approach for analysis of academic students’ strategies,Lu Wang,Journal of Intelligent & Fuzzy Systems,IOS Press (bought by Sage November 2023),2024-04-06,10.3233/jifs-234021,Computer-Aided Content or Computer-Generated Content;Concerns/Issues about Referencing/Attributions;Concerns/Issues about Third Party Involvement;Compromised Peer Review;Investigation by Journal/Publisher;Investigation by Third Party;Paper Mill;Unreliable Results and/or Conclusions;,(B/T) Computer Science;(B/T) Data Science;(B/T) Technology;(SOC) Education;
64464.0,Medical image segmentation using hybrid Contrast Limited Adaptive Histogram Equalization (CLAHE) and expectation maximization algorithm,K C Prabu Shankar;S Prayla Shyry,Journal of Intelligent & Fuzzy Systems,IOS Press (bought by Sage November 2023),2023-10-28,10.3233/jifs-233931,Computer-Aided Content or Computer-Generated Content;Concerns/Issues about Referencing/Attributions;Concerns/Issues about Third Party Involvement;Compromised Peer Review;Informed/Patient Consent - None/Withdrawn;Investigation by Journal/Publisher;Paper Mill;Unreliable Results and/or Conclusions;,(B/T) Computer Science;(B/T) Data Science;(B/T) Technology;(HSC) Radiology/Imaging;
64463.0,Medical diagnosis based on lattice ordered q-rung linear diophantine fuzzy hypersoft matrices,Surya Annamalai;Vimala Jayakumar,Journal of Intelligent & Fuzzy Systems,IOS Press (bought by Sage November 2023),2024-05-03,10.3233/jifs-219414,Computer-Aided Content or Computer-Generated Content;Concerns/Issues about Referencing/Attributions;Concerns/Issues about Third Party Involvement;Compromised Peer Review;Investigation by Journal/Publisher;Investigation by Third Party;Paper Mill;Unreliable Results and/or Conclusions;,(B/T) Computer Science;(B/T) Data Science;(B/T) Technology;(HSC) Medicine - General;
64458.0,Lung cancer detection using RF-K-means and classification with optimized ANN algorithm,O Kalaipriya;S Dhandapani,Journal of Intelligent & Fuzzy Systems,IOS Press (bought by Sage November 2023),2023-12-06,10.3233/jifs-233845,Computer-Aided Content or Computer-Generated Content;Concerns/Issues about Referencing/Attributions;Concerns/Issues about Third Party Involvement;Compromised Peer Review;Investigation by Journal/Publisher;Investigation by Third Party;Paper Mill;Unreliable Results and/or Conclusions;,(B/T) Data Science;(HSC) Medicine - Oncology;(HSC) Medicine - Pulmonology;(HSC) Radiology/Imaging;
64455.0,Location of medical warehouse applying BBTOPSIS based multi-criteria decision making with basic uncertain information,Zhifu Tao;Xinyu Wang;Benji Zhu;Peng Wu,Journal of Intelligent & Fuzzy Systems,IOS Press (bought by Sage November 2023),2023-04-17,10.3233/jifs-223835,Computer-Aided Content or Computer-Generated Content;Concerns/Issues about Referencing/Attributions;Concerns/Issues about Third Party Involvement;Compromised Peer Review;Investigation by Journal/Publisher;Investigation by Third Party;Paper Mill;Unreliable Results and/or Conclusions;,(B/T) Business - General;(B/T) Computer Science;(B/T) Data Science;(B/T) Technology;(HSC) Medicine - General;
64454.0,Load balancing in virtual machines of cloud environments using two-level particle swarm optimization algorithm,Chunrong Zhou;Zhenghong Jiang,Journal of Intelligent & Fuzzy Systems,IOS Press (bought by Sage November 2023),2023-07-22,10.3233/jifs-230828,Computer-Aided Content or Computer-Generated Content;Concerns/Issues about Referencing/Attributions;Concerns/Issues about Third Party Involvement;Compromised Peer Review;Investigation by Journal/Publisher;Investigation by Third Party;Paper Mill;Unreliable Results and/or Conclusions;,(B/T) Computer Science;(B/T) Data Science;(B/T) Technology;
64453.0,Linear diophantine multi-fuzzy soft similarity measures: An analysis on alternative-fuel,Jeevitha Kannan;Vimala Jayakumar;Mahalakshmi Pethaperumal;Nithya Sri Shanmugam,Journal of Intelligent & Fuzzy Systems,IOS Press (bought by Sage November 2023),2024-04-30,10.3233/jifs-219415,Computer-Aided Content or Computer-Generated Content;Concerns/Issues about Referencing/Attributions;Concerns/Issues about Third Party Involvement;Compromised Peer Review;Investigation by Journal/Publisher;Investigation by Third Party;Paper Mill;Unreliable Results and/or Conclusions;,(B/T) Computer Science;(B/T) Data Science;(B/T) Technology;
64452.0,Leveraging domain-adapted transformer based models for disaster-specific tweet classification,Pardeep Singh;Monika Singh;Nitin Kumar Singh;Prativa Das;Satish Chand,Journal of Intelligent & Fuzzy Systems,IOS Press (bought by Sage November 2023),2024-04-26,10.3233/jifs-219419,Computer-Aided Content or Computer-Generated Content;Concerns/Issues about Article;Concerns/Issues about Referencing/Attributions;Concerns/Issues about Third Party Involvement;Compromised Peer Review;Investigation by Journal/Publisher;Investigation by Third Party;Paper Mill;Unreliable Results and/or Conclusions;,(B/T) Computer Science;(B/T) Data Science;(B/T) Technology;
64450.0,KS-SDN-DDoS: A Kafka streams-based real-time DDoS attack classification approach for SDN environment,Amandeep Kaur;C Rama Krishna;Nilesh Vishwasrao Patil,Journal of Intelligent & Fuzzy Systems,IOS Press (bought by Sage November 2023),2024-04-23,10.3233/JIFS-219405,Computer-Aided Content or Computer-Generated Content;Concerns/Issues about Referencing/Attributions;Concerns/Issues about Third Party Involvement;Compromised Peer Review;Investigation by Journal/Publisher;Investigation by Third Party;Paper Mill;Unreliable Results and/or Conclusions;,(B/T) Computer Science;(B/T) Data Science;(B/T) Technology;
64449.0,KasNAT: Non-autoregressive machine translation for Kashmiri to English using knowledge distillation,Shailashree K Sheshadri;Deepa Gupta,Journal of Intelligent & Fuzzy Systems,IOS Press (bought by Sage November 2023),2024-04-26,10.3233/jifs-219383,Complaints about Company/Institution;Computer-Aided Content or Computer-Generated Content;Concerns/Issues about Referencing/Attributions;Concerns/Issues about Third Party Involvement;Compromised Peer Review;Investigation by Journal/Publisher;Investigation by Third Party;Paper Mill;Unreliable Results and/or Conclusions;,(B/T) Computer Science;(B/T) Data Science;(B/T) Technology;
64448.0,Joint computational and optimized resource allocation in edge computing networks,Hanumanthu Bukya;Raghuram Bhukya;A Harshavardhan,Journal of Intelligent & Fuzzy Systems,IOS Press (bought by Sage November 2023),2024-04-26,10.3233/JIFS-219421,Computer-Aided Content or Computer-Generated Content;Concerns/Issues about Referencing/Attributions;Concerns/Issues about Third Party Involvement;Compromised Peer Review;Investigation by Journal/Publisher;Investigation by Third Party;Paper Mill;Unreliable Results and/or Conclusions;,(B/T) Computer Science;(B/T) Data Science;(B/T) Technology;
64416.0,Intuitionistic uncertain linguistic prioritized aggregation operators and their application to multi-criteria decision making,Xinfan Wang;Lina Zhang;Huan Zhou;Xuebin Wang,Journal of Intelligent & Fuzzy Systems,IOS Press (bought by Sage November 2023),2023-10-10,10.3233/jifs-223829,Computer-Aided Content or Computer-Generated Content;Concerns/Issues about Referencing/Attributions;Concerns/Issues about Third Party Involvement;Compromised Peer Review;Investigation by Journal/Publisher;Investigation by Third Party;Paper Mill;Unreliable Results and/or Conclusions;,(B/T) Business - Management;(B/T) Data Science;
64405.0,Intelligent recommendation method for offline course resources tax law based on chaos particle swarm optimization algorithm,Huang Jingjing;Zhang Xu,Journal of Intelligent & Fuzzy Systems,IOS Press (bought by Sage November 2023),2023-09-20,10.3233/jifs-233095,Computer-Aided Content or Computer-Generated Content;Concerns/Issues about Referencing/Attributions;Concerns/Issues about Third Party Involvement;Compromised Peer Review;Investigation by Journal/Publisher;Investigation by Third Party;Paper Mill;Unreliable Results and/or Conclusions;,(B/T) Computer Science;(B/T) Technology;(SOC) Education;
64403.0,Intelligent fuzzy edge computing for real-time decision making in IoT-based digital twin environments,N Prasath;A Arun;B Saravanan;Kanagaraj Kamaraj,Journal of Intelligent & Fuzzy Systems,IOS Press (bought by Sage November 2023),2023-10-27,10.3233/jifs-233495,Computer-Aided Content or Computer-Generated Content;Concerns/Issues about Referencing/Attributions;Concerns/Issues about Third Party Involvement;Compromised Peer Review;Investigation by Journal/Publisher;Investigation by Third Party;Paper Mill;Unreliable Results and/or Conclusions;,(B/T) Data Science;(B/T) Technology;
64399.0,Intelligent acquisition of single-valued neutrosophic numbers based on emotional tendency analysis and its application in emergency decision making,Ruipu Tan;Chong Chen;Wende Zhang;Lehua Yang;Hangfei Ma,Journal of Intelligent & Fuzzy Systems,IOS Press (bought by Sage November 2023),2023-09-29,10.3233/jifs-231039,Computer-Aided Content or Computer-Generated Content;Concerns/Issues about Referencing/Attributions;Concerns/Issues about Third Party Involvement;Compromised Peer Review;Investigation by Journal/Publisher;Investigation by Third Party;Paper Mill;Unreliable Results and/or Conclusions;,(B/T) Data Science;(B/T) Technology;(HSC) Public Health and Safety;
64398.0,Integrating evaluation grid method and support vector regression for automobile trade booth design,Xinhui Kang;Shin’ya Nagasawa,Journal of Intelligent & Fuzzy Systems,IOS Press (bought by Sage November 2023),2023-02-14,10.3233/jifs-223364,Computer-Aided Content or Computer-Generated Content;Concerns/Issues about Referencing/Attributions;Concerns/Issues about Third Party Involvement;Compromised Peer Review;Investigation by Journal/Publisher;Investigation by Third Party;Paper Mill;Unreliable Results and/or Conclusions;,(B/T) Business - Marketing;(B/T) Data Science;
64397.0,Innovative exponential TODIM-CoCoSo framework for uncertain multiple-attribute group decision-making in the effectiveness evaluation of short video marketing strategies,Bin Zhang,Journal of Intelligent & Fuzzy Systems,IOS Press (bought by Sage November 2023),2023-12-26,10.3233/jifs-236767,Computer-Aided Content or Computer-Generated Content;Concerns/Issues about Referencing/Attributions;Concerns/Issues about Third Party Involvement;Compromised Peer Review;Investigation by Journal/Publisher;Investigation by Third Party;Paper Mill;Unreliable Results and/or Conclusions;,(B/T) Business - Marketing;(B/T) Data Science;
64386.0,Incomplete intuitionistic fuzzy behavioral group decision-making based on multigranulation probabilistic rough sets and MULTIMOORA for water quality inspection,Wenhui Bai;Chao Zhang;Yanhui Zhai;Arun Kumar Sangaiah,Journal of Intelligent & Fuzzy Systems,IOS Press (bought by Sage November 2023),2022-12-13,10.3233/jifs-222385,Computer-Aided Content or Computer-Generated Content;Concerns/Issues about Referencing/Attributions;Concerns/Issues about Third Party Involvement;Compromised Peer Review;Investigation by Journal/Publisher;Investigation by Third Party;Paper Mill;Unreliable Results and/or Conclusions;,(B/T) Data Science;(ENV) Ground/Surface Water;
64371.0,Improving sleeping quality and health under CPS: An analysis based on EEG data and support vector machine algorithm,R Subhashini;G R Hemalakshmi;R Rajalakshmi;Chuang Chen,Journal of Intelligent & Fuzzy Systems,IOS Press (bought by Sage November 2023),2023-09-07,10.3233/jifs-230765,Computer-Aided Content or Computer-Generated Content;Concerns/Issues about Referencing/Attributions;Concerns/Issues about Third Party Involvement;Compromised Peer Review;Investigation by Journal/Publisher;Investigation by Third Party;Paper Mill;Unreliable Results and/or Conclusions;,(B/T) Computer Science;(B/T) Data Science;(B/T) Technology;(HSC) Medicine - Neurology;
64370.0,Improving big data analytics data processing speed through map reduce scheduling and replica placement with HDFS using genetic optimization techniques,M R Sundara Kumar;H S Mohan,Journal of Intelligent & Fuzzy Systems,IOS Press (bought by Sage November 2023),2024-03-11,10.3233/jifs-240069,Computer-Aided Content or Computer-Generated Content;Concerns/Issues about Referencing/Attributions;Concerns/Issues about Third Party Involvement;Compromised Peer Review;Investigation by Journal/Publisher;Investigation by Third Party;Paper Mill;Unreliable Results and/or Conclusions;,(B/T) Data Science;
64362.0,Image classification using gaussian curvature based local tetra pattern descriptor with enhanced feature selection technique,S Lakshmi Narayanan;K Majella Jenvi Ignatia;Badria Sulaiman Alfurhood;Nagaraj Bhat,Journal of Intelligent & Fuzzy Systems,IOS Press (bought by Sage November 2023),2022-11-23,10.3233/jifs-222481,Computer-Aided Content or Computer-Generated Content;Concerns/Issues about Referencing/Attributions;Concerns/Issues about Third Party Involvement;Compromised Peer Review;Investigation by Journal/Publisher;Investigation by Third Party;Paper Mill;Unreliable Results and/or Conclusions;,(B/T) Computer Science;
64358.0,Identification of wheat plant disease using hybrid model of pre-processing with CNN,R Rajesh Kanna;V Ulagamuthalvi,Journal of Intelligent & Fuzzy Systems,IOS Press (bought by Sage November 2023),2023-10-28,10.3233/jifs-233672,Computer-Aided Content or Computer-Generated Content;Concerns/Issues about Referencing/Attributions;Concerns/Issues about Third Party Involvement;Compromised Peer Review;Investigation by Journal/Publisher;Investigation by Third Party;Paper Mill;Unreliable Results and/or Conclusions;,(B/T) Data Science;(B/T) Technology;(BLS) Agriculture;(BLS) Plant Biology/Botany;
64349.0,Hybrid statistical and recurrent neural network architecture implementation in FPGA device used for severe acute respiratory syndrome coronavirus detector,V M Senthilkumar;S Thenmozhi;M V Kumudavalli;U Yedukondalu,Journal of Intelligent & Fuzzy Systems,IOS Press (bought by Sage November 2023),2023-03-04,10.3233/jifs-224289,Computer-Aided Content or Computer-Generated Content;Concerns/Issues about Referencing/Attributions;Concerns/Issues about Third Party Involvement;Compromised Peer Review;Investigation by Journal/Publisher;Investigation by Third Party;Paper Mill;Unreliable Results and/or Conclusions;,(B/T) Data Science;(B/T) Technology;(HSC) Medicine - Infectious Disease;(PHY) Engineering - Electrical;
64348.0,Hybrid ResGRU: Effective brain tumour classification approach using of abnormal images,Aishwarya Rajendran;Sumathi Ganesan;T K S Rathis Babu,Journal of Intelligent & Fuzzy Systems,IOS Press (bought by Sage November 2023),2023-10-28,10.3233/jifs-233546,Computer-Aided Content or Computer-Generated Content;Concerns/Issues about Referencing/Attributions;Concerns/Issues about Third Party Involvement;Compromised Peer Review;Investigation by Journal/Publisher;Investigation by Third Party;Paper Mill;Unreliable Results and/or Conclusions;,(B/T) Computer Science;(B/T) Data Science;(B/T) Technology;(HSC) Medicine - Neurology;(HSC) Medicine - Oncology;(HSC) Radiology/Imaging;
64345.0,Hybrid Optimized Verification Methodology using Deep Reinforcement Neural Network,N Bhuvaneswary;J Deny;A Lakshmi,Journal of Intelligent & Fuzzy Systems,IOS Press (bought by Sage November 2023),2023-06-13,10.3233/jifs-232132,Computer-Aided Content or Computer-Generated Content;Concerns/Issues about Referencing/Attributions;Concerns/Issues about Third Party Involvement;Compromised Peer Review;Investigation by Journal/Publisher;Investigation by Third Party;Paper Mill;Unreliable Results and/or Conclusions;,(B/T) Data Science;(B/T) Technology;
64333.0,Hybrid intrusion detection model for Internet of Things (IoT) network environment,S Rajarajan;M G Kavitha,Journal of Intelligent & Fuzzy Systems,IOS Press (bought by Sage November 2023),2023-08-19,10.3233/jifs-233575,Computer-Aided Content or Computer-Generated Content;Concerns/Issues about Referencing/Attributions;Concerns/Issues about Third Party Involvement;Compromised Peer Review;Investigation by Journal/Publisher;Investigation by Third Party;Paper Mill;Unreliable Results and/or Conclusions;,(B/T) Computer Science;(B/T) Technology;
64331.0,Hybrid intelligent technique for intrusion detection in cyber physical systems with improved feature set,Maloth Sagar;C Vanmathi,Journal of Intelligent & Fuzzy Systems,IOS Press (bought by Sage November 2023),2023-12-15,10.3233/jifs-236400,Computer-Aided Content or Computer-Generated Content;Concerns/Issues about Referencing/Attributions;Concerns/Issues about Third Party Involvement;Compromised Peer Review;Investigation by Journal/Publisher;Investigation by Third Party;Paper Mill;Unreliable Results and/or Conclusions;,(B/T) Data Science;(B/T) Technology;
64326.0,Hybrid anomaly detection: Leveraging autoencoder for feature learning and random forest neural network for discriminative classification,M Maheswari;D Anitha;Aditi Sharma;Kiranpreet Kaur;V Balamurugan;Bindu Garikapati;R Dineshkumar;P Karunakaran,Journal of Intelligent & Fuzzy Systems,IOS Press (bought by Sage November 2023),2024-04-03,10.3233/jifs-240028,Computer-Aided Content or Computer-Generated Content;Concerns/Issues about Referencing/Attributions;Concerns/Issues about Third Party Involvement;Compromised Peer Review;Investigation by Journal/Publisher;Investigation by Third Party;Paper Mill;Unreliable Results and/or Conclusions;,(B/T) Data Science;
64324.0,Horizontal federated differential evolution algorithm for the optimization of fuzzy clusters,Junhui Liu;Guozhu Li;Chen Gao,Journal of Intelligent & Fuzzy Systems,IOS Press (bought by Sage November 2023),2023-07-22,10.3233/jifs-232709,Computer-Aided Content or Computer-Generated Content;Concerns/Issues about Referencing/Attributions;Concerns/Issues about Third Party Involvement;Compromised Peer Review;Investigation by Journal/Publisher;Investigation by Third Party;Paper Mill;Unreliable Results and/or Conclusions;,(B/T) Data Science;
64323.0,Hierarchical structure optimal setting approach for production indexes of the rolling heating furnace temperature field,Qingfeng Bao;Sen Zhang;Jin Guo;Dawei Ding;Zhenquan Zhang,Journal of Intelligent & Fuzzy Systems,IOS Press (bought by Sage November 2023),2023-05-22,10.3233/jifs-223441,Computer-Aided Content or Computer-Generated Content;Concerns/Issues about Referencing/Attributions;Concerns/Issues about Third Party Involvement;Compromised Peer Review;Investigation by Journal/Publisher;Investigation by Third Party;Paper Mill;Unreliable Results and/or Conclusions;,(B/T) Business - Manufacturing;(B/T) Computer Science;(PHY) Engineering - Mechanical;
64321.0,HGPSO: An efficient scientific workflow scheduling in cloud environment using a hybrid optimization algorithm,K M Umamaheswari;A M J Muthu kumaran,Journal of Intelligent & Fuzzy Systems,IOS Press (bought by Sage November 2023),2022-12-08,10.3233/jifs-222842,Computer-Aided Content or Computer-Generated Content;Concerns/Issues about Referencing/Attributions;Concerns/Issues about Third Party Involvement;Compromised Peer Review;Investigation by Journal/Publisher;Investigation by Third Party;Paper Mill;Unreliable Results and/or Conclusions;,(B/T) Computer Science;(B/T) Technology;
64314.0,Advancements in intrusion detection: A lightweight hybrid RNN-RF model,Nasrullah Khan;Muhammad Ismail Mohmand;Sadaqat Ur Rehman;Zia Ullah;Zahid Khan;Wadii Boulila,PLoS One,PLoS,2024-06-21,10.1371/journal.pone.0299666,Computer-Aided Content or Computer-Generated Content;Concerns/Issues about Article;Concerns/Issues about Results and/or Conclusions;Concerns/Issues about Peer Review;Error in Methods;Compromised Peer Review;Investigation by Journal/Publisher;Objections by Author(s);Unreliable Results and/or Conclusions;,(B/T) Computer Science;(B/T) Data Science;(B/T) Technology;
64305.0,Helmet-wearing detection with intelligent learning approach,Ke Huang;Limin Zhang,Journal of Intelligent & Fuzzy Systems,IOS Press (bought by Sage November 2023),2023-06-30,10.3233/jifs-230666,Computer-Aided Content or Computer-Generated Content;Concerns/Issues about Referencing/Attributions;Concerns/Issues about Third Party Involvement;Compromised Peer Review;Investigation by Journal/Publisher;Investigation by Third Party;Paper Mill;Unreliable Results and/or Conclusions;,(B/T) Data Science;(B/T) Technology;(HSC) Occupational Health and Safety;
64304.0,Heart disease prediction (HDP) using Artificial Intelligence and IoMT for intelligent healthcare models,F Syed Anwar Hussainy;Senthil Kumar Thillaigovindan;T Sabhanayagam,Journal of Intelligent & Fuzzy Systems,IOS Press (bought by Sage November 2023),2023-08-02,10.3233/jifs-232517,Computer-Aided Content or Computer-Generated Content;Concerns/Issues about Referencing/Attributions;Concerns/Issues about Third Party Involvement;Compromised Peer Review;Investigation by Journal/Publisher;Investigation by Third Party;Paper Mill;Unreliable Results and/or Conclusions;,(B/T) Data Science;(B/T) Technology;(HSC) Medicine - Cardiovascular;(HSC) Public Health and Safety;
64303.0,Hamy mean operator under complex picture fuzzy environment and its application to disaster management program,Muhammad Ishfaq Khan;Abdullah Eqal Almazrooei;Yanhong Li;Muhammad Ibrar;Fatima Nazif;Abdul Latif,Journal of Intelligent & Fuzzy Systems,IOS Press (bought by Sage November 2023),2023-09-19,10.3233/jifs-232529,Computer-Aided Content or Computer-Generated Content;Concerns/Issues about Referencing/Attributions;Concerns/Issues about Third Party Involvement;Compromised Peer Review;Investigation by Journal/Publisher;Investigation by Third Party;Paper Mill;Unreliable Results and/or Conclusions;,(B/T) Computer Science;
64301.0,Group decision-making with multiplicative probabilistic linguistic preference relations based on consistency improvement and upgraded multiplicative DEA cross-efficiency,Jinpei Liu;Anxing Bao;Feifei Jin;Ligang Zhou;Longlong Shao,Journal of Intelligent & Fuzzy Systems,IOS Press (bought by Sage November 2023),2023-03-21,10.3233/jifs-223117,Computer-Aided Content or Computer-Generated Content;Concerns/Issues about Referencing/Attributions;Concerns/Issues about Third Party Involvement;Compromised Peer Review;Investigation by Journal/Publisher;Investigation by Third Party;Paper Mill;Unreliable Results and/or Conclusions;,(B/T) Computer Science;(PHY) Mathematics;
64300.0,Group decision-making methods based on probabilistic hesitant N-soft sets,Xiaomin Wang;Xueyuan Zhang;Rui Zhou,Journal of Intelligent & Fuzzy Systems,IOS Press (bought by Sage November 2023),2023-04-28,10.3233/jifs-222563,Computer-Aided Content or Computer-Generated Content;Concerns/Issues about Referencing/Attributions;Concerns/Issues about Third Party Involvement;Compromised Peer Review;Investigation by Journal/Publisher;Investigation by Third Party;Paper Mill;Unreliable Results and/or Conclusions;,(B/T) Computer Science;(PHY) Mathematics;
64298.0,Green knowledge management capability assessment based on interval-valued intuitionistic Fuzzy EWM-TOPSIS-Sort-B,Jiafu Su;Baojian Xu;Hongyu Liu;Yijun Chen;Xiaoli Zhang,Journal of Intelligent & Fuzzy Systems,IOS Press (bought by Sage November 2023),2024-04-04,10.3233/jifs-239001,Computer-Aided Content or Computer-Generated Content;Concerns/Issues about Referencing/Attributions;Concerns/Issues about Third Party Involvement;Compromised Peer Review;Investigation by Journal/Publisher;Investigation by Third Party;Paper Mill;Unreliable Results and/or Conclusions;,(B/T) Business - Management;(B/T) Computer Science;
64297.0,Granular computing approach for the ordinal semantic weighted multiscale values for the attributes in formal concept analysis algorithm,Imran Ali;Yongming Li;Witold Pedrycz,Journal of Intelligent & Fuzzy Systems,IOS Press (bought by Sage November 2023),2023-05-22,10.3233/jifs-223764,Computer-Aided Content or Computer-Generated Content;Concerns/Issues about Referencing/Attributions;Concerns/Issues about Third Party Involvement;Compromised Peer Review;Investigation by Journal/Publisher;Investigation by Third Party;Paper Mill;Unreliable Results and/or Conclusions;,(B/T) Computer Science;(ENV) Environmental Sciences;
64289.0,GANSharp: High-definition image reconstruction using generative adversarial networks,A Jenefa;Antony Taurshia;V Edward Naveen;Bessy M Kuriakose;T M Thiyagu,Journal of Intelligent & Fuzzy Systems,IOS Press (bought by Sage November 2023),2024-05-03,10.3233/jifs-238597,Computer-Aided Content or Computer-Generated Content;Concerns/Issues about Referencing/Attributions;Concerns/Issues about Third Party Involvement;Compromised Peer Review;Investigation by Journal/Publisher;Investigation by Third Party;Paper Mill;Unreliable Results and/or Conclusions;,(B/T) Computer Science;(B/T) Data Science;
64288.0,"Fuzzy-enhanced adaptive multi-layered cloud security framework leveraging artificial intelligence, quantum-resistant cryptography, and fuzzy systems for robust protection",F Niyasudeen;M Mohan,Journal of Intelligent & Fuzzy Systems,IOS Press (bought by Sage November 2023),2023-12-15,10.3233/jifs-233462,Computer-Aided Content or Computer-Generated Content;Concerns/Issues about Referencing/Attributions;Concerns/Issues about Third Party Involvement;Compromised Peer Review;Investigation by Journal/Publisher;Investigation by Third Party;Paper Mill;Unreliable Results and/or Conclusions;,(B/T) Computer Science;(B/T) Data Science;(B/T) Technology;
64280.0,Fuzzy optimisation for business analytics: A bibliometric analysis,Luis Cisneros;Gilberto Rivera;Rogelio Florencia;J Patricia Sánchez-Solís,Journal of Intelligent & Fuzzy Systems,IOS Press (bought by Sage November 2023),2022-11-12,10.3233/jifs-221573,Computer-Aided Content or Computer-Generated Content;Concerns/Issues about Referencing/Attributions;Concerns/Issues about Third Party Involvement;Compromised Peer Review;Investigation by Journal/Publisher;Investigation by Third Party;Paper Mill;Unreliable Results and/or Conclusions;,(B/T) Computer Science;(B/T) Data Science;(B/T) Technology;
64277.0,Fuzzy multiple attribute decision making method for multimedia teaching effectiveness comprehensive evaluation in college english with double-valued neutrosophic numbers,Meng Gong,Journal of Intelligent & Fuzzy Systems,IOS Press (bought by Sage November 2023),2023-07-20,10.3233/jifs-233116,Computer-Aided Content or Computer-Generated Content;Concerns/Issues about Referencing/Attributions;Concerns/Issues about Third Party Involvement;Compromised Peer Review;False/Forged Authorship;Investigation by Journal/Publisher;Investigation by Third Party;Paper Mill;Unreliable Results and/or Conclusions;,(B/T) Computer Science;(B/T) Data Science;(B/T) Technology;(SOC) Education;(SOC) Linguistics;
64275.0,Fuzzy logic-based fault detection in containerized data centers using digital twins,M Vinoth Kumar;B R Supreeth;M Hariprabhu;P Shanmuga Priya;Ahmed Najat Ahmed;Trupti Nagrare;Shruti Mathur;G Manikandan,Journal of Intelligent & Fuzzy Systems,IOS Press (bought by Sage November 2023),2023-12-21,10.3233/jifs-233736,Computer-Aided Content or Computer-Generated Content;Concerns/Issues about Referencing/Attributions;Concerns/Issues about Third Party Involvement;Compromised Peer Review;Investigation by Journal/Publisher;Investigation by Third Party;Paper Mill;Unreliable Results and/or Conclusions;,(B/T) Computer Science;(B/T) Data Science;(B/T) Technology;
64273.0,Fuzzy logic optimization with regression analysis on EDM machining parameters of Si3N4-TiN ceramic composites,L Selvarajan;K Venkataramanan;R Rajavel;T S Senthilkumar,Journal of Intelligent & Fuzzy Systems,IOS Press (bought by Sage November 2023),2023-03-09,10.3233/jifs-223650,Computer-Aided Content or Computer-Generated Content;Concerns/Issues about Referencing/Attributions;Concerns/Issues about Third Party Involvement;Compromised Peer Review;Investigation by Journal/Publisher;Investigation by Third Party;Paper Mill;Unreliable Results and/or Conclusions;,(B/T) Computer Science;(B/T) Data Science;(B/T) Technology;(PHY) Materials Science;
64271.0,Fuzzy comprehensive evaluation model in the evaluation of English teaching quality,Liyang Wang;Xiao Yang,Journal of Intelligent & Fuzzy Systems,IOS Press (bought by Sage November 2023),2023-09-19,10.3233/jifs-232034,Computer-Aided Content or Computer-Generated Content;Concerns/Issues about Referencing/Attributions;Concerns/Issues about Third Party Involvement;Compromised Peer Review;Investigation by Journal/Publisher;Investigation by Third Party;Paper Mill;Unreliable Results and/or Conclusions;,(B/T) Computer Science;(B/T) Data Science;(B/T) Technology;(SOC) Education;(SOC) Linguistics;
64270.0,Fuzzy C-means clustering with hesitant fuzzy linguistic preference relation,Xueling Zhou;Lei Sun;Cuiping Wei,Journal of Intelligent & Fuzzy Systems,IOS Press (bought by Sage November 2023),2023-10-05,10.3233/jifs-224098,Computer-Aided Content or Computer-Generated Content;Concerns/Issues about Referencing/Attributions;Concerns/Issues about Third Party Involvement;Compromised Peer Review;Investigation by Journal/Publisher;Investigation by Third Party;Paper Mill;Unreliable Results and/or Conclusions;,(B/T) Computer Science;(B/T) Data Science;(B/T) Technology;
64269.0,Future directions of artificial intelligence integration: Managing strategies and opportunities,R Sundar;Ziaul Haque Choudhury;M Chiranjivi;Gayatri Parasa;Praseeda Ravuri;M Sivaram;Balambigai Subramanian;Kireet Muppavaram;Vijaya Madhavi Lakshmi Challa,Journal of Intelligent & Fuzzy Systems,IOS Press (bought by Sage November 2023),2024-01-25,10.3233/jifs-238830,Computer-Aided Content or Computer-Generated Content;Concerns/Issues about Referencing/Attributions;Concerns/Issues about Third Party Involvement;Compromised Peer Review;Investigation by Journal/Publisher;Investigation by Third Party;Paper Mill;Unreliable Results and/or Conclusions;,(B/T) Computer Science;(B/T) Data Science;(B/T) Technology;
64268.0,Framework for service quality evaluation of international logistics enterprises from the perspective of cross-border e-commerce supply chain under spherical fuzzy sets,Xiujing Sun,Journal of Intelligent & Fuzzy Systems,IOS Press (bought by Sage November 2023),2023-10-25,10.3233/jifs-233384,Computer-Aided Content or Computer-Generated Content;Concerns/Issues about Referencing/Attributions;Concerns/Issues about Third Party Involvement;Compromised Peer Review;Investigation by Journal/Publisher;Investigation by Third Party;Paper Mill;Unreliable Results and/or Conclusions;,(B/T) Business - Economics;(B/T) Computer Science;(B/T) Data Science;(B/T) Technology;
64260.0,Fermatean fuzzy multi-criteria group decision making approach based on reliability of decision information,Weize Wang;Yurui Feng,Journal of Intelligent & Fuzzy Systems,IOS Press (bought by Sage November 2023),2023-04-10,10.3233/jifs-223014,Computer-Aided Content or Computer-Generated Content;Concerns/Issues about Referencing/Attributions;Concerns/Issues about Third Party Involvement;Compromised Peer Review;Investigation by Journal/Publisher;Investigation by Third Party;Paper Mill;Unreliable Results and/or Conclusions;,(B/T) Computer Science;(B/T) Data Science;(B/T) Technology;
64259.0,Federated aggregation method based on cosine similarity approximation Shapley value method contribution degree,Chengfei Ma;Xiaolei Yang;Heng Lu;Siyuan He;Yongshan Liu,Journal of Intelligent & Fuzzy Systems,IOS Press (bought by Sage November 2023),2024-03-15,10.3233/jifs-236977,Computer-Aided Content or Computer-Generated Content;Concerns/Issues about Referencing/Attributions;Concerns/Issues about Third Party Involvement;Compromised Peer Review;Investigation by Journal/Publisher;Investigation by Third Party;Paper Mill;Unreliable Results and/or Conclusions;,(B/T) Computer Science;(B/T) Data Science;(B/T) Technology;
64258.0,Feature selection using fuzzy-neighborhood relative decision entropy with class-level priority fusion,Xianyong Zhang;Qian Wang;Yunrui Fan,Journal of Intelligent & Fuzzy Systems,IOS Press (bought by Sage November 2023),2023-03-22,10.3233/jifs-223384,Computer-Aided Content or Computer-Generated Content;Concerns/Issues about Referencing/Attributions;Concerns/Issues about Third Party Involvement;Compromised Peer Review;Investigation by Journal/Publisher;Investigation by Third Party;Paper Mill;Unreliable Results and/or Conclusions;,(B/T) Computer Science;(B/T) Data Science;(B/T) Technology;
64257.0,FCTNet: Fusion of 3D CNN and transformer dance action recognition network,Tao Ning;Tingting Zhang;Guowei Huang,Journal of Intelligent & Fuzzy Systems,IOS Press (bought by Sage November 2023),2024-03-20,10.3233/jifs-235302,Computer-Aided Content or Computer-Generated Content;Concerns/Issues about Referencing/Attributions;Concerns/Issues about Third Party Involvement;Compromised Peer Review;Investigation by Journal/Publisher;Investigation by Third Party;Paper Mill;Unreliable Results and/or Conclusions;,(B/T) Computer Science;(B/T) Data Science;(B/T) Technology;
64256.0,FBCNN-TSA: An optimal deep learning model for banana ripening stages classification,N Saranya;K Srinivasan;S K Pravin Kumar,Journal of Intelligent & Fuzzy Systems,IOS Press (bought by Sage November 2023),2022-12-26,10.3233/jifs-221841,Computer-Aided Content or Computer-Generated Content;Concerns/Issues about Referencing/Attributions;Concerns/Issues about Third Party Involvement;Compromised Peer Review;Investigation by Journal/Publisher;Investigation by Third Party;Paper Mill;Unreliable Results and/or Conclusions;,(B/T) Computer Science;(B/T) Data Science;(B/T) Technology;
64254.0,Facility location problem using the concept of double domination in m-polar interval-valued fuzzy graph,Sanchari Bera;Ghulam Muhiuddin;Madhumangal Pal,Journal of Intelligent & Fuzzy Systems,IOS Press (bought by Sage November 2023),2023-08-20,10.3233/jifs-223054,Computer-Aided Content or Computer-Generated Content;Concerns/Issues about Referencing/Attributions;Concerns/Issues about Third Party Involvement;Compromised Peer Review;Investigation by Journal/Publisher;Investigation by Third Party;Paper Mill;Unreliable Results and/or Conclusions;,(B/T) Business - General;(B/T) Computer Science;(B/T) Data Science;(B/T) Technology;
64252.0,Exponential information measures-driven Pythagorean fuzzy MADM method and its application to new energy battery supplier evaluation problem,Feifei Jin;Danning Li;Shuyan Guo;Ligang Zhou;Yi Chen;Jiaming Zhu,Journal of Intelligent & Fuzzy Systems,IOS Press (bought by Sage November 2023),2023-05-29,10.3233/jifs-223088,Computer-Aided Content or Computer-Generated Content;Concerns/Issues about Referencing/Attributions;Concerns/Issues about Third Party Involvement;Compromised Peer Review;Investigation by Journal/Publisher;Investigation by Third Party;Paper Mill;Unreliable Results and/or Conclusions;,(B/T) Business - General;(B/T) Computer Science;(B/T) Data Science;(B/T) Technology;(PHY) Energy;
64251.0,Exploring the sustainable development path of green financial system in the context of carbon neutrality and carbon peaking based on quality function deployment and G1-entropy methods: Evidence from China,Zhichao Liu,Journal of Intelligent & Fuzzy Systems,IOS Press (bought by Sage November 2023),2023-03-04,10.3233/jifs-222935,Computer-Aided Content or Computer-Generated Content;Concerns/Issues about Referencing/Attributions;Concerns/Issues about Third Party Involvement;Compromised Peer Review;Investigation by Journal/Publisher;Investigation by Third Party;Paper Mill;Unreliable Results and/or Conclusions;,(B/T) Computer Science;(B/T) Data Science;(B/T) Technology;(ENV) Environmental Sciences;
64250.0,Evolutionary game analysis of inter-organizational trust and technology sharing behavior in enterprise collaborative innovation,Huajie Xu;Yanping Zhou;Huiying Chen;Yuanyuan Kou,Journal of Intelligent & Fuzzy Systems,IOS Press (bought by Sage November 2023),2023-07-20,10.3233/jifs-231898,Computer-Aided Content or Computer-Generated Content;Concerns/Issues about Referencing/Attributions;Concerns/Issues about Third Party Involvement;Compromised Peer Review;Investigation by Journal/Publisher;Investigation by Third Party;Paper Mill;Unreliable Results and/or Conclusions;,(B/T) Business - General;(B/T) Computer Science;(B/T) Data Science;(B/T) Technology;
64245.0,Evaluation of multimodal data-driven financial risk prediction methods for corporate green credit,Ke Wang;Tianrui Gu;Xiaoye Du,Journal of Intelligent & Fuzzy Systems,IOS Press (bought by Sage November 2023),2024-04-03,10.3233/jifs-237691,Computer-Aided Content or Computer-Generated Content;Concerns/Issues about Referencing/Attributions;Concerns/Issues about Third Party Involvement;Compromised Peer Review;Investigation by Journal/Publisher;Investigation by Third Party;Paper Mill;Unreliable Results and/or Conclusions;,(B/T) Business - Economics;(B/T) Computer Science;(B/T) Data Science;(B/T) Technology;
64243.0,Evaluation of dynamic technological innovation capability in high-tech enterprises based on pythagorean fuzzy LBWA and MULTIMOORA,Xiangqian Feng;Minawaer Zibibula;Cuiping Wei,Journal of Intelligent & Fuzzy Systems,IOS Press (bought by Sage November 2023),2023-03-15,10.3233/jifs-222965,Computer-Aided Content or Computer-Generated Content;Concerns/Issues about Referencing/Attributions;Concerns/Issues about Third Party Involvement;Compromised Peer Review;Informed/Patient Consent - None/Withdrawn;Investigation by Journal/Publisher;Investigation by Third Party;Paper Mill;Unreliable Results and/or Conclusions;,(B/T) Business - General;(B/T) Computer Science;(B/T) Data Science;(B/T) Technology;
64242.0,Evaluation method of English online course teaching effect based on ResNet algorithm,Juan Yang,Journal of Intelligent & Fuzzy Systems,IOS Press (bought by Sage November 2023),2023-07-03,10.3233/jifs-230048,Computer-Aided Content or Computer-Generated Content;Concerns/Issues about Referencing/Attributions;Concerns/Issues about Third Party Involvement;Compromised Peer Review;Investigation by Journal/Publisher;Investigation by Third Party;Paper Mill;Unreliable Results and/or Conclusions;,(B/T) Computer Science;(B/T) Data Science;(B/T) Technology;(SOC) Education;(SOC) Linguistics;
64241.0,Evaluation method of agricultural environmental geological system state based on optimized particle swarm optimization algorithm,Tao Li;C Liu;Xingle Qu;Linjia Guo;Jiangping Fang,Journal of Intelligent & Fuzzy Systems,IOS Press (bought by Sage November 2023),2023-12-16,10.3233/jifs-236184,Computer-Aided Content or Computer-Generated Content;Concerns/Issues about Referencing/Attributions;Concerns/Issues about Third Party Involvement;Compromised Peer Review;Investigation by Journal/Publisher;Investigation by Third Party;Paper Mill;Unreliable Results and/or Conclusions;,(B/T) Computer Science;(B/T) Data Science;(B/T) Technology;(BLS) Agriculture;(ENV) Environmental Sciences;
64240.0,Evaluation and prediction of the transformer health index based on matter element information entropy and SVM,Guocheng Niu;Dongmei Hu;Yang Zhao;M E Eladdad,Journal of Intelligent & Fuzzy Systems,IOS Press (bought by Sage November 2023),2023-09-08,10.3233/jifs-182785,Computer-Aided Content or Computer-Generated Content;Concerns/Issues about Referencing/Attributions;Concerns/Issues about Third Party Involvement;Compromised Peer Review;Investigation by Journal/Publisher;Investigation by Third Party;Paper Mill;Unreliable Results and/or Conclusions;,(B/T) Computer Science;(B/T) Data Science;(B/T) Technology;(HSC) Medicine - General;
64238.0,Estimation of properties of ultra great workability concrete by optimized ANFIS models,Yaqin Wang;Jing Xu;Chen Luo,Journal of Intelligent & Fuzzy Systems,IOS Press (bought by Sage November 2023),2022-11-03,10.3233/jifs-221409,Computer-Aided Content or Computer-Generated Content;Concerns/Issues about Referencing/Attributions;Concerns/Issues about Third Party Involvement;Compromised Peer Review;Investigation by Journal/Publisher;Investigation by Third Party;Paper Mill;Unreliable Results and/or Conclusions;,(B/T) Computer Science;(B/T) Data Science;(B/T) Technology;(PHY) Materials Science;
64237.0,Estimation of 3D anatomically précised hand poses using single shot corrective CNN,Pallavi Malavath;Nagaraju Devarakonda,Journal of Intelligent & Fuzzy Systems,IOS Press (bought by Sage November 2023),2023-08-04,10.3233/jifs-231779,Computer-Aided Content or Computer-Generated Content;Concerns/Issues about Referencing/Attributions;Concerns/Issues about Third Party Involvement;Compromised Peer Review;Investigation by Journal/Publisher;Investigation by Third Party;Paper Mill;Unreliable Results and/or Conclusions;,(B/T) Computer Science;(B/T) Data Science;(B/T) Technology;
64236.0,Enhancing the feature selection by employing improved optimization with Simulated Annealing Algorithm for dimensionality reduction in intrusion detection dataset,A Arulmurugan;G Jose Moses;Ongole Gandhi;M Sheshikala;A Arthie,Journal of Intelligent & Fuzzy Systems,IOS Press (bought by Sage November 2023),2023-11-10,10.3233/jifs-233557,Computer-Aided Content or Computer-Generated Content;Concerns/Issues about Referencing/Attributions;Concerns/Issues about Third Party Involvement;Compromised Peer Review;Investigation by Journal/Publisher;Investigation by Third Party;Paper Mill;Unreliable Results and/or Conclusions;,(B/T) Computer Science;(B/T) Data Science;(B/T) Technology;
64235.0,Enhancing spectrum utilization and primary user detection in cognitive radio networks through greedy cooperative spectrum sensing,S Dhivya;A Rajeswari,Journal of Intelligent & Fuzzy Systems,IOS Press (bought by Sage November 2023),2024-03-09,10.3233/jifs-239871,Computer-Aided Content or Computer-Generated Content;Concerns/Issues about Referencing/Attributions;Concerns/Issues about Third Party Involvement;Compromised Peer Review;Investigation by Journal/Publisher;Investigation by Third Party;Paper Mill;Unreliable Results and/or Conclusions;,(B/T) Computer Science;(B/T) Data Science;(B/T) Technology;
64234.0,Enhancing QoE predictions with complex neural networks and diverse datasets,S K Mahaboob Basha;S A Kalaiselvan,Journal of Intelligent & Fuzzy Systems,IOS Press (bought by Sage November 2023),2023-08-10,10.3233/jifs-233777,Computer-Aided Content or Computer-Generated Content;Concerns/Issues about Referencing/Attributions;Concerns/Issues about Third Party Involvement;Compromised Peer Review;Investigation by Journal/Publisher;Investigation by Third Party;Paper Mill;Unreliable Results and/or Conclusions;,(B/T) Computer Science;(B/T) Data Science;(B/T) Technology;
64233.0,Enhancing medical image analysis: A fusion of fully connected neural network classifier with CNN-VIT for improved retinal disease detection,Khaja Mannanuddin;V R Vimal;Angalkuditi Srinivas;S D Uma Mageswari;G Mahendran;J Ramya;Ashok Kumar;Pranjal Das;R G Vidhya,Journal of Intelligent & Fuzzy Systems,IOS Press (bought by Sage November 2023),2023-10-25,10.3233/jifs-235055,Computer-Aided Content or Computer-Generated Content;Concerns/Issues about Referencing/Attributions;Concerns/Issues about Third Party Involvement;Compromised Peer Review;Investigation by Journal/Publisher;Investigation by Third Party;Paper Mill;Unreliable Results and/or Conclusions;,(B/T) Computer Science;(B/T) Data Science;(B/T) Technology;
64232.0,Enhanced TODIM method based on VIKOR for interval neutrosophic MAGDM and applications to brand competitiveness evaluation of manufacturing enterprises,Peixi Sun;Yixuan Wang;Jaehoon Song,Journal of Intelligent & Fuzzy Systems,IOS Press (bought by Sage November 2023),2023-09-23,10.3233/jifs-232001,Computer-Aided Content or Computer-Generated Content;Concerns/Issues about Referencing/Attributions;Concerns/Issues about Third Party Involvement;Compromised Peer Review;Investigation by Journal/Publisher;Investigation by Third Party;Paper Mill;Unreliable Results and/or Conclusions;,(B/T) Computer Science;(B/T) Data Science;(B/T) Technology;
64231.0,Enhanced MABAC method for Pythagorean 2-tuple linguistic MAGDM and their applications to quality evaluation of construction project,Lin Liu,Journal of Intelligent & Fuzzy Systems,IOS Press (bought by Sage November 2023),2023-05-02,10.3233/jifs-230963,Computer-Aided Content or Computer-Generated Content;Concerns/Issues about Referencing/Attributions;Concerns/Issues about Third Party Involvement;Compromised Peer Review;Investigation by Journal/Publisher;Investigation by Third Party;Paper Mill;Unreliable Results and/or Conclusions;,(B/T) Computer Science;(B/T) Data Science;(B/T) Technology;
64230.0,Enhanced Lion Optimization Algorithm and deep belief network for intrusion detection with SDN enabled IoT networks,D Suresh Babu;M Ramakrishnan,Journal of Intelligent & Fuzzy Systems,IOS Press (bought by Sage November 2023),2023-07-31,10.3233/jifs-232532,Computer-Aided Content or Computer-Generated Content;Concerns/Issues about Referencing/Attributions;Concerns/Issues about Third Party Involvement;Compromised Peer Review;Investigation by Journal/Publisher;Investigation by Third Party;Paper Mill;Unreliable Results and/or Conclusions;,(B/T) Computer Science;(B/T) Data Science;(B/T) Technology;
64229.0,Enhanced D-CNN architecture and centroid-based algorithm for real-time vehicle tracking and accident detection from surveillance videos,Ann Rija Paul;E Grace Mary Kanaga,Journal of Intelligent & Fuzzy Systems,IOS Press (bought by Sage November 2023),2023-09-21,10.3233/jifs-235911,Computer-Aided Content or Computer-Generated Content;Concerns/Issues about Referencing/Attributions;Concerns/Issues about Third Party Involvement;Compromised Peer Review;Investigation by Journal/Publisher;Investigation by Third Party;Paper Mill;Unreliable Results and/or Conclusions;,(B/T) Computer Science;(B/T) Data Science;(B/T) Technology;
64227.0,Energy efficient routing using adaptive elephant herding optimization for IoT-WSN,K Sivakami;P Vijayalakshmi,Journal of Intelligent & Fuzzy Systems,IOS Press (bought by Sage November 2023),2023-07-15,10.3233/jifs-224251,Computer-Aided Content or Computer-Generated Content;Concerns/Issues about Referencing/Attributions;Concerns/Issues about Third Party Involvement;Compromised Peer Review;Investigation by Journal/Publisher;Investigation by Third Party;Paper Mill;Unreliable Results and/or Conclusions;,(B/T) Computer Science;(B/T) Data Science;(B/T) Technology;
64225.0,Energies of T-spherical fuzzy graph based on novel Aczel-Alsina T-norm and T-conorm with their applications in decision making,Mah Noor;Muhammad Kamran Jamil;Kifayat Ullah;Muhammad Azeem;Dragan Pamucar;Bandar Almohsen,Journal of Intelligent & Fuzzy Systems,IOS Press (bought by Sage November 2023),2023-07-17,10.3233/jifs-231086,Computer-Aided Content or Computer-Generated Content;Concerns/Issues about Referencing/Attributions;Concerns/Issues about Third Party Involvement;Compromised Peer Review;Investigation by Journal/Publisher;Investigation by Third Party;Paper Mill;Unreliable Results and/or Conclusions;,(B/T) Computer Science;(B/T) Data Science;(B/T) Technology;
64223.0,Efficient IoT-machine learning assisted heart failure prediction using adaptive fuzzy-based LSTM-RNN algorithm,V Karuppuchamy;S Palanivelrajan,Journal of Intelligent & Fuzzy Systems,IOS Press (bought by Sage November 2023),2023-03-31,10.3233/jifs-224298,Computer-Aided Content or Computer-Generated Content;Concerns/Issues about Referencing/Attributions;Concerns/Issues about Third Party Involvement;Compromised Peer Review;Investigation by Journal/Publisher;Investigation by Third Party;Paper Mill;Unreliable Results and/or Conclusions;,(B/T) Computer Science;(B/T) Data Science;(B/T) Technology;
64222.0,Efficient disease identification using symptom-based ensemble models and bayes-search optimization,Manjula Rani Indupalli;Gera Pradeepini,Journal of Intelligent & Fuzzy Systems,IOS Press (bought by Sage November 2023),2024-02-29,10.3233/jifs-236137,Computer-Aided Content or Computer-Generated Content;Concerns/Issues about Referencing/Attributions;Concerns/Issues about Third Party Involvement;Compromised Peer Review;Investigation by Journal/Publisher;Investigation by Third Party;Paper Mill;Unreliable Results and/or Conclusions;,(B/T) Computer Science;(B/T) Data Science;(B/T) Technology;
64221.0,ED algorithm of inscription picture combining fuzzy logic rules,Wei Guo;Chuchen Zhang,Journal of Intelligent & Fuzzy Systems,IOS Press (bought by Sage November 2023),2023-05-26,10.3233/jifs-230218,Computer-Aided Content or Computer-Generated Content;Concerns/Issues about Referencing/Attributions;Concerns/Issues about Third Party Involvement;Compromised Peer Review;Investigation by Journal/Publisher;Investigation by Third Party;Paper Mill;Unreliable Results and/or Conclusions;,(B/T) Computer Science;(B/T) Data Science;(B/T) Technology;
64219.0,E-commerce brand authenticity perception model of territorial characteristic agricultural products based on fuzzy cognitive map and emotional analysis,Yanling Sun;Xiaojing Liu;Haoyue Chen;Li Zhu;Yingji Li,Journal of Intelligent & Fuzzy Systems,IOS Press (bought by Sage November 2023),2023-06-14,10.3233/jifs-230251,Computer-Aided Content or Computer-Generated Content;Concerns/Issues about Referencing/Attributions;Concerns/Issues about Third Party Involvement;Compromised Peer Review;Investigation by Journal/Publisher;Investigation by Third Party;Paper Mill;Unreliable Results and/or Conclusions;,(B/T) Computer Science;(B/T) Data Science;(B/T) Technology;
64218.0,Earlier detection of occult peritoneal metastasis by Pro_Segment in gastric cancer employing augmented deep learning techniques in big data with medical IoT (MIoT),R Sendhil;A Arulmurugan;G Jose Moses;R Kaviarasan;P Ramadoss,Journal of Intelligent & Fuzzy Systems,IOS Press (bought by Sage November 2023),2023-11-02,10.3233/jifs-233510,Computer-Aided Content or Computer-Generated Content;Concerns/Issues about Referencing/Attributions;Concerns/Issues about Third Party Involvement;Compromised Peer Review;Investigation by Journal/Publisher;Investigation by Third Party;Paper Mill;Unreliable Results and/or Conclusions;,(B/T) Computer Science;(B/T) Data Science;(B/T) Technology;(HSC) Medicine - Gastroenterology;(HSC) Medicine - Oncology;
64217.0,Dynamic load balancing in IoT-enabled WSNs using fuzzy logic-based control,Manoj Kumar;Sukhwinder Sharma;Puneet Mittal;Harmandeep Singh;Sukhwinder Singh,Journal of Intelligent & Fuzzy Systems,IOS Press (bought by Sage November 2023),2024-02-07,10.3233/jifs-234075,Computer-Aided Content or Computer-Generated Content;Concerns/Issues about Referencing/Attributions;Concerns/Issues about Third Party Involvement;Compromised Peer Review;Investigation by Journal/Publisher;Investigation by Third Party;Paper Mill;Unreliable Results and/or Conclusions;,(B/T) Computer Science;(B/T) Data Science;(B/T) Technology;
64216.0,Dynamic load balancing in IoT environments using type-2 fuzzy logic systems,Bommaraju Srinivasa Rao;Kakoli Banerjee;C Anand Deva Durai;S Balu;Ashok Kumar Sahoo;A Priyadharshini;Paladugu Rama Krishna;Revannath Babanrao Kakade,Journal of Intelligent & Fuzzy Systems,IOS Press (bought by Sage November 2023),2024-02-28,10.3233/jifs-234105,Computer-Aided Content or Computer-Generated Content;Concerns/Issues about Referencing/Attributions;Concerns/Issues about Third Party Involvement;Compromised Peer Review;Investigation by Journal/Publisher;Investigation by Third Party;Paper Mill;Unreliable Results and/or Conclusions;,(B/T) Computer Science;(B/T) Data Science;(B/T) Technology;
64215.0,Dynamic graph spatial-temporal dependence information extraction for remaining useful life prediction of rolling bearings,Sichao Sun;Xinyu Xia;Jiale Yang;Hua Zhou,Journal of Intelligent & Fuzzy Systems,IOS Press (bought by Sage November 2023),2024-11-06,10.3233/jifs-241008,Computer-Aided Content or Computer-Generated Content;Concerns/Issues about Referencing/Attributions;Concerns/Issues about Third Party Involvement;Compromised Peer Review;Investigation by Journal/Publisher;Investigation by Third Party;Paper Mill;Unreliable Results and/or Conclusions;,(B/T) Computer Science;(B/T) Data Science;(PHY) Engineering - General;(PHY) Mathematics;
64214.0,Dynamic evaluation of road and bridge engineering construction safety risk based on Fuzzy Dynamic Bayesian Network research,Yuansen Wang;Guibin Lv;Jialin He;Feng Cheng;Dongke Li,Journal of Intelligent & Fuzzy Systems,IOS Press (bought by Sage November 2023),2024-02-03,10.3233/jifs-236301,Computer-Aided Content or Computer-Generated Content;Concerns/Issues about Referencing/Attributions;Concerns/Issues about Third Party Involvement;Compromised Peer Review;Investigation by Journal/Publisher;Investigation by Third Party;Paper Mill;Unreliable Results and/or Conclusions;,(B/T) Computer Science;(B/T) Data Science;(B/T) Technology;(PHY) Engineering - Structural;
64210.0,Distribution of moments of order statistics from alpha power pareto distribution,Shumaila Ihtisham;Ghulam Mustafa;Muhammad Nauman Qureshi;Sadaf Manzoor; Alamgir;Adnan Khan,Journal of Intelligent & Fuzzy Systems,IOS Press (bought by Sage November 2023),2024-04-02,10.3233/jifs-231873,Computer-Aided Content or Computer-Generated Content;Concerns/Issues about Referencing/Attributions;Concerns/Issues about Third Party Involvement;Compromised Peer Review;Investigation by Journal/Publisher;Investigation by Third Party;,(B/T) Computer Science;(B/T) Data Science;(PHY) Mathematics;(PHY) Statistics;
64209.0,Distributed data analytics for wireless sensor networks (WSNs) using fuzzy logic-based machine learning,Amit Sharma;M Naga Raju;P Hema;Morsa Chaitanuya;M V Jagannatha Reddy;T Vignesh;Amit Kumar Chandanan;Santhosh Verma,Journal of Intelligent & Fuzzy Systems,IOS Press (bought by Sage November 2023),2024-01-23,10.3233/jifs-234007,Computer-Aided Content or Computer-Generated Content;Concerns/Issues about Referencing/Attributions;Concerns/Issues about Third Party Involvement;Compromised Peer Review;Investigation by Journal/Publisher;Investigation by Third Party;Paper Mill;Unreliable Results and/or Conclusions;,(B/T) Business - Economics;(B/T) Business - General;(B/T) Computer Science;(B/T) Data Science;(B/T) Technology;(BLS) Agriculture;(ENV) Environmental Sciences;
64208.0,Distortion risk measures for tail-risk multicriteria decision-making based on a probabilistic linguistic environment,Jie Chen;Chuancun Yin,Journal of Intelligent & Fuzzy Systems,IOS Press (bought by Sage November 2023),2024-02-20,10.3233/jifs-234218,Computer-Aided Content or Computer-Generated Content;Concerns/Issues about Referencing/Attributions;Concerns/Issues about Third Party Involvement;Compromised Peer Review;Investigation by Journal/Publisher;Investigation by Third Party;Paper Mill;Unreliable Results and/or Conclusions;,(B/T) Business - Economics;(B/T) Computer Science;(B/T) Data Science;(B/T) Technology;(SOC) Linguistics;
64205.0,Digital engineering audit management strategy based on machine learning combined with wireless communication network,Jie Li,Journal of Intelligent & Fuzzy Systems,IOS Press (bought by Sage November 2023),2023-09-08,10.3233/jifs-230759,Computer-Aided Content or Computer-Generated Content;Concerns/Issues about Referencing/Attributions;Concerns/Issues about Third Party Involvement;Compromised Peer Review;Investigation by Journal/Publisher;Investigation by Third Party;Paper Mill;Unreliable Results and/or Conclusions;,(B/T) Computer Science;(B/T) Data Science;(B/T) Technology;(PHY) Engineering - General;
64203.0,Developing of neuro-swarm system to estimate the undrained shear strength of soil by CPT data,Wang Gang;Songjin Ling;Fengjia Yin;Jiadong Yan;Zhao Yan,Journal of Intelligent & Fuzzy Systems,IOS Press (bought by Sage November 2023),2022-12-21,10.3233/jifs-221058,Computer-Aided Content or Computer-Generated Content;Concerns/Issues about Referencing/Attributions;Concerns/Issues about Third Party Involvement;Compromised Peer Review;Investigation by Journal/Publisher;Investigation by Third Party;Paper Mill;Unreliable Results and/or Conclusions;,(B/T) Data Science;(PHY) Engineering - Structural;
64202.0,Determination and categorization of Red Blood Cells by Computerized framework for diagnosing disorders in the blood,Vishakha Yadav;P Ganesh;G Thippeswamy,Journal of Intelligent & Fuzzy Systems,IOS Press (bought by Sage November 2023),2023-07-25,10.3233/jifs-234129,Computer-Aided Content or Computer-Generated Content;Concerns/Issues about Referencing/Attributions;Concerns/Issues about Third Party Involvement;Compromised Peer Review;Investigation by Journal/Publisher;Investigation by Third Party;Paper Mill;Unreliable Results and/or Conclusions;,(B/T) Computer Science;(B/T) Technology;(HSC) Medicine - Cardiovascular;(HSC) Medicine - Pathology;
64201.0,Detection of mapping function location observation with displacement in organising model by using deep learning,M Pradeep;U Sivaji;B Nithya;G Kadiravan;D Preethi;Ranjith Kumar Painam,Journal of Intelligent & Fuzzy Systems,IOS Press (bought by Sage November 2023),2023-11-30,10.3233/jifs-234739,Computer-Aided Content or Computer-Generated Content;Concerns/Issues about Referencing/Attributions;Concerns/Issues about Third Party Involvement;Compromised Peer Review;Investigation by Journal/Publisher;Investigation by Third Party;Paper Mill;Unreliable Results and/or Conclusions;,(B/T) Computer Science;(B/T) Data Science;(PHY) Mathematics;
64200.0,"Design of English viewing, listening, and speaking mobile teaching software based on an interactive digital media algorithm",Hongyan Zhao,Journal of Intelligent & Fuzzy Systems,IOS Press (bought by Sage November 2023),2023-09-25,10.3233/jifs-233741,Computer-Aided Content or Computer-Generated Content;Concerns/Issues about Referencing/Attributions;Concerns/Issues about Third Party Involvement;Compromised Peer Review;Investigation by Journal/Publisher;Investigation by Third Party;Paper Mill;Unreliable Results and/or Conclusions;,(B/T) Computer Science;(B/T) Technology;(SOC) Education;(SOC) Linguistics;
64199.0,Design of emergency evacuation route for large buildings based on cloud computing and GIS big data,Xiyin Ma;Jian Li,Journal of Intelligent & Fuzzy Systems,IOS Press (bought by Sage November 2023),2024-03-01,10.3233/jifs-237834,Computer-Aided Content or Computer-Generated Content;Concerns/Issues about Referencing/Attributions;Concerns/Issues about Third Party Involvement;Compromised Peer Review;Investigation by Journal/Publisher;Investigation by Third Party;Paper Mill;Unreliable Results and/or Conclusions;,(B/T) Computer Science;(B/T) Data Science;(B/T) Government;(B/T) Transportation;(B/T) Urban Planning;(HSC) Occupational Health and Safety;(HSC) Public Health and Safety;
64192.0,DEFR-net: A decompose-enhance fourier residual network for fault diagnosis of rotating machine with high noise immunity,Baigang Du;Fujiang Zhang;Jun Guo;Xiang Sun,Journal of Intelligent & Fuzzy Systems,IOS Press (bought by Sage November 2023),2024-03-20,10.3233/jifs-233190,Computer-Aided Content or Computer-Generated Content;Concerns/Issues about Referencing/Attributions;Concerns/Issues about Third Party Involvement;Compromised Peer Review;Investigation by Journal/Publisher;Investigation by Third Party;Paper Mill;Unreliable Results and/or Conclusions;,(B/T) Computer Science;(B/T) Data Science;(B/T) Technology;(PHY) Engineering - Mechanical;
64190.0,Defective vertex and stable connectivity of a fuzzy graph and their application to identify the chickenpox,S Sivasankar;Sanchari Bera;Syed Ibrahim Maaz;Madhumangal Pal,Journal of Intelligent & Fuzzy Systems,IOS Press (bought by Sage November 2023),2023-05-29,10.3233/jifs-223545,Computer-Aided Content or Computer-Generated Content;Concerns/Issues about Referencing/Attributions;Concerns/Issues about Third Party Involvement;Compromised Peer Review;Investigation by Journal/Publisher;Investigation by Third Party;Paper Mill;Unreliable Results and/or Conclusions;,(B/T) Computer Science;(B/T) Data Science;(HSC) Medicine - Infectious Disease;(HSC) Medicine - Pediatrics;(PHY) Mathematics;
64189.0,Deep practice of internet of things image recognition technology based on deep learning in intelligent financial supervision system,Yanbing Gao;Rui Ma,Journal of Intelligent & Fuzzy Systems,IOS Press (bought by Sage November 2023),2024-02-28,10.3233/jifs-237692,Computer-Aided Content or Computer-Generated Content;Concerns/Issues about Referencing/Attributions;Concerns/Issues about Third Party Involvement;Compromised Peer Review;Investigation by Journal/Publisher;Investigation by Third Party;Paper Mill;Unreliable Results and/or Conclusions;,(B/T) Business - Economics;(B/T) Computer Science;(B/T) Data Science;(B/T) Technology;
64188.0,Deep learning technique for patients healthcare monitoring using IoT body based body sensors and edge servers,D Shekar Goud;B B Beenarani;C Brijilal Ruban;Rani Fathima;M L Bharathi;A Rajaram;Pravin R Kshirsagar;Vineet Tirth,Journal of Intelligent & Fuzzy Systems,IOS Press (bought by Sage November 2023),2023-05-31,10.3233/jifs-231239,Computer-Aided Content or Computer-Generated Content;Concerns/Issues about Referencing/Attributions;Concerns/Issues about Third Party Involvement;Compromised Peer Review;Investigation by Journal/Publisher;Investigation by Third Party;Paper Mill;Unreliable Results and/or Conclusions;,(B/T) Computer Science;(B/T) Data Science;(B/T) Technology;(HSC) Medicine - Cardiovascular;(HSC) Medicine - General;(HSC) Medicine - Internal;(HSC) Medicine - Neurology;
64187.0,Deep learning and optimization-based task scheduling algorithms for fog-cloud computing environment,Ayoobkhan Mohamed Uvaze Ahamed;D J Joel Devadass Daniel;D Seenivasan;C Rukumani Khandhan;S Radhakrishnan;K V Daya Sagar;Vivek Bhardwaj;Neerav Nishant,Journal of Intelligent & Fuzzy Systems,IOS Press (bought by Sage November 2023),2023-12-01,10.3233/jifs-234030,Computer-Aided Content or Computer-Generated Content;Concerns/Issues about Referencing/Attributions;Concerns/Issues about Third Party Involvement;Compromised Peer Review;Investigation by Journal/Publisher;Investigation by Third Party;Paper Mill;Unreliable Results and/or Conclusions;,(B/T) Computer Science;(B/T) Data Science;(B/T) Technology;
64186.0,Deep learning algorithms for enhancing securities price prediction and insurance strategy optimization,Yaxin Mao,Journal of Intelligent & Fuzzy Systems,IOS Press (bought by Sage November 2023),2023-09-15,10.3233/jifs-234292,Computer-Aided Content or Computer-Generated Content;Concerns/Issues about Referencing/Attributions;Concerns/Issues about Third Party Involvement;Compromised Peer Review;Investigation by Journal/Publisher;Investigation by Third Party;Paper Mill;Unreliable Results and/or Conclusions;,(B/T) Business - Economics;(B/T) Computer Science;(B/T) Data Science;
64185.0,Deep iterative fuzzy pooling in unmanned robotics and autonomous systems for Cyber-Physical systems,V Ravindra Krishna Chandar;P Baskaran;G Mohanraj;D Karthikeyan,Journal of Intelligent & Fuzzy Systems,IOS Press (bought by Sage November 2023),2024-01-03,10.3233/jifs-235721,Computer-Aided Content or Computer-Generated Content;Concerns/Issues about Referencing/Attributions;Concerns/Issues about Third Party Involvement;Compromised Peer Review;Investigation by Journal/Publisher;Investigation by Third Party;Paper Mill;Unreliable Results and/or Conclusions;,(B/T) Computer Science;(B/T) Data Science;(B/T) Technology;(PHY) Engineering - General;
64179.0,Cyclone disaster assessment based on Fermatean hesitant fuzzy information and extended TOPSIS method,Asghar Khan;Muhammad Aslam;Quaid Iqbal,Journal of Intelligent & Fuzzy Systems,IOS Press (bought by Sage November 2023),2023-04-29,10.3233/jifs-222144,Computer-Aided Content or Computer-Generated Content;Concerns/Issues about Referencing/Attributions;Concerns/Issues about Third Party Involvement;Compromised Peer Review;Investigation by Journal/Publisher;Investigation by Third Party;Paper Mill;Unreliable Results and/or Conclusions;,(B/T) Computer Science;(B/T) Data Science;(B/T) Technology;(HSC) Public Health and Safety;
64178.0,Cuckoo search firefly aided optimization framework for design of medium voltage micro-grid connected soft switching solid-state transformer (MS4T),Pradeep Ammasaikutti;Kannan Palanisamy,Journal of Intelligent & Fuzzy Systems,IOS Press (bought by Sage November 2023),2023-05-02,10.3233/JIFS-224393,Computer-Aided Content or Computer-Generated Content;Concerns/Issues about Referencing/Attributions;Concerns/Issues about Third Party Involvement;Compromised Peer Review;Investigation by Journal/Publisher;Investigation by Third Party;Paper Mill;Unreliable Results and/or Conclusions;,(B/T) Computer Science;(B/T) Data Science;(B/T) Technology;(PHY) Engineering - Electrical;
64172.0,A comparative analysis of blended learning and traditional instruction: Effects on academic motivation and learning outcomes,Rizwan Shoukat;Iskander Ismayil;Qibing Huang;Mohamed Oubibi;Muhammad Younas;Rizwan Munir,PLoS One,PLoS,2024-03-04,10.1371/journal.pone.0298220,Author Unresponsive;Breach of Policy by Author;Computer-Aided Content or Computer-Generated Content;Concerns/Issues about Referencing/Attributions;Investigation by Journal/Publisher;Lack of IRB/IACUC Approval and/or Compliance;Objections by Author(s);,(B/T) Data Science;(PHY) Statistics;(SOC) Education;
64171.0,Cubical fuzzy Einstein Bonferrori mean averaging aggregation operators and their applications to multiple criteria group decision making problems,A Thilagavathy;S Mohanaselvi,Journal of Intelligent & Fuzzy Systems,IOS Press (bought by Sage November 2023),2023-09-13,10.3233/jifs-232252,Computer-Aided Content or Computer-Generated Content;Concerns/Issues about Referencing/Attributions;Concerns/Issues about Third Party Involvement;Compromised Peer Review;Investigation by Journal/Publisher;Investigation by Third Party;Paper Mill;Unreliable Results and/or Conclusions;,(B/T) Business - Management;(B/T) Computer Science;(PHY) Energy;
64170.0,Cubic fuzzy bridges and its application to traffic flow problem,Saira Hameed;Uzma Ahmad;Samee Ullah;Abdul Ghafar Shah,Journal of Intelligent & Fuzzy Systems,IOS Press (bought by Sage November 2023),2023-12-12,10.3233/jifs-233142,Computer-Aided Content or Computer-Generated Content;Concerns/Issues about Referencing/Attributions;Concerns/Issues about Third Party Involvement;Compromised Peer Review;Investigation by Journal/Publisher;Investigation by Third Party;Paper Mill;Unreliable Results and/or Conclusions;,(B/T) Computer Science;(B/T) Transportation;
64156.0,Construction and application of logistics scheduling model based on heterogeneous graph neural network,Lei Wang,Journal of Intelligent & Fuzzy Systems,IOS Press (bought by Sage November 2023),2023-10-17,10.3233/jifs-234562,Computer-Aided Content or Computer-Generated Content;Concerns/Issues about Referencing/Attributions;Concerns/Issues about Third Party Involvement;Compromised Peer Review;Investigation by Journal/Publisher;Investigation by Third Party;Paper Mill;Unreliable Results and/or Conclusions;,(B/T) Business - General;(B/T) Computer Science;(B/T) Data Science;(B/T) Technology;
64151.0,Computer multimedia aided design and hand-drawn effect analysis based on grid resource sharing cooperative algorithm,Xiaohong Gu,Journal of Intelligent & Fuzzy Systems,IOS Press (bought by Sage November 2023),2024-01-16,10.3233/jifs-233701,Computer-Aided Content or Computer-Generated Content;Concerns/Issues about Referencing/Attributions;Concerns/Issues about Third Party Involvement;Compromised Peer Review;Investigation by Journal/Publisher;Investigation by Third Party;Paper Mill;Unreliable Results and/or Conclusions;,(B/T) Computer Science;(B/T) Data Science;(B/T) Technology;(SOC) Communications;
64141.0,Comprehensive evaluation of high-quality sports industry development in the new era using fuzzy numbers intuitionistic fuzzy sets,Xiaoxiang Ge;Deokhwan Choi;Mengxian Yuan;Zeyun Yang,Journal of Intelligent & Fuzzy Systems,IOS Press (bought by Sage November 2023),2023-08-04,10.3233/jifs-231502,Computer-Aided Content or Computer-Generated Content;Concerns/Issues about Referencing/Attributions;Concerns/Issues about Third Party Involvement;Compromised Peer Review;Investigation by Journal/Publisher;Investigation by Third Party;Paper Mill;Unreliable Results and/or Conclusions;,(B/T) Business - Management;(B/T) Data Science;(SOC) Sports and Recreation;
64139.0,Complex smoke removal in image: Integrating frequency learning network with data synthesis method,Yi Yang;Huiling Huang;Feibin Wu;Jun Han;Mengyuan Ma;Yantong Zhang;Yanbing Feng,Journal of Intelligent & Fuzzy Systems,IOS Press (bought by Sage November 2023),2024-04-02,10.3233/jifs-239146,Computer-Aided Content or Computer-Generated Content;Concerns/Issues about Referencing/Attributions;Concerns/Issues about Third Party Involvement;Compromised Peer Review;Investigation by Journal/Publisher;Investigation by Third Party;Paper Mill;Unreliable Results and/or Conclusions;,(B/T) Computer Science;(B/T) Data Science;
64137.0,Combination of linguistic Z-numbers and IF-THEN rules based on rectangular coordinate system,Huakun Chen;Qianlei Jia;Wei Huang;Jingping Shi;Ehab Safwat,Journal of Intelligent & Fuzzy Systems,IOS Press (bought by Sage November 2023),2023-05-10,10.3233/JIFS-223025,Computer-Aided Content or Computer-Generated Content;Concerns/Issues about Referencing/Attributions;Concerns/Issues about Third Party Involvement;Compromised Peer Review;Investigation by Journal/Publisher;Investigation by Third Party;Paper Mill;Unreliable Results and/or Conclusions;,(B/T) Data Science;(B/T) Technology;
64136.0,Cognitive uncertain information with some properties and characteristics,Lesheng Jin;Zhensong Chen;Ronald R Yager;Reza Langari,Journal of Intelligent & Fuzzy Systems,IOS Press (bought by Sage November 2023),2023-03-22,10.3233/jifs-223119,Computer-Aided Content or Computer-Generated Content;Concerns/Issues about Referencing/Attributions;Concerns/Issues about Third Party Involvement;Compromised Peer Review;Investigation by Journal/Publisher;Investigation by Third Party;Paper Mill;Unreliable Results and/or Conclusions;,(B/T) Data Science;
64135.0,CODAS method for Pythagorean 2-tuple linguistic MAGDM and applications to quality evaluation of scientific research management in application-oriented universities,Hui Li,Journal of Intelligent & Fuzzy Systems,IOS Press (bought by Sage November 2023),2023-01-15,10.3233/jifs-230629,Computer-Aided Content or Computer-Generated Content;Concerns/Issues about Referencing/Attributions;Concerns/Issues about Third Party Involvement;Compromised Peer Review;Investigation by Journal/Publisher;Investigation by Third Party;Paper Mill;Unreliable Results and/or Conclusions;,(B/T) Business - Management;(B/T) Data Science;(SOC) Education;
64134.0,Clustering analysis for Pythagorean fuzzy sets and its application in multiple attribute decision making,Lei Yang;Deqing Li;Wenyi Zeng;Rong Ma;Zeshui Xu;Xianchuan Yu,Journal of Intelligent & Fuzzy Systems,IOS Press (bought by Sage November 2023),2024-02-13,10.3233/jifs-235488,Computer-Aided Content or Computer-Generated Content;Concerns/Issues about Referencing/Attributions;Concerns/Issues about Third Party Involvement;Compromised Peer Review;Investigation by Journal/Publisher;Investigation by Third Party;Paper Mill;Unreliable Results and/or Conclusions;,(B/T) Data Science;
64130.0,Classifying drivers of deforestation by using the deep learning based poly-highway forest convolution network,D Abdus Subhahan;C N S Vinoth Kumar,Journal of Intelligent & Fuzzy Systems,IOS Press (bought by Sage November 2023),2023-10-28,10.3233/JIFS-233534,Computer-Aided Content or Computer-Generated Content;Concerns/Issues about Referencing/Attributions;Concerns/Issues about Third Party Involvement;Compromised Peer Review;Investigation by Journal/Publisher;Investigation by Third Party;Paper Mill;Unreliable Results and/or Conclusions;,(B/T) Data Science;(ENV) Environmental Sciences;
64128.0,Cigarette tasting Chinese text classification for low-resource scenarios,Xiuli Diao;Haoran Zhang;Qingtian Zeng;Zhengguo Song;Hua Zhao,Journal of Intelligent & Fuzzy Systems,IOS Press (bought by Sage November 2023),2024-03-28,10.3233/jifs-237816,Computer-Aided Content or Computer-Generated Content;Concerns/Issues about Referencing/Attributions;Concerns/Issues about Third Party Involvement;Compromised Peer Review;Investigation by Journal/Publisher;Investigation by Third Party;Paper Mill;Unreliable Results and/or Conclusions;,(B/T) Business - Manufacturing;(B/T) Data Science;
64125.0,Chinese medical short text classification model based on DPECNN,Chen Li;Na Liu;Zhenshun Xu;Guofeng Zheng;Jie Yang;Lu Dao,Journal of Intelligent & Fuzzy Systems,IOS Press (bought by Sage November 2023),2024-04-08,10.3233/jifs-239006,Computer-Aided Content or Computer-Generated Content;Concerns/Issues about Referencing/Attributions;Concerns/Issues about Third Party Involvement;Compromised Peer Review;False/Forged Authorship;Investigation by Journal/Publisher;Investigation by Third Party;Paper Mill;Unreliable Results and/or Conclusions;,(B/T) Computer Science;(B/T) Data Science;(B/T) Technology;
64124.0,Cervical cancer risk assessment using machine learning integrated fuzzy MCDM methodology,Hatice Camgoz Akdag;Akin Menekse;Fatih Sahin,Journal of Intelligent & Fuzzy Systems,IOS Press (bought by Sage November 2023),2024-01-03,10.3233/jifs-234647,Computer-Aided Content or Computer-Generated Content;Concerns/Issues about Referencing/Attributions;Concerns/Issues about Third Party Involvement;Compromised Peer Review;Investigation by Journal/Publisher;Investigation by Third Party;Paper Mill;Unreliable Results and/or Conclusions;,(B/T) Computer Science;(B/T) Data Science;(B/T) Technology;
64116.0,Certain investigation on optimization technique for sensor nodes in the bio medical recording system,J Godwin Ponsam;K Nimala;Gousebaig Mohammad;S Shitharth;Vijaya Kumar Reddy Radha;B Srinivasa Rao;K Srihari;S Chandragandhi,Journal of Intelligent & Fuzzy Systems,IOS Press (bought by Sage November 2023),2023-07-26,10.3233/jifs-221076,Computer-Aided Content or Computer-Generated Content;Concerns/Issues about Referencing/Attributions;Concerns/Issues about Third Party Involvement;Compromised Peer Review;False/Forged Authorship;Investigation by Journal/Publisher;Investigation by Third Party;Paper Mill;Unreliable Results and/or Conclusions;,(B/T) Computer Science;(B/T) Data Science;(B/T) Technology;
64115.0,Centroid for Solving Bi-Level Linear Fractional Programming Problems with Fuzzy Interval Coefficients by Utilizing MO-Technique,Basiya K Abdulrahim;Nejmaddin A Sulaiman;Gulnar W Sadiq,Journal of Intelligent & Fuzzy Systems,IOS Press (bought by Sage November 2023),2022-12-23,10.3233/JIFS-222519,Computer-Aided Content or Computer-Generated Content;Concerns/Issues about Referencing/Attributions;Concerns/Issues about Third Party Involvement;Compromised Peer Review;Investigation by Journal/Publisher;Investigation by Third Party;Paper Mill;Unreliable Results and/or Conclusions;,(B/T) Computer Science;(B/T) Data Science;(B/T) Technology;
64114.0,Breast cancer detection using Histopathology Image with Mini-Batch Stochastic Gradient Descent and Convolutional Neural Network,N Sasirekha;Jayakumar Karuppaiah;Himanshu Shekhar;N Naga Saranya,Journal of Intelligent & Fuzzy Systems,IOS Press (bought by Sage November 2023),2023-06-30,10.3233/jifs-231480,Computer-Aided Content or Computer-Generated Content;Concerns/Issues about Referencing/Attributions;Concerns/Issues about Third Party Involvement;Compromised Peer Review;Investigation by Journal/Publisher;Investigation by Third Party;Paper Mill;Unreliable Results and/or Conclusions;,(B/T) Computer Science;(B/T) Data Science;(B/T) Technology;(HSC) Medicine - Obstetrics/Gynecology;(HSC) Medicine - Oncology;(HSC) Radiology/Imaging;
64113.0,Blockchain-based forensic trustworthiness evidence model for acquisition in the ecosystem with cloud,G Ragu;S Ramamoorthy,Journal of Intelligent & Fuzzy Systems,IOS Press (bought by Sage November 2023),2023-09-13,10.3233/jifs-231072,Computer-Aided Content or Computer-Generated Content;Concerns/Issues about Referencing/Attributions;Concerns/Issues about Third Party Involvement;Compromised Peer Review;Investigation by Journal/Publisher;Investigation by Third Party;Paper Mill;Unreliable Results and/or Conclusions;,(B/T) Computer Science;(B/T) Data Science;(B/T) Technology;
64112.0,Blockchain assisted node validation approach for security provisioning in WSN environment,P Gnanasundari;K Sheela Sobana Rani,Journal of Intelligent & Fuzzy Systems,IOS Press (bought by Sage November 2023),2023-09-29,10.3233/jifs-230020,Computer-Aided Content or Computer-Generated Content;Concerns/Issues about Referencing/Attributions;Concerns/Issues about Third Party Involvement;Compromised Peer Review;Investigation by Journal/Publisher;Investigation by Third Party;Paper Mill;Unreliable Results and/or Conclusions;,(B/T) Computer Science;(B/T) Data Science;(B/T) Technology;
64109.0,BiLSTM-CNN with fixed weight approach for tracking speech articulatory features,Leena G Pillai;D Muhammad Noorul Mubarak;Elizabeth Sherly,Journal of Intelligent & Fuzzy Systems,IOS Press (bought by Sage November 2023),2024-04-24,10.3233/jifs-219386,Computer-Aided Content or Computer-Generated Content;Concerns/Issues about Referencing/Attributions;Concerns/Issues about Third Party Involvement;Compromised Peer Review;Investigation by Journal/Publisher;Investigation by Third Party;Paper Mill;Unreliable Results and/or Conclusions;,(B/T) Computer Science;(B/T) Data Science;(B/T) Technology;(SOC) Linguistics;
64102.0,Automatic detection of obsessive-compulsive disorder from EEG signals based on Hilbert-Huang transform and sparse coding classification,Yuntao Hong,Journal of Intelligent & Fuzzy Systems,IOS Press (bought by Sage November 2023),2024-03-19,10.3233/jifs-237946,Computer-Aided Content or Computer-Generated Content;Concerns/Issues about Referencing/Attributions;Concerns/Issues about Third Party Involvement;Compromised Peer Review;Investigation by Journal/Publisher;Investigation by Third Party;Paper Mill;Unreliable Results and/or Conclusions;,(B/T) Computer Science;(B/T) Data Science;(B/T) Technology;(SOC) Psychology;
64101.0,Auditing of hadoop log file for dynamic detection of threats using H-ISSM-MIM and convolutional neural network,S Suganya;S Selvamuthukumaran,Journal of Intelligent & Fuzzy Systems,IOS Press (bought by Sage November 2023),2023-08-02,10.3233/jifs-233579,Computer-Aided Content or Computer-Generated Content;Concerns/Issues about Referencing/Attributions;Concerns/Issues about Third Party Involvement;Compromised Peer Review;Investigation by Journal/Publisher;Investigation by Third Party;Paper Mill;Unreliable Results and/or Conclusions;,(B/T) Computer Science;(B/T) Data Science;(B/T) Technology;
64100.0,Assessment of digital development design model using deep learning neural network,Zhangwei Lv,Journal of Intelligent & Fuzzy Systems,IOS Press (bought by Sage November 2023),2024-04-19,10.3233/jifs-241607,Computer-Aided Content or Computer-Generated Content;Concerns/Issues about Referencing/Attributions;Concerns/Issues about Third Party Involvement;Compromised Peer Review;Investigation by Journal/Publisher;Investigation by Third Party;Paper Mill;Unreliable Results and/or Conclusions;,(B/T) Computer Science;(B/T) Data Science;(B/T) Technology;
64096.0,Artificial algae optimizer with hybrid deep learning based yoga posture recognition model,Nagalakshmi Vallabhaneni;Panneer Prabhavathy,Journal of Intelligent & Fuzzy Systems,IOS Press (bought by Sage November 2023),2023-11-10,10.3233/jifs-233583,Computer-Aided Content or Computer-Generated Content;Concerns/Issues about Referencing/Attributions;Concerns/Issues about Third Party Involvement;Compromised Peer Review;Investigation by Journal/Publisher;Investigation by Third Party;Paper Mill;Unreliable Results and/or Conclusions;,(B/T) Computer Science;(B/T) Data Science;(B/T) Technology;(SOC) Sports and Recreation;
64095.0,Applying deep learning to wireless sensor networks for monitoring students’ emotion in high schools,Le Quang Thao;Nguyen Thi Bich Diep;Ngo Chi Bach;Duong Duc Cuong;Le Khanh Linh;Nguyen Viet Linh;Tran Ngoc Bao Linh,Journal of Intelligent & Fuzzy Systems,IOS Press (bought by Sage November 2023),2023-08-03,10.3233/jifs-232256,Computer-Aided Content or Computer-Generated Content;Concerns/Issues about Referencing/Attributions;Concerns/Issues about Third Party Involvement;Compromised Peer Review;Investigation by Journal/Publisher;Investigation by Third Party;Paper Mill;Unreliable Results and/or Conclusions;,(B/T) Computer Science;(B/T) Data Science;(B/T) Technology;(SOC) Psychology;
64094.0,Applications to biogas-plant implementation problem based on type-2 picture fuzzy matrix game under new minkowski type measures,Tahir Mahmood;Zeeshan Ali;Dragan Pamucar,Journal of Intelligent & Fuzzy Systems,IOS Press (bought by Sage November 2023),2023-01-27,10.3233/jifs-223009,Computer-Aided Content or Computer-Generated Content;Concerns/Issues about Referencing/Attributions;Concerns/Issues about Third Party Involvement;Compromised Peer Review;Investigation by Journal/Publisher;Investigation by Third Party;Paper Mill;Unreliable Results and/or Conclusions;,(B/T) Computer Science;(B/T) Data Science;(B/T) Technology;(PHY) Energy;
64091.0,Applications Aczel-Alsina t-norm and t-conorm for the assessment of fire extinguishers using Pythagorean fuzzy information,Tahira Karamat;Kifayat Ullah;Dragan Pamucar;Maria Akram,Journal of Intelligent & Fuzzy Systems,IOS Press (bought by Sage November 2023),2023-04-16,10.3233/jifs-231876,Computer-Aided Content or Computer-Generated Content;Concerns/Issues about Referencing/Attributions;Concerns/Issues about Third Party Involvement;Compromised Peer Review;Investigation by Journal/Publisher;Investigation by Third Party;Paper Mill;Unreliable Results and/or Conclusions;,(B/T) Computer Science;(B/T) Data Science;(B/T) Technology;
64089.0,Application of virtual reality technology in second language classroom teaching in colleges and universities,Zhao Chunhong;Nie Jinglei;Yin Shuwen;Zhang Dingyu;Li Chengmo,Journal of Intelligent & Fuzzy Systems,IOS Press (bought by Sage November 2023),2023-11-10,10.3233/jifs-233210,Computer-Aided Content or Computer-Generated Content;Concerns/Issues about Referencing/Attributions;Concerns/Issues about Third Party Involvement;Compromised Peer Review;Paper Mill;Unreliable Results and/or Conclusions;,(B/T) Computer Science;(B/T) Data Science;(B/T) Technology;(SOC) Education;(SOC) Linguistics;
64085.0,Application of fuzzy reinforcement learning in IoT-based robotics for autonomous navigation and collision avoidance,V Sitharamulu;D Mahammad Rafi;Janardhan Naulegari;Hanumantha Rao Battu,Journal of Intelligent & Fuzzy Systems,IOS Press (bought by Sage November 2023),2023-12-27,10.3233/JIFS-233860,Computer-Aided Content or Computer-Generated Content;Concerns/Issues about Referencing/Attributions;Concerns/Issues about Third Party Involvement;Compromised Peer Review;Investigation by Journal/Publisher;Investigation by Third Party;Paper Mill;Unreliable Results and/or Conclusions;,(B/T) Data Science;(B/T) Technology;(PHY) Engineering - Electrical;
64084.0,Application of focus theory of choice in large scale multi-criteria group decision making,Le Jiang;Hongbin Liu,Journal of Intelligent & Fuzzy Systems,IOS Press (bought by Sage November 2023),2023-10-30,10.3233/jifs-234310,Computer-Aided Content or Computer-Generated Content;Concerns/Issues about Referencing/Attributions;Concerns/Issues about Third Party Involvement;Compromised Peer Review;Investigation by Journal/Publisher;Investigation by Third Party;Paper Mill;Unreliable Results and/or Conclusions;,(B/T) Business - Management;(B/T) Data Science;(ENV) Environmental Sciences;
64082.0,Anti-attack algorithm of cloud storage attribute base based on dynamic authorized access,Xixi Zhao;Liang Gu;Xiaorong Duan;Liguo Wang;Zhenxi Li,Journal of Intelligent & Fuzzy Systems,IOS Press (bought by Sage November 2023),2024-03-16,10.3233/jifs-237409,Computer-Aided Content or Computer-Generated Content;Concerns/Issues about Referencing/Attributions;Concerns/Issues about Third Party Involvement;Compromised Peer Review;Investigation by Journal/Publisher;Investigation by Third Party;Paper Mill;Unreliable Results and/or Conclusions;,(B/T) Computer Science;(B/T) Technology;
64080.0,Analyzing stability and structural aspects of embedded fuzzy type 2 PID controller for robot manipulators,K Venkataramanan;M Arun;Shankaranand Jha;Aditi Sharma,Journal of Intelligent & Fuzzy Systems,IOS Press (bought by Sage November 2023),2023-11-20,10.3233/jifs-235338,Computer-Aided Content or Computer-Generated Content;Concerns/Issues about Referencing/Attributions;Concerns/Issues about Third Party Involvement;Compromised Peer Review;Investigation by Journal/Publisher;Investigation by Third Party;Paper Mill;Unreliable Results and/or Conclusions;,(B/T) Computer Science;(B/T) Data Science;(B/T) Technology;
64077.0,Analysis of natural language processing in engineering documentations based on Schweizer-Sklar prioritized aggregation operators for bipolar complex hesitant fuzzy uncertainty,Zeeshan Ali;Shi Yin;Miin-Shen Yang,Journal of Intelligent & Fuzzy Systems,IOS Press (bought by Sage November 2023),2024-04-09,10.3233/jifs-240116,Computer-Aided Content or Computer-Generated Content;Concerns/Issues about Referencing/Attributions;Concerns/Issues about Third Party Involvement;Compromised Peer Review;Investigation by Journal/Publisher;Investigation by Third Party;Paper Mill;Unreliable Results and/or Conclusions;,(B/T) Computer Science;(B/T) Data Science;(B/T) Technology;
64076.0,Analysis of cost and profit using aggregation operators on spherical fuzzy sets with confidence level,Haofeng Lin;Inam Ullah;Syed Zaheer Abbas;Muhammad Shakeel;Asad Ali,Journal of Intelligent & Fuzzy Systems,IOS Press (bought by Sage November 2023),2023-04-26,10.3233/jifs-220102,Computer-Aided Content or Computer-Generated Content;Concerns/Issues about Referencing/Attributions;Concerns/Issues about Third Party Involvement;Compromised Peer Review;Investigation by Journal/Publisher;Investigation by Third Party;Paper Mill;Unreliable Results and/or Conclusions;,(B/T) Business - Economics;(B/T) Computer Science;(B/T) Data Science;(B/T) Technology;
64075.0,Analysis of birth rates in China with uncertain statistics,Tingqing Ye;Haoran Zheng,Journal of Intelligent & Fuzzy Systems,IOS Press (bought by Sage November 2023),2023-04-10,10.3233/jifs-230179,Computer-Aided Content or Computer-Generated Content;Concerns/Issues about Referencing/Attributions;Concerns/Issues about Third Party Involvement;Compromised Peer Review;Investigation by Journal/Publisher;Investigation by Third Party;Paper Mill;Unreliable Results and/or Conclusions;,(B/T) Computer Science;(B/T) Data Science;(B/T) Technology;(PHY) Statistics;
64074.0,Analysis of a GEO/G/1 queueing system with repeated attempts pre-emptive priority and replacement in repair times,K Vasanthamani;S Pavai Madheswari,Journal of Intelligent & Fuzzy Systems,IOS Press (bought by Sage November 2023),2024-02-26,10.3233/jifs-233406,Computer-Aided Content or Computer-Generated Content;Concerns/Issues about Referencing/Attributions;Concerns/Issues about Third Party Involvement;Compromised Peer Review;Investigation by Journal/Publisher;Investigation by Third Party;Paper Mill;Unreliable Results and/or Conclusions;,(B/T) Computer Science;(B/T) Data Science;(B/T) Technology;
64073.0,Analysing lexical semantic changes in chinese educational texts by integrating machine learning methods,Xiaohui Shen,Journal of Intelligent & Fuzzy Systems,IOS Press (bought by Sage November 2023),2024-02-29,10.3233/jifs-237410,Computer-Aided Content or Computer-Generated Content;Concerns/Issues about Referencing/Attributions;Concerns/Issues about Third Party Involvement;Compromised Peer Review;Investigation by Journal/Publisher;Investigation by Third Party;Paper Mill;Unreliable Results and/or Conclusions;,(B/T) Computer Science;(B/T) Data Science;(B/T) Technology;
64072.0,An power and bound-aware optimised scheduler for virtualized cloud computing,K Senthil Kumar;S Anandamurugan,Journal of Intelligent & Fuzzy Systems,IOS Press (bought by Sage November 2023),2023-08-29,10.3233/jifs-234776,Computer-Aided Content or Computer-Generated Content;Concerns/Issues about Referencing/Attributions;Concerns/Issues about Third Party Involvement;Compromised Peer Review;Investigation by Journal/Publisher;Investigation by Third Party;Paper Mill;Unreliable Results and/or Conclusions;,(B/T) Computer Science;(B/T) Data Science;(B/T) Technology;
64068.0,An offline English optical character recognition and NER using LSTM and adaptive neuro-fuzzy inference system,M Suganthi;R Arun Prakash,Journal of Intelligent & Fuzzy Systems,IOS Press (bought by Sage November 2023),2022-11-03,10.3233/jifs-221486,Computer-Aided Content or Computer-Generated Content;Concerns/Issues about Referencing/Attributions;Concerns/Issues about Third Party Involvement;Compromised Peer Review;Investigation by Journal/Publisher;Investigation by Third Party;Paper Mill;Unreliable Results and/or Conclusions;,(B/T) Computer Science;(B/T) Data Science;(B/T) Technology;(SOC) Linguistics;
64067.0,An novel SDA-CNN few shot domain adaptation framework for silent speech recognition,N Ramkumar;D Karthika Renuka,Journal of Intelligent & Fuzzy Systems,IOS Press (bought by Sage November 2023),2024-03-09,10.3233/jifs-237890,Computer-Aided Content or Computer-Generated Content;Concerns/Issues about Referencing/Attributions;Concerns/Issues about Third Party Involvement;Compromised Peer Review;Investigation by Company/Institution;Paper Mill;Unreliable Results and/or Conclusions;,(B/T) Computer Science;(B/T) Data Science;(B/T) Technology;
64065.0,An integrated methodology for commercial concrete supplier selection with intuitionistic fuzzy CPT-VIKOR,Yongguang Han;Shanshan Zhang;Dexue Deng,Journal of Intelligent & Fuzzy Systems,IOS Press (bought by Sage November 2023),2022-11-11,10.3233/jifs-221780,Computer-Aided Content or Computer-Generated Content;Concerns/Issues about Referencing/Attributions;Concerns/Issues about Third Party Involvement;Compromised Peer Review;Investigation by Journal/Publisher;Investigation by Third Party;Paper Mill;Unreliable Results and/or Conclusions;,(B/T) Computer Science;(B/T) Data Science;(B/T) Technology;
64064.0,An integrated decision-making method for corporate culture influence evaluation with intuitionistic fuzzy multiple attribute group decision-making,Peixi Sun;Tong Cui;Shixin Qi,Journal of Intelligent & Fuzzy Systems,IOS Press (bought by Sage November 2023),2023-10-31,10.3233/jifs-232044,Computer-Aided Content or Computer-Generated Content;Concerns/Issues about Referencing/Attributions;Concerns/Issues about Third Party Involvement;Compromised Peer Review;Investigation by Journal/Publisher;Investigation by Third Party;Paper Mill;Unreliable Results and/or Conclusions;,(B/T) Computer Science;(B/T) Data Science;(B/T) Technology;
64063.0,An integrated approach to design and evaluate Chinese-style stools,Qu Min;Ren Zhaoxian;Wu Jiang,Journal of Intelligent & Fuzzy Systems,IOS Press (bought by Sage November 2023),2023-08-29,10.3233/jifs-232580,Computer-Aided Content or Computer-Generated Content;Concerns/Issues about Referencing/Attributions;Concerns/Issues about Third Party Involvement;Compromised Peer Review;Investigation by Journal/Publisher;Investigation by Third Party;Paper Mill;Unreliable Results and/or Conclusions;,(B/T) Computer Science;(B/T) Data Science;(B/T) Technology;
64062.0,An insight into digital twin behavior of vehicular ad hoc network for real-time cloud security and monitoring,K Lakshmi Narayanan;R Naresh,Journal of Intelligent & Fuzzy Systems,IOS Press (bought by Sage November 2023),2023-10-20,10.3233/jifs-233527,Computer-Aided Content or Computer-Generated Content;Concerns/Issues about Referencing/Attributions;Concerns/Issues about Third Party Involvement;Compromised Peer Review;Investigation by Journal/Publisher;Investigation by Third Party;Paper Mill;Unreliable Results and/or Conclusions;,(B/T) Computer Science;(B/T) Data Science;(B/T) Technology;
64060.0,An extended MEREC-EDAS approach with linguistic pythagorean fuzzy set for selecting virtual team members,Jianping Fan;Min Wang;Meiqin Wu,Journal of Intelligent & Fuzzy Systems,IOS Press (bought by Sage November 2023),2023-08-07,10.3233/jifs-232494,Computer-Aided Content or Computer-Generated Content;Concerns/Issues about Referencing/Attributions;Concerns/Issues about Third Party Involvement;Compromised Peer Review;Investigation by Journal/Publisher;Investigation by Third Party;Paper Mill;Unreliable Results and/or Conclusions;,(B/T) Computer Science;(B/T) Data Science;(B/T) Technology;
64059.0,An equilibrium honey badger algorithm with differential evolution strategy for cluster analysis,Peixin Huang;Qifang Luo;Yuanfei Wei;Yongquan Zhou,Journal of Intelligent & Fuzzy Systems,IOS Press (bought by Sage November 2023),2023-07-22,10.3233/jifs-231922,Computer-Aided Content or Computer-Generated Content;Concerns/Issues about Referencing/Attributions;Concerns/Issues about Third Party Involvement;Compromised Peer Review;Investigation by Journal/Publisher;Investigation by Third Party;Paper Mill;Unreliable Results and/or Conclusions;,(B/T) Computer Science;(B/T) Data Science;(B/T) Technology;
64058.0,An ensemble model for efficiency evaluation of enterprise performance based on evidential reasoning approach,Long-Hao Yang;Fei-Fei Ye;Ying-Ming Wang;Yan Huang;Haibo Hu,Journal of Intelligent & Fuzzy Systems,IOS Press (bought by Sage November 2023),2023-05-26,10.3233/jifs-230247,Computer-Aided Content or Computer-Generated Content;Concerns/Issues about Referencing/Attributions;Concerns/Issues about Third Party Involvement;Compromised Peer Review;False/Forged Authorship;Investigation by Journal/Publisher;Investigation by Third Party;Paper Mill;Unreliable Results and/or Conclusions;,(B/T) Computer Science;(B/T) Data Science;(B/T) Technology;
64057.0,An enhanced affective computing-based framework using machine learning & medical IoT for the efficient pre-emptive decision-making of mental health problems,Aurobind Ganesh;R Ramachandiran,Journal of Intelligent & Fuzzy Systems,IOS Press (bought by Sage November 2023),2023-11-10,10.3233/jifs-235503,Computer-Aided Content or Computer-Generated Content;Concerns/Issues about Referencing/Attributions;Concerns/Issues about Third Party Involvement;Compromised Peer Review;Investigation by Journal/Publisher;Investigation by Third Party;Paper Mill;Unreliable Results and/or Conclusions;,(B/T) Computer Science;(B/T) Data Science;(B/T) Technology;(SOC) Psychology;
64056.0,An energy efficient deep learning model for intrusion detection in smart healthcare with optimal feature selection mechanism,R Rajalakshmi;P Sivakumar;T Prathiba;K Chatrapathy,Journal of Intelligent & Fuzzy Systems,IOS Press (bought by Sage November 2023),2022-11-15,10.3233/jifs-223166,Computer-Aided Content or Computer-Generated Content;Concerns/Issues about Referencing/Attributions;Concerns/Issues about Third Party Involvement;Compromised Peer Review;Investigation by Journal/Publisher;Investigation by Third Party;Paper Mill;Unreliable Results and/or Conclusions;,(B/T) Computer Science;(B/T) Data Science;(B/T) Technology;
64054.0,An efficient solidarity value for interval cooperative games,Samira Shahi;Hamidreza Navidi,Journal of Intelligent & Fuzzy Systems,IOS Press (bought by Sage November 2023),2023-09-30,10.3233/jifs-223736,Computer-Aided Content or Computer-Generated Content;Concerns/Issues about Referencing/Attributions;Concerns/Issues about Third Party Involvement;Compromised Peer Review;Investigation by Journal/Publisher;Investigation by Third Party;Paper Mill;Unreliable Results and/or Conclusions;,(B/T) Computer Science;(B/T) Data Science;(B/T) Technology;(PHY) Mathematics;
64053.0,An efficient method for ideological and political education quality evaluation of colleges and universities with 2-tuple linguistic neutrosophic sets,Jiacheng Liu;Gavin Chau;Pianpain Su,Journal of Intelligent & Fuzzy Systems,IOS Press (bought by Sage November 2023),2023-01-13,10.3233/jifs-223387,Concerns/Issues about Referencing/Attributions;Concerns/Issues about Peer Review;Compromised Peer Review;False/Forged Authorship;Investigation by Journal/Publisher;Investigation by Third Party;Paper Mill;Unreliable Results and/or Conclusions;,(B/T) Computer Science;(B/T) Data Science;(B/T) Technology;(SOC) Education;(SOC) Political Science;
64052.0,An efficient image defogging algorithm based on dragonfly optimized gamma correction and stationary wavelet decomposition,S A Ramsanjay;S Sumathi,Journal of Intelligent & Fuzzy Systems,IOS Press (bought by Sage November 2023),2023-06-09,10.3233/jifs-221179,Computer-Aided Content or Computer-Generated Content;Concerns/Issues about Referencing/Attributions;Concerns/Issues about Third Party Involvement;Compromised Peer Review;Investigation by Journal/Publisher;Investigation by Third Party;Paper Mill;Unreliable Results and/or Conclusions;,(B/T) Computer Science;(B/T) Data Science;(B/T) Technology;
64051.0,An efficient hybrid bert model for brain tumor classification,S Selvin Prem Kumar;C Agees Kumar;Anita Venugopal;Aditi Sharma,Journal of Intelligent & Fuzzy Systems,IOS Press (bought by Sage November 2023),2024-01-03,10.3233/jifs-237653,Computer-Aided Content or Computer-Generated Content;Concerns/Issues about Referencing/Attributions;Concerns/Issues about Third Party Involvement;Compromised Peer Review;Investigation by Journal/Publisher;Investigation by Third Party;,(B/T) Computer Science;(B/T) Data Science;(B/T) Technology;
64044.0,An approach to linguistic q-rung orthopair fuzzy multi-attribute decision making with LINMAP based on Manhattan distance measure,Pengcheng Gao;Mingxian Chen;Yu Zhou;Ligang Zhou,Journal of Intelligent & Fuzzy Systems,IOS Press (bought by Sage November 2023),2023-05-05,10.3233/jifs-221750,Computer-Aided Content or Computer-Generated Content;Concerns/Issues about Referencing/Attributions;Concerns/Issues about Third Party Involvement;Compromised Peer Review;Investigation by Journal/Publisher;Investigation by Third Party;Paper Mill;Unreliable Results and/or Conclusions;,(B/T) Computer Science;(B/T) Data Science;(B/T) Technology;(SOC) Linguistics;
64042.0,An adaptive multitask network for detecting the region of water leakage in tunnels,Liang Zhao;Jiawei Wang;Shipeng Liu;Xiaoyan Yang,Journal of Intelligent & Fuzzy Systems,IOS Press (bought by Sage November 2023),2023-07-24,10.3233/jifs-224315,Computer-Aided Content or Computer-Generated Content;Concerns/Issues about Referencing/Attributions;Concerns/Issues about Third Party Involvement;Compromised Peer Review;Investigation by Journal/Publisher;Investigation by Third Party;Paper Mill;Unreliable Results and/or Conclusions;,(B/T) Computer Science;(B/T) Data Science;(B/T) Technology;(PHY) Engineering - General;
64041.0,An adaptive differential evolution algorithm with multi-strategy for solving complex optimization problem,Yuangang Li;Xinrui Gao;Hongcheng Ni;Yingjie Song;Wu Deng,Journal of Intelligent & Fuzzy Systems,IOS Press (bought by Sage November 2023),2024-04-25,10.3233/jifs-238217,Computer-Aided Content or Computer-Generated Content;Concerns/Issues about Referencing/Attributions;Concerns/Issues about Third Party Involvement;Compromised Peer Review;Investigation by Journal/Publisher;Investigation by Third Party;Paper Mill;Unreliable Results and/or Conclusions;,(B/T) Computer Science;(B/T) Data Science;(B/T) Technology;
64038.0,Advancing rural healthcare: A novel approach to designing blockchain-enabled IoB devices and integrating fuzzy intelligence systems for patient monitoring and record management,N Prabu Sankar;D Usha,Journal of Intelligent & Fuzzy Systems,IOS Press (bought by Sage November 2023),2024-03-04,10.3233/JIFS-233752,Computer-Aided Content or Computer-Generated Content;Concerns/Issues about Referencing/Attributions;Concerns/Issues about Third Party Involvement;Compromised Peer Review;Investigation by Journal/Publisher;Investigation by Third Party;Paper Mill;Unreliable Results and/or Conclusions;,(B/T) Data Science;(B/T) Technology;(HSC) Public Health and Safety;
64037.0,Advancing electric demand forecasting through the temporal fusion transformer model,M Karthikeyan;Ilhami Colak;S Sagar Imambi;J Joselin Jeya Sheela;Sruthi Nair;B Umarani;Andril Alagusabai;K Suriyakrishnaan;A Rajaram,Journal of Intelligent & Fuzzy Systems,IOS Press (bought by Sage November 2023),2024-03-20,10.3233/jifs-236036,Computer-Aided Content or Computer-Generated Content;Concerns/Issues about Referencing/Attributions;Concerns/Issues about Third Party Involvement;Compromised Peer Review;Investigation by Journal/Publisher;Investigation by Third Party;Paper Mill;Unreliable Results and/or Conclusions;,(B/T) Computer Science;(B/T) Data Science;(B/T) Technology;(PHY) Energy;
64034.0,Adaptive fuzzy convolutional neural network for medical image classification,Shivani Gupta;Nileshkumar Patel;Ajay Kumar;Neelesh Kumar Jain;Pranav Dass;Rajalaxmi Hegde;A Rajaram,Journal of Intelligent & Fuzzy Systems,IOS Press (bought by Sage November 2023),2023-09-06,10.3233/jifs-233819,Computer-Aided Content or Computer-Generated Content;Concerns/Issues about Referencing/Attributions;Concerns/Issues about Third Party Involvement;Compromised Peer Review;False/Forged Authorship;Investigation by Journal/Publisher;Investigation by Third Party;Paper Mill;Unreliable Results and/or Conclusions;,(B/T) Computer Science;(B/T) Data Science;(B/T) Technology;
64032.0,ADAPT: Attack detection and prevention via deep learning techniques,M Mohan;V Tamizhazhagan;S Balaji,Journal of Intelligent & Fuzzy Systems,IOS Press (bought by Sage November 2023),2024-02-13,10.3233/jifs-236371,Computer-Aided Content or Computer-Generated Content;Concerns/Issues about Referencing/Attributions;Concerns/Issues about Third Party Involvement;Compromised Peer Review;Investigation by Journal/Publisher;Investigation by Third Party;Paper Mill;Unreliable Results and/or Conclusions;,(B/T) Computer Science;(B/T) Data Science;(B/T) Technology;
64031.0,Accuracy of badminton swing action recognition based on fractional time network,Bo Shi;Bin Lv,Journal of Intelligent & Fuzzy Systems,IOS Press (bought by Sage November 2023),2023-05-24,10.3233/jifs-231409,Computer-Aided Content or Computer-Generated Content;Concerns/Issues about Referencing/Attributions;Concerns/Issues about Third Party Involvement;Compromised Peer Review;Investigation by Journal/Publisher;Investigation by Third Party;Paper Mill;Unreliable Results and/or Conclusions;,(B/T) Computer Science;(B/T) Data Science;(B/T) Technology;(HSC) Sports Science;
64029.0,A twin logistic regression method based on attribute-oriented fuzzy rough set,Bin Yu;Qing Zhu;Yu Fu;Mingjie Cai,Journal of Intelligent & Fuzzy Systems,IOS Press (bought by Sage November 2023),2023-03-28,10.3233/jifs-222986,Computer-Aided Content or Computer-Generated Content;Concerns/Issues about Referencing/Attributions;Concerns/Issues about Third Party Involvement;Compromised Peer Review;Investigation by Journal/Publisher;Investigation by Third Party;Paper Mill;Unreliable Results and/or Conclusions;,(B/T) Data Science;
64028.0,A three-way decision model on incomplete single-valued neutrosophic information tables,Hai-Long Yang;Huan-Huan Ren,Journal of Intelligent & Fuzzy Systems,IOS Press (bought by Sage November 2023),2022-12-28,10.3233/jifs-221942,Computer-Aided Content or Computer-Generated Content;Concerns/Issues about Referencing/Attributions;Concerns/Issues about Third Party Involvement;Compromised Peer Review;Investigation by Journal/Publisher;Investigation by Third Party;Paper Mill;Unreliable Results and/or Conclusions;,(B/T) Computer Science;(B/T) Data Science;(B/T) Technology;
64026.0,A text image generation model based on deep learning,Jing Wang,Journal of Intelligent & Fuzzy Systems,IOS Press (bought by Sage November 2023),2023-07-13,10.3233/jifs-223741,Computer-Aided Content or Computer-Generated Content;Concerns/Issues about Referencing/Attributions;Concerns/Issues about Third Party Involvement;Compromised Peer Review;Investigation by Journal/Publisher;Investigation by Third Party;Paper Mill;Unreliable Results and/or Conclusions;,(B/T) Computer Science;(B/T) Data Science;(B/T) Technology;(SOC) Linguistics;
64024.0,A survey of intelligent optimization algorithms for solving satisfiability problems,Lan Yang;Xiaofeng Wang;Hongsheng Ding;Yi Yang;Xingyu Zhao;Lichao Pang,Journal of Intelligent & Fuzzy Systems,IOS Press (bought by Sage November 2023),2023-04-25,10.3233/jifs-230073,Computer-Aided Content or Computer-Generated Content;Concerns/Issues about Referencing/Attributions;Concerns/Issues about Third Party Involvement;Compromised Peer Review;Investigation by Journal/Publisher;Investigation by Third Party;Paper Mill;Unreliable Results and/or Conclusions;,(B/T) Computer Science;(B/T) Data Science;(B/T) Technology;
64022.0,A secure and scalable two-layer consensus algorithm based on PBFT,De Ling Huang;Yi Fan Huang;Yu Qiao Yang,Journal of Intelligent & Fuzzy Systems,IOS Press (bought by Sage November 2023),2024-04-02,10.3233/jifs-239745,Computer-Aided Content or Computer-Generated Content;Concerns/Issues about Referencing/Attributions;Concerns/Issues about Third Party Involvement;Compromised Peer Review;Investigation by Journal/Publisher;Investigation by Third Party;Paper Mill;Unreliable Results and/or Conclusions;,(B/T) Computer Science;(B/T) Data Science;(B/T) Technology;
64019.0,A risk source identification model for network security of power CPS system (CPS) based on fuzzy artificial neural network,Ze Chen;Ning Lu;Botao Hou;Xin Liu;Xiaojun Zuo,Journal of Intelligent & Fuzzy Systems,IOS Press (bought by Sage November 2023),2023-09-19,10.3233/jifs-224090,Computer-Aided Content or Computer-Generated Content;Concerns/Issues about Referencing/Attributions;Concerns/Issues about Third Party Involvement;Compromised Peer Review;Investigation by Journal/Publisher;Investigation by Third Party;Paper Mill;Unreliable Results and/or Conclusions;,(B/T) Computer Science;(B/T) Data Science;(B/T) Technology;
64017.0,A quadratic fuzzy relative evaluation approach for the high-quality development of marine economy,Chong Wu;Zengli Mao;Baoqiang Zhan;Yahui Wu,Journal of Intelligent & Fuzzy Systems,IOS Press (bought by Sage November 2023),2023-05-13,10.3233/jifs-224173,Computer-Aided Content or Computer-Generated Content;Concerns/Issues about Referencing/Attributions;Concerns/Issues about Third Party Involvement;Compromised Peer Review;Investigation by Journal/Publisher;Investigation by Third Party;Paper Mill;Unreliable Results and/or Conclusions;,(B/T) Business - Economics;(B/T) Computer Science;(B/T) Data Science;(B/T) Technology;(PHY) Mathematics;
64014.0,A pragmatic approach of Parkinson disease detection using hybrid case-based reasoning neuro-fuzzy classification system over Mobile edge computing,E Punarselvam,Journal of Intelligent & Fuzzy Systems,IOS Press (bought by Sage November 2023),2023-02-07,10.3233/jifs-220941,Computer-Aided Content or Computer-Generated Content;Concerns/Issues about Referencing/Attributions;Concerns/Issues about Third Party Involvement;Compromised Peer Review;Investigation by Journal/Publisher;Investigation by Third Party;Paper Mill;Unreliable Results and/or Conclusions;,(B/T) Computer Science;(B/T) Data Science;(B/T) Technology;(HSC) Medicine - Neurology;
64013.0,A practical decision-making framework for highway transportation scheme selection based on the triangular fuzzy neutrosophic information,Lu Wang,Journal of Intelligent & Fuzzy Systems,IOS Press (bought by Sage November 2023),2023-08-25,10.3233/jifs-233620,Computer-Aided Content or Computer-Generated Content;Concerns/Issues about Referencing/Attributions;Concerns/Issues about Third Party Involvement;Compromised Peer Review;Investigation by Journal/Publisher;Investigation by Third Party;Paper Mill;Unreliable Results and/or Conclusions;,(B/T) Computer Science;(B/T) Data Science;(B/T) Technology;(B/T) Transportation;
64010.0,A novel similarity measure of picture fuzzy sets and its applications,P A Fathima Perveen;Sunil Jacob John;Hüseyin Kamacı;T Baiju,Journal of Intelligent & Fuzzy Systems,IOS Press (bought by Sage November 2023),2022-12-12,10.3233/jifs-222334,Computer-Aided Content or Computer-Generated Content;Concerns/Issues about Referencing/Attributions;Concerns/Issues about Third Party Involvement;Compromised Peer Review;Investigation by Journal/Publisher;Investigation by Third Party;Paper Mill;Unreliable Results and/or Conclusions;,(B/T) Computer Science;(B/T) Data Science;(B/T) Technology;
64009.0,A novel of congestion control architecture using edge computing and trustworthy blockchain system,Poorva Shukla;Ravindra Patel;Sunita Varma,Journal of Intelligent & Fuzzy Systems,IOS Press (bought by Sage November 2023),2023-01-23,10.3233/jifs-223073,Computer-Aided Content or Computer-Generated Content;Concerns/Issues about Referencing/Attributions;Concerns/Issues about Third Party Involvement;Compromised Peer Review;Investigation by Journal/Publisher;Investigation by Third Party;Paper Mill;Unreliable Results and/or Conclusions;,(B/T) Computer Science;(B/T) Data Science;(B/T) Technology;
64008.0,A novel neutrosophic cubic MADM method based on Aczel-Alsina operator and MEREC and its application for supplier selection,Shanshan Zhai;Jianping Fan;Lin Liu,Journal of Intelligent & Fuzzy Systems,IOS Press (bought by Sage November 2023),2024-03-16,10.3233/jifs-235274,Computer-Aided Content or Computer-Generated Content;Concerns/Issues about Referencing/Attributions;Concerns/Issues about Third Party Involvement;Compromised Peer Review;Investigation by Journal/Publisher;Investigation by Third Party;Paper Mill;Unreliable Results and/or Conclusions;,(B/T) Business - Management;(B/T) Data Science;
64006.0,A novel MADM technique based on projection methods under q-rung orthopair fuzzy setting and its application to computer network security evaluation,Wenbao Qiao,Journal of Intelligent & Fuzzy Systems,IOS Press (bought by Sage November 2023),2023-05-05,10.3233/jifs-231351,Computer-Aided Content or Computer-Generated Content;Concerns/Issues about Referencing/Attributions;Concerns/Issues about Third Party Involvement;Compromised Peer Review;Investigation by Journal/Publisher;Investigation by Third Party;Paper Mill;Unreliable Results and/or Conclusions;,(B/T) Data Science;(B/T) Technology;
64005.0,A novel LASSO-ATT-LSTM model of stock price prediction based on multi-source heterogeneous data,Huiru Li;Yanrong Hu;Hongjiu Liu,Journal of Intelligent & Fuzzy Systems,IOS Press (bought by Sage November 2023),2023-04-06,10.3233/jifs-221919,Computer-Aided Content or Computer-Generated Content;Concerns/Issues about Referencing/Attributions;Concerns/Issues about Third Party Involvement;Compromised Peer Review;Investigation by Journal/Publisher;Investigation by Third Party;Paper Mill;Unreliable Results and/or Conclusions;,(B/T) Business - Economics;(B/T) Data Science;
64003.0,A novel hash based feature descriptors for content based image retrieval in large database,K Lalitha;S Murugavalli;A Ameelia Roseline,Journal of Intelligent & Fuzzy Systems,IOS Press (bought by Sage November 2023),2023-09-08,10.3233/jifs-233891,Computer-Aided Content or Computer-Generated Content;Concerns/Issues about Referencing/Attributions;Concerns/Issues about Third Party Involvement;Compromised Peer Review;Investigation by Journal/Publisher;Investigation by Third Party;Paper Mill;Unreliable Results and/or Conclusions;,(B/T) Computer Science;(B/T) Technology;
64002.0,A novel Group Decision Making method with the prediction selection rate,Hengshan Zhang;Yun Wang;Tianhua Chen,Journal of Intelligent & Fuzzy Systems,IOS Press (bought by Sage November 2023),2023-07-03,10.3233/jifs-230395,Computer-Aided Content or Computer-Generated Content;Concerns/Issues about Referencing/Attributions;Concerns/Issues about Third Party Involvement;Compromised Peer Review;Investigation by Journal/Publisher;Investigation by Third Party;Paper Mill;Unreliable Results and/or Conclusions;,(B/T) Business - Management;(B/T) Data Science;
64000.0,A novel grey fractional model based on model averaging for forecasting time series,Zhiyuan Ouyang;Yanling Wan;Tao Zhang;Wen-Ze Wu,Journal of Intelligent & Fuzzy Systems,IOS Press (bought by Sage November 2023),2024-01-17,10.3233/jifs-237479,Computer-Aided Content or Computer-Generated Content;Concerns/Issues about Referencing/Attributions;Concerns/Issues about Third Party Involvement;Compromised Peer Review;Investigation by Journal/Publisher;Investigation by Third Party;Paper Mill;Unreliable Results and/or Conclusions;,(B/T) Computer Science;(B/T) Data Science;(B/T) Technology;
63996.0,A novel deep learning based underwater image de-noising and detecting suspicious object,S Padmapriya;A Umamageswari;S Deepa;J Faritha Banu,Journal of Intelligent & Fuzzy Systems,IOS Press (bought by Sage November 2023),2023-08-10,10.3233/jifs-234002,Computer-Aided Content or Computer-Generated Content;Concerns/Issues about Referencing/Attributions;Concerns/Issues about Third Party Involvement;Compromised Peer Review;Investigation by Journal/Publisher;Investigation by Third Party;Paper Mill;Unreliable Results and/or Conclusions;,(B/T) Computer Science;(B/T) Data Science;(B/T) Technology;
63995.0,A novel decision-making method based on complex cubic q-rung orthopair fuzzy information,Weijia Ren;Yuhong Du;Ronglu Sun;Yuqin Du;Mubo Lü,Journal of Intelligent & Fuzzy Systems,IOS Press (bought by Sage November 2023),2023-06-13,10.3233/jifs-230402,Computer-Aided Content or Computer-Generated Content;Concerns/Issues about Referencing/Attributions;Concerns/Issues about Third Party Involvement;Compromised Peer Review;Investigation by Journal/Publisher;Investigation by Third Party;Paper Mill;Unreliable Results and/or Conclusions;,(B/T) Computer Science;(B/T) Data Science;(B/T) Technology;
63994.0,A novel DAG-blockchain structure for trusted routing in secure MANET-IoT environment,N Ilakkiya;A Rajaram,Journal of Intelligent & Fuzzy Systems,IOS Press (bought by Sage November 2023),2024-01-17,10.3233/jifs-232924,Computer-Aided Content or Computer-Generated Content;Concerns/Issues about Referencing/Attributions;Concerns/Issues about Third Party Involvement;Compromised Peer Review;False/Forged Authorship;Investigation by Journal/Publisher;Investigation by Third Party;Paper Mill;Unreliable Results and/or Conclusions;,(B/T) Computer Science;(B/T) Technology;(PHY) Engineering - Electrical;
63993.0,A novel attribute reduction approach using coverage-credibility-based rough decision entropy for interval-valued data,Xia Liu;Xianyong Zhang;Jiaxin Chen;Benwei Chen,Journal of Intelligent & Fuzzy Systems,IOS Press (bought by Sage November 2023),2024-04-24,10.3233/jifs-239544,Computer-Aided Content or Computer-Generated Content;Concerns/Issues about Referencing/Attributions;Concerns/Issues about Third Party Involvement;Compromised Peer Review;Investigation by Journal/Publisher;Investigation by Third Party;Paper Mill;Unreliable Results and/or Conclusions;,(B/T) Data Science;
63992.0,A novel attention-based feature learning and optimal deep learning approach for network intrusion detection,K Sakthi;P Nirmal Kumar,Journal of Intelligent & Fuzzy Systems,IOS Press (bought by Sage November 2023),2023-07-08,10.3233/jifs-231758,Computer-Aided Content or Computer-Generated Content;Concerns/Issues about Referencing/Attributions;Concerns/Issues about Third Party Involvement;Compromised Peer Review;Investigation by Journal/Publisher;Investigation by Third Party;Paper Mill;Unreliable Results and/or Conclusions;,(B/T) Data Science;(B/T) Technology;
63989.0,A novel approach to employment quality evaluation of college graduates with probabilistic linguistic MAGDM,Bingbo Mao;Tao Feng;Hang Su;Xicheng Ma,Journal of Intelligent & Fuzzy Systems,IOS Press (bought by Sage November 2023),2023-06-13,10.3233/jifs-231388,Computer-Aided Content or Computer-Generated Content;Concerns/Issues about Referencing/Attributions;Concerns/Issues about Third Party Involvement;Compromised Peer Review;Investigation by Journal/Publisher;Investigation by Third Party;Paper Mill;Unreliable Results and/or Conclusions;,(B/T) Data Science;(SOC) Education;
63981.0,A new method to determine the Fermatean fuzzy optimal solution of transportation problems,Muhammad Akram;Syed Muhammad Umer Shah;Tofigh Allahviranloo,Journal of Intelligent & Fuzzy Systems,IOS Press (bought by Sage November 2023),2022-11-04,10.3233/jifs-221959,Computer-Aided Content or Computer-Generated Content;Concerns/Issues about Referencing/Attributions;Concerns/Issues about Third Party Involvement;Compromised Peer Review;Investigation by Journal/Publisher;Investigation by Third Party;Paper Mill;Unreliable Results and/or Conclusions;,(B/T) Computer Science;(B/T) Data Science;(B/T) Technology;(B/T) Transportation;
63978.0,A new intonation quality evaluation method based on self-supervised learning,Wei Wang;Ning Zhang;Weishi Peng;Zhengqi Liu,Journal of Intelligent & Fuzzy Systems,IOS Press (bought by Sage November 2023),2023-04-28,10.3233/jifs-230165,Computer-Aided Content or Computer-Generated Content;Concerns/Issues about Referencing/Attributions;Concerns/Issues about Third Party Involvement;Compromised Peer Review;Investigation by Journal/Publisher;Investigation by Third Party;Paper Mill;Unreliable Results and/or Conclusions;,(B/T) Data Science;(HUM) Arts - Music;
63955.0,A new grey buffer operator and its application,Shuanghua Liu,Journal of Intelligent & Fuzzy Systems,IOS Press (bought by Sage November 2023),2024-02-26,10.3233/jifs-230091,Computer-Aided Content or Computer-Generated Content;Concerns/Issues about Referencing/Attributions;Concerns/Issues about Third Party Involvement;Compromised Peer Review;Investigation by Journal/Publisher;Investigation by Third Party;Paper Mill;Unreliable Results and/or Conclusions;,(B/T) Computer Science;
63954.0,A new energy vehicle battery supplier selection using SWARA-MEREC-MARCOS approach under probabilistic triangular intuitionistic hesitant fuzzy environment,Jianping Fan;Mingxuan Chai;Meiqin Wu,Journal of Intelligent & Fuzzy Systems,IOS Press (bought by Sage November 2023),2024-03-13,10.3233/jifs-231975,Computer-Aided Content or Computer-Generated Content;Concerns/Issues about Referencing/Attributions;Concerns/Issues about Third Party Involvement;Compromised Peer Review;Investigation by Journal/Publisher;Investigation by Third Party;Paper Mill;Unreliable Results and/or Conclusions;,(B/T) Business - Manufacturing;(B/T) Data Science;
63931.0,A Neural Network model for Indian Supreme Court legal judgment prediction,N Sivaranjani;V K Senthil Ragavan;G Jawaherlalnehru,Journal of Intelligent & Fuzzy Systems,IOS Press (bought by Sage November 2023),2024-03-04,10.3233/jifs-235936,Computer-Aided Content or Computer-Generated Content;Concerns/Issues about Referencing/Attributions;Concerns/Issues about Third Party Involvement;Compromised Peer Review;Investigation by Journal/Publisher;Investigation by Third Party;Paper Mill;Unreliable Results and/or Conclusions;,(B/T) Computer Science;(B/T) Data Science;(B/T) Technology;(SOC) Law/Legal Issues;
63929.0,A negative selection algorithm with human-in-the-loop for anomaly detection,Chunling Li;Yi Zhang,Journal of Intelligent & Fuzzy Systems,IOS Press (bought by Sage November 2023),2024-02-25,10.3233/jifs-235724,Computer-Aided Content or Computer-Generated Content;Concerns/Issues about Referencing/Attributions;Concerns/Issues about Third Party Involvement;Compromised Peer Review;Investigation by Journal/Publisher;Investigation by Third Party;Paper Mill;Unreliable Results and/or Conclusions;,(B/T) Computer Science;(B/T) Data Science;
63926.0,A multi-granularity ensemble algorithm for medical image classification based on broad learning system,Keyuan Li;Qinghua Zhang;Qin Xie;Shuaishuai Huang,Journal of Intelligent & Fuzzy Systems,IOS Press (bought by Sage November 2023),2024-01-24,10.3233/jifs-235725,Computer-Aided Content or Computer-Generated Content;Concerns/Issues about Referencing/Attributions;Concerns/Issues about Third Party Involvement;Compromised Peer Review;Investigation by Journal/Publisher;Investigation by Third Party;Paper Mill;Unreliable Results and/or Conclusions;,(B/T) Computer Science;(B/T) Data Science;(B/T) Technology;(HSC) Radiology/Imaging;
63908.0,"A hybrid multi-source data fusion for word, sentence, aspect, and document-level sentiment analysis on real-time databases",Monika Agrawal;Nageswara Rao Moparthi,Journal of Intelligent & Fuzzy Systems,IOS Press (bought by Sage November 2023),2023-10-30,10.3233/JIFS-234076,Computer-Aided Content or Computer-Generated Content;Concerns/Issues about Referencing/Attributions;Concerns/Issues about Third Party Involvement;Compromised Peer Review;Investigation by Journal/Publisher;Investigation by Third Party;Paper Mill;Unreliable Results and/or Conclusions;,(B/T) Data Science;(SOC) Communications;
63907.0,A hybrid multi-criteria decision-making framework of EWM-BWM-TODIM based on Linguistic Pythagorean fuzzy environment,Jianping Fan;Min Wang;Meiqin Wu,Journal of Intelligent & Fuzzy Systems,IOS Press (bought by Sage November 2023),2023-08-11,10.3233/jifs-224294,Computer-Aided Content or Computer-Generated Content;Concerns/Issues about Referencing/Attributions;Concerns/Issues about Third Party Involvement;Compromised Peer Review;Investigation by Journal/Publisher;Investigation by Third Party;Paper Mill;Unreliable Results and/or Conclusions;,(B/T) Business - Management;(B/T) Data Science;
63906.0,A Hybrid Monarchy butterfly and chicken swarm optimization based on Cluster Head Selection Scheme for Enhancing Lifetime of WSNs,S Famila;A Jawahar;A Arthi;N Supriya;P Ramadoss,Journal of Intelligent & Fuzzy Systems,IOS Press (bought by Sage November 2023),2023-11-10,10.3233/JIFS-233681,Computer-Aided Content or Computer-Generated Content;Concerns/Issues about Referencing/Attributions;Concerns/Issues about Third Party Involvement;Compromised Peer Review;Investigation by Journal/Publisher;Investigation by Third Party;Paper Mill;Unreliable Results and/or Conclusions;,(B/T) Computer Science;(PHY) Engineering - Electrical;
63905.0,A hybrid learning frame work for recognition abnormal events intended from surveillance videos,A Babiyola;S Aruna;S Sumithra;B Buvaneswari,Journal of Intelligent & Fuzzy Systems,IOS Press (bought by Sage November 2023),2023-04-28,10.3233/jifs-231187,Computer-Aided Content or Computer-Generated Content;Concerns/Issues about Referencing/Attributions;Concerns/Issues about Third Party Involvement;Compromised Peer Review;Investigation by Journal/Publisher;Investigation by Third Party;Paper Mill;Unreliable Results and/or Conclusions;,(B/T) Data Science;(B/T) Technology;(SOC) Criminology;
63899.0,A hybrid estimation procedure for modeling shallow foundation’s settlement: RBF-optimized neural network,Wei Wang;Weidong Zhang;Zhe Zhang,Journal of Intelligent & Fuzzy Systems,IOS Press (bought by Sage November 2023),2023-04-05,10.3233/jifs-223907,Computer-Aided Content or Computer-Generated Content;Concerns/Issues about Referencing/Attributions;Concerns/Issues about Third Party Involvement;Compromised Peer Review;Investigation by Journal/Publisher;Paper Mill;Unreliable Results and/or Conclusions;,(B/T) Computer Science;(B/T) Data Science;(B/T) Technology;
63898.0,A Heuristic Approach to Improve the Data Processing in Big Data using Enhanced Salp Swarm Algorithm (ESSA) and MK-means Algorithm,M R Sundarakumar;D Salangai Nayagi;V Vinodhini;S VinayagaPriya;M Marimuthu;Shajahan Basheer;D Santhakumar;A Johny Renoald,Journal of Intelligent & Fuzzy Systems,IOS Press (bought by Sage November 2023),2023-05-29,10.3233/jifs-231389,Computer-Aided Content or Computer-Generated Content;Concerns/Issues about Referencing/Attributions;Concerns/Issues about Third Party Involvement;Compromised Peer Review;Investigation by Journal/Publisher;Investigation by Third Party;Paper Mill;Unreliable Results and/or Conclusions;,(B/T) Computer Science;(B/T) Data Science;(B/T) Technology;
63847.0,A credit scoring ensemble model incorporating fuzzy clustering particle swarm optimization algorithm,Xiwen Qin;Xing Ji;Siqi Zhang;Dingxin Xu,Journal of Intelligent & Fuzzy Systems,IOS Press (bought by Sage November 2023),2023-09-08,10.3233/jifs-233334,Computer-Aided Content or Computer-Generated Content;Concerns/Issues about Referencing/Attributions;Concerns/Issues about Third Party Involvement;Compromised Peer Review;Investigation by Journal/Publisher;Paper Mill;Unreliable Results and/or Conclusions;,(B/T) Computer Science;(B/T) Data Science;(B/T) Technology;
63826.0,A comprehensive review on trust management approaches in fog computing,P Karthikeyan;K Brindha,Journal of Intelligent & Fuzzy Systems,IOS Press (bought by Sage November 2023),2023-10-03,10.3233/jifs-232892,Computer-Aided Content or Computer-Generated Content;Concerns/Issues about Referencing/Attributions;Concerns/Issues about Third Party Involvement;Compromised Peer Review;Investigation by Journal/Publisher;Investigation by Third Party;Paper Mill;Unreliable Results and/or Conclusions;,(B/T) Computer Science;(B/T) Technology;
63825.0,A communication link lifetime prediction-supported V2V partial computation offloading scheme for autonomous driving,Rui Men;Xiumei Fan;Jun Yan;Axida Shan;Shujia Fan,Journal of Intelligent & Fuzzy Systems,IOS Press (bought by Sage November 2023),2024-01-16,10.3233/jifs-235954,Computer-Aided Content or Computer-Generated Content;Concerns/Issues about Referencing/Attributions;Concerns/Issues about Third Party Involvement;Compromised Peer Review;Investigation by Journal/Publisher;Investigation by Third Party;Paper Mill;Unreliable Results and/or Conclusions;,(B/T) Computer Science;(B/T) Technology;(B/T) Transportation;(PHY) Engineering - Electrical;
63824.0,A cluster-based routing in WSN for smart city applications using neural networks,M Senthamil Selvi;C Ranjeeth Kumar;S Jansi Rani,Journal of Intelligent & Fuzzy Systems,IOS Press (bought by Sage November 2023),2023-03-21,10.3233/jifs-222615,Computer-Aided Content or Computer-Generated Content;Concerns/Issues about Referencing/Attributions;Concerns/Issues about Third Party Involvement;Compromised Peer Review;Investigation by Journal/Publisher;Investigation by Third Party;Paper Mill;Unreliable Results and/or Conclusions;,(B/T) Computer Science;(B/T) Technology;(B/T) Urban Planning;
63822.0,A boundary optimization model of instance segmentation combined with wavelet transform on Buildings,Chenchen Shi;Changlun Zhang;Lulu Deng;Qiang He;Hengyou Wang;Lianzhi Huo,Journal of Intelligent & Fuzzy Systems,IOS Press (bought by Sage November 2023),2023-05-17,10.3233/jifs-222312,Computer-Aided Content or Computer-Generated Content;Concerns/Issues about Referencing/Attributions;Concerns/Issues about Third Party Involvement;Compromised Peer Review;Investigation by Journal/Publisher;Investigation by Third Party;Paper Mill;Unreliable Results and/or Conclusions;,(B/T) Data Science;(B/T) Technology;(HUM) Architecture;
63821.0,A bi-direction performance evaluation model for water pollution treatment engineering under the intuitionistic multiplicative linguistic environment,Ling Weng;Jian Lin;Shujie Lv;Yan Huang,Journal of Intelligent & Fuzzy Systems,IOS Press (bought by Sage November 2023),2022-12-20,10.3233/jifs-223373,Cites Retracted Work;Computer-Aided Content or Computer-Generated Content;Concerns/Issues about Referencing/Attributions;Concerns/Issues about Third Party Involvement;Compromised Peer Review;Investigation by Journal/Publisher;Investigation by Third Party;Paper Mill;Unreliable Results and/or Conclusions;,(B/T) Data Science;(ENV) Ground/Surface Water;(PHY) Engineering - General;
63809.0,An Efficient Deep Learning Intrusion Detection Technique Using Panthera Leo Hunting Optimized Method for Vanet,M S Bennet Praba;S S Subashka Ramesh,Journal of Intelligent & Fuzzy Systems,IOS Press (bought by Sage November 2023),2023-11-10,10.3233/jifs-234401,Computer-Aided Content or Computer-Generated Content;Concerns/Issues about Referencing/Attributions;Concerns/Issues about Third Party Involvement;Compromised Peer Review;Investigation by Journal/Publisher;Investigation by Third Party;Paper Mill;Unreliable Results and/or Conclusions;,(B/T) Computer Science;(B/T) Data Science;(B/T) Transportation;(PHY) Engineering - Electrical;
62297.0,Research on the Difference between Environmental Music Perception and Innovation Ability Based on EEG Data,Na Zhang,Journal of Environmental and Public Health,Hindawi,2022-11-17,10.1155/2022/9441697,Computer-Aided Content or Computer-Generated Content;Concerns/Issues about Data;Concerns/Issues about Referencing/Attributions;Concerns/Issues about Results and/or Conclusions;Concerns/Issues about Peer Review;Informed/Patient Consent - None/Withdrawn;Investigation by Journal/Publisher;Investigation by Third Party;Lack of IRB/IACUC Approval and/or Compliance;Paper Mill;Unreliable Results and/or Conclusions;,(B/T) Data Science;(BLS) Neuroscience;(HSC) Medicine - Neurology;(HUM) Arts - Music;
62271.0,Machine Learning for Diagnosis of Systemic Lupus Erythematosus: A Systematic Review and Meta-Analysis,Yuan Zhou;Meng Wang;Shasha Zhao;Yan Yan,Computational Intelligence and Neuroscience,Hindawi,2022-11-22,10.1155/2022/7167066,Computer-Aided Content or Computer-Generated Content;Concerns/Issues about Data;Concerns/Issues about Referencing/Attributions;Concerns/Issues about Results and/or Conclusions;Concerns/Issues about Peer Review;Investigation by Journal/Publisher;Investigation by Third Party;Paper Mill;Unreliable Results and/or Conclusions;,(B/T) Data Science;(HSC) Biostatistics/Epidemiology;(HSC) Medicine - Immunology;
62238.0,Evaluation Model of Physical Education Teaching Effect Based on AHP Algorithm,Ziyi Guo;ByoungKwon Park;Xiaobin Huang;SeongBeom Choi,Computational Intelligence and Neuroscience,Hindawi,2023-03-01,10.1155/2023/9363403,Computer-Aided Content or Computer-Generated Content;Concerns/Issues about Data;Concerns/Issues about Referencing/Attributions;Concerns/Issues about Results and/or Conclusions;Concerns/Issues about Peer Review;Investigation by Journal/Publisher;Investigation by Third Party;Paper Mill;Unreliable Results and/or Conclusions;,(B/T) Computer Science;(SOC) Education;(SOC) Sports and Recreation;
62203.0,Design and Proofreading of the English-Chinese Computer-Aided Translation System by the Neural Network,Yutong Liu;Shile Zhang,Computational Intelligence and Neuroscience,Hindawi,2023-02-22,10.1155/2023/9450816,Computer-Aided Content or Computer-Generated Content;Concerns/Issues about Data;Concerns/Issues about Referencing/Attributions;Concerns/Issues about Results and/or Conclusions;Concerns/Issues about Peer Review;Investigation by Journal/Publisher;Investigation by Third Party;Paper Mill;Unreliable Results and/or Conclusions;,(B/T) Computer Science;(B/T) Technology;(SOC) Linguistics;
62165.0,"Analyzing the Relationship among Social Capital, Dynamic Capability, and Farmers’ Cooperative Performance Using Lightweight Deep Learning Model: A Case Study of Liaoning Province",Simeng Zhang;Dongli Wu,Computational Intelligence and Neuroscience,Hindawi,2023-03-01,10.1155/2023/7064236,Concerns/Issues about Data;Concerns/Issues about Results and/or Conclusions;Concerns/Issues about Referencing/Attributions;Concerns/Issues about Peer Review;Investigation by Journal/Publisher;Investigation by Third Party;Paper Mill;Computer-Aided Content or Computer-Generated Content;Unreliable Results and/or Conclusions;,(B/T) Business - General;(B/T) Data Science;(B/T) Government;(B/T) Technology;(BLS) Agriculture;
61970.0,Transforming neurosurgical approaches to Aicardi syndrome through Artificial Intelligence,Mayur Wanjari;Gaurav Mittal;Roshan Prasad,Neurosurgical Review,Springer,2024-09-20,10.1007/s10143-024-02912-0,Computer-Aided Content or Computer-Generated Content;Investigation by Journal/Publisher;,(B/T) Data Science;(HSC) Medicine - Neurology;(HSC) Medicine - Surgery;
61949.0,Artificial intelligence in the surgical management of arteriovenous malformations,Mayur Wanjari;Gaurav Mittal;Roshan Prasad,Neurosurgical Review,Springer,2024-09-19,10.1007/s10143-024-02886-z,Computer-Aided Content or Computer-Generated Content;Investigation by Journal/Publisher;,(B/T) Data Science;(HSC) Medicine - Cardiovascular;(HSC) Medicine - Surgery;
61686.0,Enhancing neurosurgical interventions for Sturge-Weber syndrome with AI technologies,Mayur Wanjari;Gaurav Mittal;Roshan Prasad,Neurosurgical Review,Springer,2024-09-21,10.1007/s10143-024-02887-y,Computer-Aided Content or Computer-Generated Content;Investigation by Journal/Publisher;,(B/T) Data Science;(HSC) Medicine - Neurology;(HSC) Medicine - Surgery;
61685.0,Personalizing neurosurgical strategies for epidermoid cysts with artificial intelligence,Mayur Wanjari;Gaurav Mittal;Roshan Prasad,Neurosurgical Review,Springer,2024-09-27,10.1007/s10143-024-02907-x,Computer-Aided Content or Computer-Generated Content;Investigation by Journal/Publisher;,(B/T) Data Science;(HSC) Medicine - Neurology;(HSC) Medicine - Surgery;
61628.0,Leveraging AI to advance surgical outcomes in Moyamoya disease,Mayur Wanjari;Gaurav Mittal;Roshan Prasad,Neurosurgical Review,Springer,2024-09-25,10.1007/s10143-024-02911-1,Computer-Aided Content or Computer-Generated Content;Investigation by Journal/Publisher;,(B/T) Data Science;(HSC) Medicine - Cardiovascular;(HSC) Medicine - Neurology;(HSC) Medicine - Surgery;
61627.0,AI-powered diagnostics and treatment strategies for Neurofibromatosis in neurosurgical practice,Mayur Wanjari;Gaurav Mittal;Roshan Prasad,Neurosurgical Review,Springer,2024-09-23,10.1007/s10143-024-02908-w,Computer-Aided Content or Computer-Generated Content;Investigation by Journal/Publisher;,(B/T) Data Science;(HSC) Medicine - Neurology;(HSC) Medicine - Oncology;(HSC) Medicine - Surgery;
61586.0,AI-Driven innovations for managing ependymoma in neurosurgery,Mayur Wanjari;Gaurav Mittal;Roshan Prasad,Neurosurgical Review,Springer,2024-09-11,10.1007/s10143-024-02871-6,Computer-Aided Content or Computer-Generated Content;Investigation by Journal/Publisher;,(B/T) Data Science;(HSC) Medicine - Neurology;(HSC) Medicine - Surgery;
61549.0,Target Recognition Technology of Multimedia Platform Based on a Convolutional Neural Network,Jie Liu;Jiamin Zhang,Advances in Multimedia,Hindawi,2022-11-18,10.1155/2022/8188936,Concerns/Issues about Data;Concerns/Issues about Results and/or Conclusions;Concerns/Issues about Referencing/Attributions;Concerns/Issues about Peer Review;Investigation by Journal/Publisher;Investigation by Third Party;Paper Mill;Computer-Aided Content or Computer-Generated Content;Unreliable Results and/or Conclusions;,(B/T) Computer Science;(B/T) Data Science;(B/T) Technology;(SOC) Communications;
61464.0,Using AI to navigate complex neurosurgical procedures in rare gliomas,Mayur Wanjari;Gaurav Mittal;Roshan Prasad,Neurosurgical Review,Springer,2024-09-20,10.1007/s10143-024-02910-2,Computer-Aided Content or Computer-Generated Content;Investigation by Journal/Publisher;,(B/T) Data Science;(HSC) Medicine - Neurology;(HSC) Medicine - Oncology;(HSC) Medicine - Surgery;
61406.0,Harnessing artificial intelligence to improve surgical precision in Chiari malformation,Mayur Wanjari;Gaurav Mittal;Roshan Prasad,Neurosurgical Review,Springer,2024-09-19,10.1007/s10143-024-02884-1,Investigation by Journal/Publisher;Computer-Aided Content or Computer-Generated Content;,(B/T) Data Science;(HSC) Medicine - Neurology;(HSC) Medicine - Surgery;
61399.0,The Use of Big Data Analysis in Digital Empowerment of Sustainable Technological Innovation Management of Ecological Enterprises,Jianing Yu;Siyu Chen,Environmental Science and Pollution Research,Springer,2024-06-25,10.1007/s11356-024-33889-4,Concerns/Issues about Referencing/Attributions;Compromised Peer Review;Investigation by Journal/Publisher;Computer-Aided Content or Computer-Generated Content;,(B/T) Business - Management;(B/T) Data Science;(B/T) Technology;(ENV) Ecology;
61356.0,"Letter to Editor: Comment on, Development of predictive model for the neurological deterioration among mild traumatic brain injury patients using machine learning algorithms",Chinnasamy Ragavendran,Neurosurgical Review,Springer,2024-09-06,10.1007/s10143-024-02801-6,Investigation by Journal/Publisher;Computer-Aided Content or Computer-Generated Content;,(B/T) Data Science;(HSC) Medicine - Neurology;(HSC) Medicine - Rehabilitation/Therapy;
61354.0,Artificial intelligence enhancements in the neurosurgical treatment of tuberous sclerosis,Mayur Wanjari;Gaurav Mittal;Roshan Prasad,Neurosurgical Review,Springer,2024-09-21,10.1007/s10143-024-02883-2,Investigation by Journal/Publisher;Computer-Aided Content or Computer-Generated Content;,(B/T) Data Science;(HSC) Medicine - Neurology;(HSC) Medicine - Rehabilitation/Therapy;(HSC) Medicine - Surgery;
61321.0,Computer Network Information Security Monitoring System Based on Big Data Era,Yu Sun;Xiaorong Liu;Xiaoli Shen,Security and Communication Networks,Hindawi,2022-11-18,10.1155/2022/3170164,Concerns/Issues about Data;Concerns/Issues about Results and/or Conclusions;Concerns/Issues about Referencing/Attributions;Concerns/Issues about Peer Review;Investigation by Journal/Publisher;Investigation by Third Party;Paper Mill;Computer-Aided Content or Computer-Generated Content;Unreliable Results and/or Conclusions;,(B/T) Computer Science;(B/T) Technology;
61067.0,Comment on - “Simulation training approaches in intracranial aneurysm surgery—a systematic review”,Hethesh Chellapandian;Sivakamavalli Jeyachandran,Neurosurgical Review,Springer,2024-10-12,10.1007/s10143-024-02984-y,Investigation by Journal/Publisher;Computer-Aided Content or Computer-Generated Content;,(B/T) Computer Science;(HSC) Medicine - Cardiovascular;(HSC) Medicine - Neurology;(HSC) Medicine - Surgery;
60928.0,3D Point Cloud Data Registration Algorithm Based on Augmented Reality Technology,Liying Feng;Ng Giap Weng;Liyao Ma,Wireless Communications and Mobile Computing,Hindawi,2023-04-10,10.1155/2023/5169781,Concerns/Issues about Data;Concerns/Issues about Results and/or Conclusions;Concerns/Issues about Referencing/Attributions;Concerns/Issues about Peer Review;Investigation by Journal/Publisher;Investigation by Third Party;Paper Mill;Computer-Aided Content or Computer-Generated Content;Unreliable Results and/or Conclusions;,(B/T) Computer Science;(B/T) Data Science;(B/T) Technology;(ENV) Environmental Sciences;(PHY) Engineering - General;
60801.0,Short-Term Load Monitoring of a Power System Based on Neural Network,Di Yang,International Transactions on Electrical Energy Systems,Hindawi,2023-04-06,10.1155/2023/4581408,Compromised Peer Review;Investigation by Journal/Publisher;Investigation by Third Party;Paper Mill;Unreliable Results and/or Conclusions;,(B/T) Data Science;(B/T) Technology;(PHY) Engineering - Electrical;
60790.0,Robot Fault Detection Based on Big Data,Fei Luo,Journal of Control Science and Engineering,Hindawi,2023-04-04,10.1155/2023/8375382,Compromised Peer Review;Investigation by Journal/Publisher;Investigation by Third Party;Paper Mill;Unreliable Results and/or Conclusions;,(B/T) Computer Science;(B/T) Data Science;(B/T) Technology;(PHY) Engineering - Electrical;
60722.0,Motion Trajectory Error of Robotic Arm Based on Neural Network Algorithm,Bin Xu;Chen Sem Lin,Journal of Control Science and Engineering,Hindawi,2023-04-04,10.1155/2023/3958434,Compromised Peer Review;Investigation by Journal/Publisher;Investigation by Third Party;Paper Mill;Unreliable Results and/or Conclusions;,(B/T) Computer Science;(B/T) Technology;(PHY) Engineering - Electrical;(PHY) Engineering - Mechanical;
60720.0,Monitoring Cardiovascular Problems in Heart Patients Using Machine Learning,Ahmed Al Ahdal;Manik Rakhra;Rahul R. Rajendran;Farrukh Arslan;Moaiad Ahmad Khder;Binit Patel;Balaji Ramkumar Rajagopal;Rituraj Jain,Journal of Healthcare Engineering,Hindawi,2023-02-08,10.1155/2023/9738123,Compromised Peer Review;Investigation by Journal/Publisher;Investigation by Third Party;Paper Mill;Unreliable Results and/or Conclusions;,(B/T) Data Science;(B/T) Technology;(HSC) Medicine - Cardiovascular;
60606.0,An intelligent dynamic cyber physical system threat detection system for ensuring secured communication in 6G autonomous vehicle networks,M Shanthalakshmi;R S Ponmagal,Scientific Reports,Springer - Nature Publishing Group,2024-09-05,10.1038/s41598-024-70835-3,Euphemisms for Plagiarism;Investigation by Journal/Publisher;Plagiarism of/in Article;Computer-Aided Content or Computer-Generated Content;,(B/T) Computer Science;(B/T) Technology;(B/T) Transportation;
60531.0,Development of Health Digital GIS Map for Tuberculosis Disease Distribution Analysis in Sudan,Mohamed Sidahmed M Siddik;Thowiba E Ahmed;Fatima Rayan Awad Ahmed;Rania A Mokhtar;Elmustafa Sayed Ali;Rashid A Saeed,Journal of Healthcare Engineering,Hindawi,2023-02-13,10.1155/2023/6479187,Compromised Peer Review;Investigation by Journal/Publisher;Investigation by Third Party;Paper Mill;Unreliable Results and/or Conclusions;,(B/T) Data Science;(B/T) Technology;(HSC) Medicine - Infectious Disease;(HSC) Public Health and Safety;(HUM) Cartography;
60484.0,Computational Intelligence Based Recurrent Neural Network for Identification Deceptive Review in the E-Commerce Domain,Saleh Nagi Alsubari;Theyazn H. H. Aldhyani;Sachin N. Deshmukh;Mashael Maashi;Sadeen Alharbi;Heyam H. Al-Baity,Computational Intelligence and Neuroscience,Hindawi,2022-11-18,10.1155/2022/4656846,Compromised Peer Review;Investigation by Journal/Publisher;Investigation by Third Party;Paper Mill;Unreliable Results and/or Conclusions;,(B/T) Business - General;(B/T) Computer Science;(B/T) Data Science;(B/T) Technology;
60446.0,Based on Fuzzy Measure Algorithm Message Adaptive Rate Algorithm of Internet of Things,Zhijie Zhang,Journal of Control Science and Engineering,Hindawi,2022-11-17,10.1155/2022/4415500,Compromised Peer Review;Investigation by Journal/Publisher;Investigation by Third Party;Paper Mill;Unreliable Results and/or Conclusions;,(B/T) Computer Science;(B/T) Data Science;(B/T) Technology;(PHY) Engineering - Electrical;(SOC) Communications;
60425.0,Application of Improved Deep Learning Method in Intelligent Power System,HuiJie Liu;Yang Liu;ChengWen Xu,International Transactions on Electrical Energy Systems,Hindawi,2022-11-24,10.1155/2022/6788668,Compromised Peer Review;Investigation by Journal/Publisher;Investigation by Third Party;Paper Mill;Unreliable Results and/or Conclusions;,(B/T) Data Science;(B/T) Technology;(PHY) Energy;(PHY) Engineering - Electrical;
60371.0,Design and Implementation of Online Japanese Examination System Based on Genetic Algorithm,Zeng Dengqing;Yang Zhangwei,Wireless Communications and Mobile Computing,Hindawi,2022-11-26,10.1155/2022/3678607,Concerns/Issues about Data;Concerns/Issues about Results and/or Conclusions;Concerns/Issues about Referencing/Attributions;Concerns/Issues about Peer Review;Investigation by Journal/Publisher;Investigation by Third Party;Paper Mill;Computer-Aided Content or Computer-Generated Content;Unreliable Results and/or Conclusions;,(B/T) Computer Science;(B/T) Technology;(SOC) Linguistics;
60356.0,The Application of Interactive Visualization and Computer Vision in Intelligent Education Based on Big Data AI Technology,Hui Xu,Wireless Communications and Mobile Computing,Hindawi,2023-04-10,10.1155/2023/2119198,Compromised Peer Review;Investigation by Journal/Publisher;Investigation by Third Party;Paper Mill;Unreliable Results and/or Conclusions;,(B/T) Computer Science;(B/T) Technology;(SOC) Education;
60314.0,Sign language recognition using the fusion of image and hand landmarks through multi-headed convolutional neural network,Refat Khan Pathan;Munmun Biswas;Suraiya Yasmin;Mayeen Uddin Khandaker;Mohammad Salman;Ahmed A F Youssef,Scientific Reports,Springer - Nature Publishing Group,2023-10-09,10.1038/s41598-023-43852-x,Concerns/Issues about Authorship/Affiliation;Concerns/Issues about Article;Investigation by Journal/Publisher;Objections by Author(s);Computer-Aided Content or Computer-Generated Content;Unreliable Results and/or Conclusions;,(B/T) Data Science;(SOC) Communications;(SOC) Linguistics;
60304.0,A Method for Expanding the Training Set of White Blood Cell Images,Yang Su;Yu Zang;Qichen Su;Ling Peng,Journal of Healthcare Engineering,Hindawi,2022-11-09,10.1155/2022/1267080,Compromised Peer Review;Investigation by Journal/Publisher;Investigation by Third Party;Paper Mill;Unreliable Results and/or Conclusions;,(B/T) Data Science;(B/T) Technology;(BLS) Biology - Cellular;(HSC) Medicine - Cardiovascular;(HSC) Medicine - Immunology;(HSC) Medicine - Pathology;
60300.0,"A Computational Model of Blood D-Dimer, Cystatin C, and CRP Levels Predicts the Risk of Intracranial Aneurysms and their Rupture",Liang Xing;Haibo Long;Rui Bo;Xue Gou;Yan He;Xing Peng,Computational Intelligence and Neuroscience,Hindawi,2022-11-18,10.1155/2022/2216509,Compromised Peer Review;Investigation by Journal/Publisher;Investigation by Third Party;Paper Mill;Unreliable Results and/or Conclusions;,(B/T) Computer Science;(B/T) Data Science;(B/T) Technology;(BLS) Biochemistry;(HSC) Medicine - Cardiovascular;(HSC) Medicine - Neurology;(HSC) Medicine - Pathology;
60292.0,18F-FDG PET/CT Image Deep Learning Predicts Colon Cancer Survival,Mohan Tian;Yingci Li;Hong Chen,Contrast Media & Molecular Imaging,Hindawi,2023-05-04,10.1155/2023/2986379,Compromised Peer Review;Investigation by Journal/Publisher;Investigation by Third Party;Paper Mill;Unreliable Results and/or Conclusions;,(B/T) Data Science;(B/T) Technology;(BLS) Biochemistry;(HSC) Medicine - Gastroenterology;(HSC) Medicine - Oncology;(HSC) Radiology/Imaging;
60284.0,Workload-Aware WiNoC Design with Intelligent Reconfigurable Wireless Interface,Qi Wang;Yiming Ouyang;Zhengfeng Huang;Huaguo Liang,Security and Communication Networks,Hindawi,2023-05-09,10.1155/2023/9519044,Compromised Peer Review;Investigation by Journal/Publisher;Investigation by Third Party;Paper Mill;Unreliable Results and/or Conclusions;,(B/T) Computer Science;(B/T) Technology;(PHY) Engineering - Electrical;
60245.0,Uncovering Resilient Actions of Robotic Technology with Data Interpretation Trajectories Using Knowledge Representation Procedures,Yuvaraja Teekaraman;Irina Kirpichnikova;Hariprasath Manoharan;Ramya Kuppusamy;Arun Radhakrishnan,Security and Communication Networks,Hindawi,2023-05-03,10.1155/2023/7419259,Compromised Peer Review;Investigation by Journal/Publisher;Investigation by Third Party;Paper Mill;Unreliable Results and/or Conclusions;,(B/T) Data Science;(B/T) Technology;(PHY) Engineering - Mechanical;
60158.0,Research on Boruta-ET-Based Anomalous Traffic Detection Model,Hongyan He;Guoyan Huang;Bing Zhang;Lewei Qin,Security and Communication Networks,Hindawi,2022-11-22,10.1155/2022/9169266,Compromised Peer Review;Investigation by Journal/Publisher;Investigation by Third Party;Paper Mill;Unreliable Results and/or Conclusions;,(B/T) Computer Science;(B/T) Data Science;
60149.0,Real-Time Collision Detection Optimization Algorithm Based on Snake Model in the Field of Big Data,Sining Cheng;Huiyan Qu,Mobile Information Systems,Hindawi,2023-04-20,10.1155/2023/4960900,Compromised Peer Review;Investigation by Journal/Publisher;Investigation by Third Party;Paper Mill;Unreliable Results and/or Conclusions;,(B/T) Computer Science;(B/T) Data Science;(B/T) Technology;
60140.0,Privacy-Oriented Transaction for Public Blockchain via Secret Sharing,Bo Mi;Bingqing Wu;Darong Huang;Yang Liu;Lu Chen;Shaohua Wan,Security and Communication Networks,Hindawi,2022-11-19,10.1155/2022/9946088,Compromised Peer Review;Investigation by Journal/Publisher;Investigation by Third Party;Paper Mill;Unreliable Results and/or Conclusions;,(B/T) Computer Science;(B/T) Technology;
60111.0,Artificial intelligence as enabler of future library services: how prepared are librarians in African university libraries,Rexwhite Tega Enakrire;Bolaji David Oladokun,Library Hi Tech News,Emerald,2023-10-16,10.1108/LHTN-09-2023-0173,Error in Data;Investigation by Journal/Publisher;Computer-Aided Content or Computer-Generated Content;,(B/T) Data Science;(SOC) Communications;
60088.0,Multisignal Cooperative Processing Method for Internet of Vehicles Based on Data-Driven Edge Computing Method,Lei Wang,Security and Communication Networks,Hindawi,2022-11-23,10.1155/2022/8412750,Compromised Peer Review;Investigation by Journal/Publisher;Investigation by Third Party;Paper Mill;Unreliable Results and/or Conclusions;,(B/T) Computer Science;(B/T) Data Science;(B/T) Technology;(B/T) Transportation;
59838.0,Cyber Security against Intrusion Detection Using Ensemble-Based Approaches,Mohammed Naif Alatawi;Najah Alsubaie;Habib Ullah Khan;Tariq Sadad;Hathal Salamah Alwageed;Shaukat Ali;Islam Zada,Security and Communication Networks,Hindawi,2023-02-18,10.1155/2023/8048311,Compromised Peer Review;Investigation by Journal/Publisher;Investigation by Third Party;Paper Mill;Unreliable Results and/or Conclusions;,(B/T) Computer Science;(B/T) Technology;
59616.0,A Provable Secure Cross-Verification Scheme for IoT Using Public Cloud Computing,Naveed Khan;Jianbiao Zhang;Jehad Ali;Muhammad Salman Pathan;Shehzad Ashraf Chaudhry,Security and Communication Networks,Hindawi,2022-11-23,10.1155/2022/7836461,Compromised Peer Review;Investigation by Journal/Publisher;Investigation by Third Party;Paper Mill;Unreliable Results and/or Conclusions;,(B/T) Computer Science;(B/T) Technology;
59551.0,The Construction and Realization of the Precise Funding Platform for Impoverished Students in Colleges and Universities Driven by Computer Intelligence Technology,Weiwei Du;Qibo Yu,Advances in Multimedia,Hindawi,2023-04-29,10.1155/2023/4458534,Compromised Peer Review;Investigation by Journal/Publisher;Investigation by Third Party;Paper Mill;Unreliable Results and/or Conclusions;,(B/T) Business - General;(B/T) Computer Science;(B/T) Technology;(SOC) Education;
59507.0,The Application Effect of Remote Sensing Technology in Hydrogeological Investigation under Big Data Environment,Honglei Wang;Ronghang Yang;Li Zhao;Feng Tian;Shizhong Yu,Journal of Sensors,Hindawi,2022-12-07,10.1155/2022/5162864,Compromised Peer Review;Investigation by Journal/Publisher;Investigation by Third Party;Paper Mill;Unreliable Results and/or Conclusions;,(B/T) Computer Science;(B/T) Data Science;(B/T) Technology;(PHY) Geology;(PHY) Hydrology;
59506.0,Smart Grid Security Based on Blockchain with Industrial Fault Detection Using Wireless Sensor Network and Deep Learning Techniques,Manivel Kandasamy;S Anto;K Baranitharan;Ravi Rastogi;Gunda Satwik;A Sampathkumar,Journal of Sensors,Hindawi,2023-05-09,10.1155/2023/3806121,Compromised Peer Review;Investigation by Journal/Publisher;Investigation by Third Party;Computer-Aided Content or Computer-Generated Content;Unreliable Results and/or Conclusions;,(B/T) Computer Science;(B/T) Technology;
59503.0,Motion Control System of IoT Intelligent Robot Based on Improved ResNet Model,Zeyad Farisi,Journal of Sensors,Hindawi,2023-04-04,10.1155/2023/6229162,Compromised Peer Review;Investigation by Journal/Publisher;Investigation by Third Party;Paper Mill;Unreliable Results and/or Conclusions;,(B/T) Computer Science;(B/T) Technology;(PHY) Engineering - Mechanical;
59490.0,Multimedia Data Processing Technology and Application Based on Deep Learning,Guo Li;Wei Liu,Advances in Multimedia,Hindawi,2023-04-07,10.1155/2023/4184425,Compromised Peer Review;Investigation by Journal/Publisher;Investigation by Third Party;Paper Mill;Unreliable Results and/or Conclusions;,(B/T) Computer Science;(B/T) Data Science;(B/T) Technology;
59471.0,Research on Network Resource Collection and Distribution Strategies in Big Data-Driven Multimedia Teaching,Jianping Han,Advances in Multimedia,Hindawi,2023-04-04,10.1155/2023/7745785,Compromised Peer Review;Investigation by Journal/Publisher;Investigation by Third Party;Paper Mill;Unreliable Results and/or Conclusions;,(B/T) Data Science;(B/T) Technology;(SOC) Communications;(SOC) Education;
59419.0,InSAR Phase Unwrapping Algorithm Based on Deep GAN,Chenxia Wang;Pingli Sun;Zheng Li;Linlin Tang,Journal of Function Spaces,Hindawi,2023-03-27,10.1155/2023/9230780,Compromised Peer Review;Investigation by Journal/Publisher;Investigation by Third Party;Paper Mill;Unreliable Results and/or Conclusions;,(B/T) Computer Science;(B/T) Data Science;(B/T) Technology;(PHY) Engineering - Electrical;(PHY) Mathematics;
59400.0,N-GPETS: Neural Attention Graph-Based Pretrained Statistical Model for Extractive Text Summarization,Muhammad Umair;Iftikhar Alam;Atif Khan;Inayat Khan;Niamat Ullah;Mohammad Yusuf Momand,Computational Intelligence and Neuroscience,Hindawi,2022-11-22,10.1155/2022/6241373,Compromised Peer Review;Investigation by Journal/Publisher;Investigation by Third Party;Paper Mill;Unreliable Results and/or Conclusions;,(B/T) Computer Science;(PHY) Statistics;(SOC) Linguistics;
59361.0,Indoor and Outdoor Seamless Positioning Technology Based on Artificial Intelligence and Intelligent Switching Algorithm,Pengfei Wang;Weidong Li;Xiuhui Diao,Wireless Communications and Mobile Computing,Hindawi,2023-05-08,10.1155/2023/7075834,Compromised Peer Review;Investigation by Journal/Publisher;Investigation by Third Party;Paper Mill;Unreliable Results and/or Conclusions;,(B/T) Computer Science;(B/T) Technology;
59358.0,Key Technologies of Face Sensor Recognition Entry System for New Energy Vehicles Based on Particle Swarm Neural Network,Fusong Li;Xin Su;Haibin Zhao;Ruixue Hu;Bingzhen Shen,Journal of Sensors,Hindawi,2023-04-12,10.1155/2023/3375744,Compromised Peer Review;Investigation by Journal/Publisher;Investigation by Third Party;Paper Mill;Unreliable Results and/or Conclusions;,(B/T) Computer Science;(B/T) Technology;(B/T) Transportation;(PHY) Energy;
59350.0,Interior Design of Aging Housing Based on Smart Home System of IOT Sensor,Xiao Dong Cui;Wonjun Chung,Journal of Sensors,Hindawi,2023-02-14,10.1155/2023/9281248,Compromised Peer Review;Investigation by Journal/Publisher;Investigation by Third Party;Paper Mill;Unreliable Results and/or Conclusions;,(B/T) Computer Science;(B/T) Technology;(HSC) Medicine - Geriatric;(HUM) Architecture;
59238.0,Design and Management of Electricity Marketing Information System Based on Multisensor Fusion,Runpeng Fu;Sufang Liu,Advances in Multimedia,Hindawi,2023-02-21,10.1155/2023/5616739,Compromised Peer Review;Investigation by Journal/Publisher;Investigation by Third Party;Paper Mill;Unreliable Results and/or Conclusions;,(B/T) Business - Management;(B/T) Business - Marketing;(B/T) Data Science;(B/T) Technology;(PHY) Energy;(PHY) Engineering - Electrical;
59232.0,Deep Learning-Based Leaf Region Segmentation Using High-Resolution Super HAD CCD and ISOCELL GW1 Sensors,Srinivas Talasila;Kirti Rawal;Gaurav Sethi,Journal of Sensors,Hindawi,2023-07-04,10.1155/2023/1085735,Compromised Peer Review;Investigation by Journal/Publisher;Investigation by Third Party;Paper Mill;Unreliable Results and/or Conclusions;,(B/T) Computer Science;(B/T) Technology;(PHY) Engineering - General;
59195.0,Crayfish Research: A Global Scientometric Analysis Using CiteSpace,Mohamad Nor Azra;Li Lian Wong;Hani Amir Aouissi;Ivar Zekker;Mohd Ashaari Amin;Wan Norazira Wan Adnan;Muhammad Fuad Abdullah;Zulkiflee Abd Latif;Mohd Iqbal Mohd Noor;Fathurrahman Lananan;Faezah Pardi,Animals,MDPI,2023-04-03,10.3390/ani13071240,Concerns/Issues about Results and/or Conclusions;Concerns/Issues about Referencing/Attributions;Euphemisms for Plagiarism;Investigation by Journal/Publisher;Plagiarism of/in Article;Computer-Aided Content or Computer-Generated Content;,(B/T) Computer Science;(B/T) Data Science;(BLS) Zoology;
59193.0,Data Analysis of Ceramic Material Color Matching Collection Points in Furniture Design Based on the Image Difference Prediction Model,Cheng Zhou;Yalan Li,Journal of Function Spaces,Hindawi,2023-03-28,10.1155/2023/4684904,Compromised Peer Review;Investigation by Journal/Publisher;Investigation by Third Party;Paper Mill;Unreliable Results and/or Conclusions;,(B/T) Computer Science;(HUM) Arts - General;
59096.0,Computer Course Design Plan for Film and Television Media Major,Shan Hui;Xiao Zhang;Tian Yang,Advances in Multimedia,Hindawi,2023-03-21,10.1155/2023/5769956,Compromised Peer Review;Investigation by Journal/Publisher;Investigation by Third Party;Paper Mill;Unreliable Results and/or Conclusions;,(B/T) Computer Science;(HUM) Arts - Film Studies;(SOC) Education;
59084.0,Community Governance Decision Based on Knowledge Map,Xiaojuan Feng,Advances in Multimedia,Hindawi,2023-02-18,10.1155/2023/1895204,Compromised Peer Review;Investigation by Journal/Publisher;Investigation by Third Party;Paper Mill;Unreliable Results and/or Conclusions;,(B/T) Data Science;(B/T) Government;(B/T) Technology;
59082.0,Application of Swarm Intelligence Optimization Algorithm in Logistics Delivery Path Optimization under the Background of Big Data,Guofu Zhao,Journal of Function Spaces,Hindawi,2023-02-24,10.1155/2023/3476711,Compromised Peer Review;Investigation by Journal/Publisher;Investigation by Third Party;Paper Mill;Unreliable Results and/or Conclusions;,(B/T) Computer Science;(B/T) Data Science;(B/T) Transportation;
59069.0,ARToolKit Target Tracking and Animation Fusion Technology Based on Edge Computing and Augmented Reality,Kun Liu;Tingting Guo;Yao Fu,Wireless Communications and Mobile Computing,Hindawi,2023-04-26,10.1155/2023/4121255,Compromised Peer Review;Investigation by Journal/Publisher;Investigation by Third Party;Paper Mill;Unreliable Results and/or Conclusions;,(B/T) Computer Science;(B/T) Technology;(HUM) Arts - General;
59062.0,Analysis of Option Butterfly Portfolio Models Based on Nonparametric Estimation Deep Learning Method,Xiangyu Ge;Xia Zhu;Gang Bi;Hao Zheng;Qing Li,Journal of Function Spaces,Hindawi,2023-08-28,10.1155/2023/4989036,Compromised Peer Review;Investigation by Journal/Publisher;Investigation by Third Party;Paper Mill;Unreliable Results and/or Conclusions;,(B/T) Business - Economics;(B/T) Data Science;(B/T) Technology;
59013.0,Analysis of E-Commerce Marketing Strategy Based on Xgboost Algorithm,Hong Chen;Wei Wan,Advances in Multimedia,Hindawi,2023-05-29,10.1155/2023/1247890,Compromised Peer Review;Investigation by Journal/Publisher;Investigation by Third Party;Paper Mill;Unreliable Results and/or Conclusions;,(B/T) Business - Marketing;(B/T) Data Science;(B/T) Technology;
59010.0,Analysis and Application of Chinese Language and Literature Teaching Program Based on Computer Multimedia Technology,Zhaodi Wu,Advances in Multimedia,Hindawi,2023-04-27,10.1155/2023/2442445,Compromised Peer Review;Investigation by Journal/Publisher;Investigation by Third Party;Paper Mill;Unreliable Results and/or Conclusions;,(B/T) Computer Science;(B/T) Technology;(SOC) Education;(SOC) Linguistics;
58933.0,The Role of Cognitive Science and Big Data Technology in the Design of Business Information Management Systems,Yangfan Li,Advances in Multimedia,Hindawi,2022-11-17,10.1155/2022/2761661,Concerns/Issues about Data;Concerns/Issues about Results and/or Conclusions;Concerns/Issues about Referencing/Attributions;Concerns/Issues about Peer Review;Investigation by Journal/Publisher;Investigation by Third Party;Paper Mill;Computer-Aided Content or Computer-Generated Content;Unreliable Results and/or Conclusions;,(B/T) Business - General;(B/T) Computer Science;(B/T) Data Science;(B/T) Technology;
58924.0,A Deep Neural Network-Based Approach to Media Hotspot Discovery,Pan Luo,Advances in Multimedia,Hindawi,2023-02-21,10.1155/2023/3438025,Compromised Peer Review;Investigation by Journal/Publisher;Investigation by Third Party;Paper Mill;Unreliable Results and/or Conclusions;,(B/T) Computer Science;(B/T) Data Science;(B/T) Technology;(SOC) Communications;
58894.0,Research on Localization Parameter Estimation and Algorithm in the Digital Television Terrestrial Broadcasting,Songjian Bao;Shouliang Yang;Hanwen Ou;Jing Song,Journal of Sensors,Hindawi,2023-03-30,10.1155/2023/1810507,Concerns/Issues about Data;Concerns/Issues about Results and/or Conclusions;Concerns/Issues about Referencing/Attributions;Concerns/Issues about Peer Review;Investigation by Journal/Publisher;Investigation by Third Party;Paper Mill;Computer-Aided Content or Computer-Generated Content;Unreliable Results and/or Conclusions;,(B/T) Computer Science;(B/T) Technology;(PHY) Engineering - Electrical;
58838.0,Quality Control Strategy and Evaluation Algorithm for Noncontact Instrument Testing,Xue Jin;Jiayue Tang,International Transactions on Electrical Energy Systems,Hindawi,2023-06-02,10.1155/2023/5080240,Concerns/Issues about Data;Concerns/Issues about Results and/or Conclusions;Concerns/Issues about Referencing/Attributions;Concerns/Issues about Peer Review;Investigation by Journal/Publisher;Investigation by Third Party;Paper Mill;Computer-Aided Content or Computer-Generated Content;Unreliable Results and/or Conclusions;,(B/T) Computer Science;(PHY) Engineering - Electrical;
58822.0,Power Operation Violation Identification Method Based on Point Cloud Data Preprocessing and Deep Learning under the Architecture of IoT,Shibo Yang;Weiping Fu;Lishuo Zhang;Zhaolei Wang,Journal of Electrical and Computer Engineering,Hindawi,2023-02-20,10.1155/2023/6859102,Concerns/Issues about Data;Concerns/Issues about Results and/or Conclusions;Concerns/Issues about Referencing/Attributions;Concerns/Issues about Peer Review;Investigation by Journal/Publisher;Investigation by Third Party;Paper Mill;Computer-Aided Content or Computer-Generated Content;Unreliable Results and/or Conclusions;,(B/T) Data Science;(B/T) Technology;(PHY) Engineering - Electrical;
58802.0,PCA and Binary K-Means Clustering Based Collaborative Filtering Recommendation,Xiao Li;Heping Peng;Hongbin Wang;Qingdan Huang;Zhong Xu,Journal of Sensors,Hindawi,2023-04-11,10.1155/2023/2724418,Concerns/Issues about Data;Concerns/Issues about Results and/or Conclusions;Concerns/Issues about Referencing/Attributions;Concerns/Issues about Peer Review;Investigation by Journal/Publisher;Investigation by Third Party;Paper Mill;Computer-Aided Content or Computer-Generated Content;Unreliable Results and/or Conclusions;,(B/T) Computer Science;(B/T) Data Science;(B/T) Technology;
58800.0,Parameter Optimization and Performance Analysis of Composite Substance That Can Prevent Burning Based on Machine Learning,Qiuyu Zheng;Huahao Yang;Tianming Wang;Lihui Dong;Rui Han,Journal of Sensors,Hindawi,2023-06-16,10.1155/2023/5732097,Concerns/Issues about Data;Concerns/Issues about Results and/or Conclusions;Concerns/Issues about Referencing/Attributions;Concerns/Issues about Peer Review;Investigation by Journal/Publisher;Investigation by Third Party;Paper Mill;Computer-Aided Content or Computer-Generated Content;Unreliable Results and/or Conclusions;,(B/T) Data Science;(B/T) Technology;(PHY) Materials Science;
58747.0,Intrusion Detection-Data Security Protection Scheme Based on Particle Swarm-BP Network Algorithm in Cloud Computing Environment,Zhun Wang;Xue Chen,Journal of Electrical and Computer Engineering,Hindawi,2023-03-24,10.1155/2023/1128545,Concerns/Issues about Data;Concerns/Issues about Results and/or Conclusions;Concerns/Issues about Referencing/Attributions;Concerns/Issues about Peer Review;Investigation by Journal/Publisher;Investigation by Third Party;Paper Mill;Computer-Aided Content or Computer-Generated Content;Unreliable Results and/or Conclusions;,(B/T) Computer Science;(B/T) Data Science;
58738.0,Innovative Application of Sensor Combined with Speech Recognition Technology in College English Education in the Context of Artificial Intelligence,Juan Guo,Journal of Sensors,Hindawi,2023-02-11,10.1155/2023/9281914,Concerns/Issues about Data;Concerns/Issues about Results and/or Conclusions;Concerns/Issues about Referencing/Attributions;Concerns/Issues about Peer Review;Investigation by Journal/Publisher;Investigation by Third Party;Paper Mill;Computer-Aided Content or Computer-Generated Content;Unreliable Results and/or Conclusions;,(B/T) Data Science;(B/T) Technology;(SOC) Education;(SOC) Linguistics;
58735.0,Information Security Protection of Internet of Energy Using Ensemble Public Key Algorithm under Big Data,Baode Lin;Zhenwei Geng;Fengrong Yu,Journal of Electrical and Computer Engineering,Hindawi,2023-02-17,10.1155/2023/6853902,Concerns/Issues about Data;Concerns/Issues about Results and/or Conclusions;Concerns/Issues about Referencing/Attributions;Concerns/Issues about Peer Review;Investigation by Journal/Publisher;Investigation by Third Party;Paper Mill;Computer-Aided Content or Computer-Generated Content;Unreliable Results and/or Conclusions;,(B/T) Computer Science;(B/T) Technology;(PHY) Energy;
58637.0,Distribution Network Security Situation Awareness Method Based on the Distribution Network Topology Layered Model,Yuhong Ouyang;Man Li;Wenqian Kang;Xiangbei Che;Ruixian Ye,Journal of Electrical and Computer Engineering,Hindawi,2023-04-25,10.1155/2023/6775337,Concerns/Issues about Data;Concerns/Issues about Results and/or Conclusions;Concerns/Issues about Referencing/Attributions;Concerns/Issues about Peer Review;Investigation by Journal/Publisher;Investigation by Third Party;Paper Mill;Computer-Aided Content or Computer-Generated Content;Unreliable Results and/or Conclusions;,(B/T) Computer Science;(PHY) Engineering - Electrical;
58574.0,Developing Countermeasures of Integrating Entrepreneurship Education with Professional Education in Colleges and Universities Using Data Mining,LiLi Deng,Journal of Electrical and Computer Engineering,Hindawi,2022-11-17,10.1155/2022/1723712,Concerns/Issues about Data;Concerns/Issues about Results and/or Conclusions;Concerns/Issues about Referencing/Attributions;Concerns/Issues about Peer Review;Informed/Patient Consent - None/Withdrawn;Investigation by Journal/Publisher;Investigation by Third Party;Lack of IRB/IACUC Approval and/or Compliance;Paper Mill;Computer-Aided Content or Computer-Generated Content;Unreliable Results and/or Conclusions;,(B/T) Business - General;(B/T) Data Science;(SOC) Education;
58548.0,Analysis of VLF Wave Field Components and Characteristics Based on Finite Element Time-Domain Method,Qile Wang;Hanhao Zhu;Zhigang Chai;Zhiqiang Cui;Yafen Wang,Journal of Sensors,Hindawi,2023-04-26,10.1155/2023/7702342,Concerns/Issues about Data;Concerns/Issues about Results and/or Conclusions;Concerns/Issues about Referencing/Attributions;Concerns/Issues about Peer Review;Investigation by Journal/Publisher;Investigation by Third Party;Paper Mill;Computer-Aided Content or Computer-Generated Content;Unreliable Results and/or Conclusions;,(B/T) Computer Science;(ENV) Ecology;(PHY) Geology;(PHY) Physics;
58541.0,Application of Wireless Sensor Network Computer Technology in Financial Management System,Jianhua Wei,International Transactions on Electrical Energy Systems,Hindawi,2023-04-07,10.1155/2023/7304590,Concerns/Issues about Data;Concerns/Issues about Results and/or Conclusions;Concerns/Issues about Referencing/Attributions;Concerns/Issues about Peer Review;Investigation by Journal/Publisher;Investigation by Third Party;Paper Mill;Computer-Aided Content or Computer-Generated Content;Unreliable Results and/or Conclusions;,(B/T) Business - Accounting;(B/T) Computer Science;(B/T) Technology;
58525.0,Analysis of Chinese Household Consumption Expenditure Structure System Based on Factors and Clustering Algorithms,Miao He;Ge Song;Yaoyue Li;Boxin Hu,Journal of Sensors,Hindawi,2023-03-24,10.1155/2023/2047542,Concerns/Issues about Data;Concerns/Issues about Results and/or Conclusions;Concerns/Issues about Referencing/Attributions;Concerns/Issues about Peer Review;Investigation by Journal/Publisher;Investigation by Third Party;Paper Mill;Computer-Aided Content or Computer-Generated Content;Unreliable Results and/or Conclusions;,(B/T) Business - Economics;(B/T) Computer Science;
58478.0,A Microgrid Security Defense Method Based on Cooperation in an Edge-Computing Environment,Jian Shang;Runmin Guan;Changlu Shen,Journal of Electrical and Computer Engineering,Hindawi,2023-05-05,10.1155/2023/1856876,Concerns/Issues about Data;Concerns/Issues about Results and/or Conclusions;Concerns/Issues about Referencing/Attributions;Concerns/Issues about Peer Review;Investigation by Journal/Publisher;Investigation by Third Party;Paper Mill;Computer-Aided Content or Computer-Generated Content;Unreliable Results and/or Conclusions;,(B/T) Computer Science;(B/T) Technology;(PHY) Engineering - Electrical;
58256.0,Optimized IANSegNet: Deep Segmentation for the Detection of Inferior Alveolar Nerve Canal,V Gokula Krishnan;M Navaneethakrishnan;Sangeetha Ganesan;M V Vijaya Saradhi;K Hemapriya;D Selvaraj;J Deepa;K Sreerama Murthy;Srinath Doss,BioMed Research International,Hindawi,2023-04-28,10.1155/2023/6431692,Compromised Peer Review;Investigation by Journal/Publisher;Investigation by Third Party;Paper Mill;Unreliable Results and/or Conclusions;,(B/T) Data Science;(HSC) Medicine - Dentistry;(HSC) Radiology/Imaging;
58186.0,Level Set Image Feature Detection and Application in COVID-19 Image Feature Knowledge Detection,Dongsheng Ji;Yafeng Liu;Qingyi Zhang;Wenjun Zheng,BioMed Research International,Hindawi,2023-05-17,10.1155/2023/1632992,Compromised Peer Review;Investigation by Journal/Publisher;Investigation by Third Party;Paper Mill;Unreliable Results and/or Conclusions;,(B/T) Data Science;(B/T) Technology;(HSC) Medicine - Infectious Disease;(HSC) Medicine - Pulmonology;(HSC) Radiology/Imaging;
57816.0,Utilization of Bioinorganic Nanodrugs and Nanomaterials for the Control of Infectious Diseases Using Deep Learning,R Priyadarshini;A Sheik Abdullah;K V Karthikeyan;M Vinoth;Betty Martin;S Geerthik;Florin Wilfred;Nour M. Alyami;R S Sundaram,BioMed Research International,Hindawi,2023-04-21,10.1155/2023/7464159,Compromised Peer Review;Investigation by Journal/Publisher;Investigation by Third Party;Paper Mill;Unreliable Results and/or Conclusions;,(B/T) Computer Science;(B/T) Data Science;(B/T) Technology;(HSC) Medicine - Immunology;(HSC) Medicine - Pharmacology;(HSC) Public Health and Safety;(PHY) Nanotechnology;
57700.0,Self-Sovereign Identity for Consented and Content-Based Access to Medical Records Using Blockchain,Marie Tcholakian;Karolina Gorna;Maryline Laurent;Hella Kaffel Ben Ayed;Montassar Naghmouchi,Security and Communication Networks,Hindawi,2023-05-16,10.1155/2023/6025789,Concerns/Issues about Data;Concerns/Issues about Results and/or Conclusions;Concerns/Issues about Referencing/Attributions;Concerns/Issues about Peer Review;Investigation by Journal/Publisher;Investigation by Third Party;Paper Mill;Computer-Aided Content or Computer-Generated Content;Unreliable Results and/or Conclusions;,(B/T) Data Science;(B/T) Technology;(HSC) Medicine - General;
57492.0,IOT and Blockchain-Based Cloud Model for Secure Data Transmission for Smart City,Liwa H. Al-Farhani;Yahya Alqahtani;Hamdan Ali Alshehri;R. John Martin;Sachin Lalar;Rituraj Jain,Security and Communication Networks,Hindawi,2023-05-20,10.1155/2023/3171334,Compromised Peer Review;Investigation by Journal/Publisher;Investigation by Third Party;Paper Mill;Unreliable Results and/or Conclusions;,(B/T) Computer Science;(B/T) Data Science;(B/T) Technology;(B/T) Urban Planning;
57419.0,Diagnosis of Prostate Cancer Using GLCM Enabled KNN Technique by Analyzing MRI Images,L Anand;Shivlal Mewada;WameedDeyah Shamsi;Mahyudin Ritonga;Noza Aflisia;Prakash KumarSarangi;Moses NdoleArthur,BioMed Research International,Hindawi,2023-01-24,10.1155/2023/3913351,Concerns/Issues about Data;Concerns/Issues about Results and/or Conclusions;Concerns/Issues about Referencing/Attributions;Concerns/Issues about Peer Review;Investigation by Journal/Publisher;Investigation by Third Party;Paper Mill;Computer-Aided Content or Computer-Generated Content;Unreliable Results and/or Conclusions;,(B/T) Data Science;(B/T) Technology;(HSC) Medicine - Oncology;(HSC) Medicine - Urology/Nephrology;(HSC) Radiology/Imaging;
57415.0,Developing an Efficient Cancer Detection and Prediction Tool Using Convolution Neural Network Integrated with Neural Pattern Recognition,Roshan Gangurde;Vishal Jagota;Mohammad Shahbaz Khan;Viji Siva Sakthi;Udaya Mouni Boppana;Bernard Osei;Kakarla Hari Kishore,BioMed Research International,Hindawi,2023-01-31,10.1155/2023/6970256,Concerns/Issues about Data;Concerns/Issues about Results and/or Conclusions;Concerns/Issues about Referencing/Attributions;Concerns/Issues about Peer Review;Investigation by Journal/Publisher;Investigation by Third Party;Paper Mill;Computer-Aided Content or Computer-Generated Content;Unreliable Results and/or Conclusions;,(B/T) Computer Science;(B/T) Data Science;(HSC) Medicine - Oncology;
57369.0,Digital Identity Verification and Management System of Blockchain-Based Verifiable Certificate with the Privacy Protection of Identity and Behavior,Zhiming Song;Guiwen Wang;Yimin Yu;Taowei Chen,Security and Communication Networks,Hindawi,2022-11-30,10.1155/2022/6800938,Concerns/Issues about Data;Concerns/Issues about Results and/or Conclusions;Concerns/Issues about Referencing/Attributions;Concerns/Issues about Peer Review;Investigation by Journal/Publisher;Investigation by Third Party;Paper Mill;Computer-Aided Content or Computer-Generated Content;Unreliable Results and/or Conclusions;,(B/T) Computer Science;(B/T) Data Science;(B/T) Technology;
57350.0,Applications of Neural Network-Based Plan-Cancer Method for Primary Diagnosis of Mesothelioma Cancer,Dhiraj Kapila;Sarika Panwar;Muthu Kumaradoss Mohan Maruga Raja;Tamal Mondal;Shaik Mohammad Rafi;Suryabhan Pratap Singh;Bhupendra Kumar,BioMed Research International,Hindawi,2023-02-04,10.1155/2023/3164166,Compromised Peer Review;Investigation by Journal/Publisher;Investigation by Third Party;Paper Mill;Unreliable Results and/or Conclusions;,(B/T) Data Science;(HSC) Medicine - Oncology;(HSC) Medicine - Pathology;
57337.0,Defending Privacy Inference Attacks to Federated Learning for Intelligent IoT with Parameter Compression,Yongsheng Zhu;Hongbo Cao;Yuange Ren;Wanqi Wang;Bin Wang;Mingqing Hu;Baigen Cai;Wei Wang,Security and Communication Networks,Hindawi,2023-05-11,10.1155/2023/9597905,Compromised Peer Review;Investigation by Journal/Publisher;Investigation by Third Party;Paper Mill;Unreliable Results and/or Conclusions;,(B/T) Computer Science;(B/T) Data Science;
57332.0,Ant Colony Optimization-Enabled CNN Deep Learning Technique for Accurate Detection of Cervical Cancer,R. Kavitha;D. Kiruba Jothi;K. Saravanan;Mahendra Pratap Swain;José Luis Arias Gonzáles;Rakhi Joshi Bhardwaj;Elijah Adomako,BioMed Research International,Hindawi,2023-02-21,10.1155/2023/1742891,Concerns/Issues about Data;Concerns/Issues about Results and/or Conclusions;Concerns/Issues about Referencing/Attributions;Concerns/Issues about Peer Review;Investigation by Journal/Publisher;Investigation by Third Party;Paper Mill;Computer-Aided Content or Computer-Generated Content;Unreliable Results and/or Conclusions;,(B/T) Data Science;(B/T) Technology;(HSC) Medicine - Obstetrics/Gynecology;(HSC) Medicine - Oncology;(HSC) Medicine - Pathology;
57272.0,A Secure and Efficient Multi-Object Grasping Detection Approach for Robotic Arms,Hui Wang;Jieren Cheng;Yichen Xu;Sirui Ni;Zaijia Yang;Jiangpeng Li,Security and Communication Networks,Hindawi,2023-06-01,10.1155/2023/7723164,Concerns/Issues about Data;Concerns/Issues about Results and/or Conclusions;Concerns/Issues about Referencing/Attributions;Concerns/Issues about Peer Review;Informed/Patient Consent - None/Withdrawn;Investigation by Journal/Publisher;Investigation by Third Party;Lack of IRB/IACUC Approval and/or Compliance;Paper Mill;Computer-Aided Content or Computer-Generated Content;Unreliable Results and/or Conclusions;,(B/T) Computer Science;(B/T) Technology;
57253.0,A Multi-Thresholding-Based Discriminative Neural Classifier for Detection of Retinoblastoma Using CNN Models,Parmod Kumar;D Suganthi;K Valarmathi;Mahendra Pratap Swain;Piyush Vashistha;Dharam Buddhi;Emmanuel Sey,BioMed Research International,Hindawi,2023-02-06,10.1155/2023/5803661,Concerns/Issues about Data;Concerns/Issues about Results and/or Conclusions;Concerns/Issues about Referencing/Attributions;Concerns/Issues about Peer Review;Investigation by Journal/Publisher;Investigation by Third Party;Paper Mill;Computer-Aided Content or Computer-Generated Content;Unreliable Results and/or Conclusions;,(B/T) Computer Science;(B/T) Data Science;(BLS) Biology - Cancer;(HSC) Medicine - Oncology;(HSC) Medicine - Ophthalmology;(HSC) Radiology/Imaging;
57224.0,An Effective Machine Learning-Based Model for an Early Heart Disease Prediction,Pierre Claver Bizimana;Zuping Zhang;Muhammad Asim;Ahmed A. Abd El-Latif,BioMed Research International,Hindawi,2023-04-29,10.1155/2023/3531420,Concerns/Issues about Data;Concerns/Issues about Results and/or Conclusions;Concerns/Issues about Referencing/Attributions;Concerns/Issues about Peer Review;Investigation by Journal/Publisher;Investigation by Third Party;Paper Mill;Computer-Aided Content or Computer-Generated Content;Unreliable Results and/or Conclusions;,(B/T) Computer Science;(B/T) Technology;(HSC) Medicine - Cardiovascular;
57218.0,Transmission Line Condition Monitoring Method Based on Binocular Vision and Edge Computing for Line Changing Robot,Zheng Lu;Jiazhen Duan;Xiaoqiang Chen;Yang Chen,Journal of Robotics,Hindawi,2023-02-27,10.1155/2023/7747194,Concerns/Issues about Data;Concerns/Issues about Results and/or Conclusions;Concerns/Issues about Referencing/Attributions;Concerns/Issues about Peer Review;Investigation by Journal/Publisher;Investigation by Third Party;Paper Mill;Computer-Aided Content or Computer-Generated Content;Unreliable Results and/or Conclusions;,(B/T) Computer Science;(B/T) Data Science;(B/T) Technology;(PHY) Engineering - Electrical;(PHY) Engineering - Mechanical;
57205.0,Wireless Sensor Network and AI Application for Educational Technology Course,Xiaoyue Luo,Journal of Sensors,Hindawi,2023-02-10,10.1155/2023/2093354,Concerns/Issues about Data;Concerns/Issues about Results and/or Conclusions;Concerns/Issues about Referencing/Attributions;Concerns/Issues about Peer Review;Investigation by Journal/Publisher;Investigation by Third Party;Paper Mill;Computer-Aided Content or Computer-Generated Content;Unreliable Results and/or Conclusions;,(B/T) Computer Science;(B/T) Technology;(SOC) Education;
57177.0,Security Risk and Preventive Measures of Multimedia Database System under Remote Control of Network Robot,Wenyan Deng;Pengfei Yan,Journal of Robotics,Hindawi,2023-05-17,10.1155/2023/9276208,Concerns/Issues about Data;Concerns/Issues about Results and/or Conclusions;Concerns/Issues about Referencing/Attributions;Concerns/Issues about Peer Review;Investigation by Journal/Publisher;Investigation by Third Party;Paper Mill;Computer-Aided Content or Computer-Generated Content;Unreliable Results and/or Conclusions;,(B/T) Data Science;(B/T) Technology;
57136.0,Storage Method for Medical and Health Big Data Based on Distributed Sensor Network,Hui Chen;Zhao Song;Feng Yang,Journal of Sensors,Hindawi,2023-02-03,10.1155/2023/8506485,Concerns/Issues about Data;Concerns/Issues about Results and/or Conclusions;Concerns/Issues about Referencing/Attributions;Concerns/Issues about Peer Review;Investigation by Journal/Publisher;Investigation by Third Party;Paper Mill;Computer-Aided Content or Computer-Generated Content;Unreliable Results and/or Conclusions;,(B/T) Data Science;(B/T) Technology;(HSC) Medicine - General;
57103.0,Multisensor Cross-Media Data Mining Method Assisted by Expert System,Xin Shan,Journal of Sensors,Hindawi,2023-01-31,10.1155/2023/3303790,Concerns/Issues about Data;Concerns/Issues about Results and/or Conclusions;Concerns/Issues about Referencing/Attributions;Concerns/Issues about Peer Review;Investigation by Journal/Publisher;Investigation by Third Party;Paper Mill;Computer-Aided Content or Computer-Generated Content;Unreliable Results and/or Conclusions;,(B/T) Data Science;
57083.0,Multidimensional Attention-Based CNN Model for Identifying Apple Leaf Disease,Kahkashan Perveen;Sanjay Kumar;Sahil Kansal;Mukesh Soni;Najla A Alshaikh;Shanzeh Batool;Mehrun Nisha Khanam;Bernard Osei,Journal of Food Quality,Hindawi,2023-02-08,10.1155/2023/9504186,Concerns/Issues about Data;Concerns/Issues about Results and/or Conclusions;Concerns/Issues about Referencing/Attributions;Concerns/Issues about Peer Review;Investigation by Journal/Publisher;Investigation by Third Party;Paper Mill;Computer-Aided Content or Computer-Generated Content;Unreliable Results and/or Conclusions;,(B/T) Data Science;(B/T) Technology;(BLS) Agriculture;(BLS) Plant Biology/Botany;
57068.0,Motion Control and Tracking Control of UAV Based on Adaptive Sensor,Xin Zhao;Zhihui Xu;Yifeng Fu;Shoupeng Xu;Shasha Xiong,Journal of Sensors,Hindawi,2023-04-25,10.1155/2023/7936019,Concerns/Issues about Data;Concerns/Issues about Results and/or Conclusions;Concerns/Issues about Referencing/Attributions;Concerns/Issues about Peer Review;Investigation by Journal/Publisher;Investigation by Third Party;Paper Mill;Computer-Aided Content or Computer-Generated Content;Unreliable Results and/or Conclusions;,(B/T) Business - General;(B/T) Computer Science;(B/T) Technology;(PHY) Mathematics;
57043.0,Optimization Path and Design of Intelligent Logistics Management System Based on ROS Robot,Ruijie Wu,Journal of Robotics,Hindawi,2023-02-07,10.1155/2023/9505155,Concerns/Issues about Data;Concerns/Issues about Results and/or Conclusions;Concerns/Issues about Referencing/Attributions;Concerns/Issues about Peer Review;Investigation by Journal/Publisher;Investigation by Third Party;Paper Mill;Computer-Aided Content or Computer-Generated Content;Unreliable Results and/or Conclusions;,(B/T) Business - General;(B/T) Computer Science;(B/T) Technology;
56975.0,Enhance-Net: An Approach to Boost the Performance of Deep Learning Model Based on Real-Time Medical Images,Vipul Narayan;Pawan Kumar Mall;Ahmed Alkhayyat;Kumar Abhishek;Sanjay Kumar;Prakash Pandey,Journal of Sensors,Hindawi,2023-05-02,10.1155/2023/8276738,Concerns/Issues about Data;Concerns/Issues about Results and/or Conclusions;Concerns/Issues about Referencing/Attributions;Concerns/Issues about Peer Review;Investigation by Journal/Publisher;Investigation by Third Party;Paper Mill;Computer-Aided Content or Computer-Generated Content;Unreliable Results and/or Conclusions;,(B/T) Data Science;(B/T) Technology;(HSC) Radiology/Imaging;
56934.0,Design of Image Processing Technology Support System in Human-Computer Collaborative Visual Design Assisted by Artificial Intelligence Technology,Yan Song,Journal of Electrical and Computer Engineering,Hindawi,2023-05-08,10.1155/2023/9363644,Concerns/Issues about Data;Concerns/Issues about Results and/or Conclusions;Concerns/Issues about Referencing/Attributions;Concerns/Issues about Peer Review;Investigation by Journal/Publisher;Investigation by Third Party;Paper Mill;Computer-Aided Content or Computer-Generated Content;Unreliable Results and/or Conclusions;,(B/T) Computer Science;(B/T) Data Science;(B/T) Technology;
56893.0,English Teaching Achievement Prediction by Big Data Analysis under Deep Intervention,Junfang Guo,Journal of Electrical and Computer Engineering,Hindawi,2023-03-04,10.1155/2023/9542465,Concerns/Issues about Data;Concerns/Issues about Results and/or Conclusions;Concerns/Issues about Referencing/Attributions;Concerns/Issues about Peer Review;Informed/Patient Consent - None/Withdrawn;Investigation by Journal/Publisher;Investigation by Third Party;Lack of IRB/IACUC Approval and/or Compliance;Paper Mill;Computer-Aided Content or Computer-Generated Content;Unreliable Results and/or Conclusions;,(B/T) Data Science;(SOC) Education;(SOC) Linguistics;
56890.0,Construction of Land Ecological Sustainable Evaluation System Based on Dynamic Simulation and TOPSIS Model,Ziwen Qu,Journal of Sensors,Hindawi,2023-04-11,10.1155/2023/7729194,Concerns/Issues about Data;Concerns/Issues about Results and/or Conclusions;Concerns/Issues about Referencing/Attributions;Concerns/Issues about Peer Review;Investigation by Journal/Publisher;Investigation by Third Party;Paper Mill;Computer-Aided Content or Computer-Generated Content;Unreliable Results and/or Conclusions;,(B/T) Computer Science;(B/T) Technology;(ENV) Ecology;
56791.0,Application of Multisource Data Fusion Technology in the Construction of Land Ecological Index,Juan Hao;Yang Yang;Haoyue Sun;Zhicheng Zhang;Zhanwu Kang;Jianfang Zhang,Journal of Sensors,Hindawi,2023-04-03,10.1155/2023/1804731,Concerns/Issues about Data;Concerns/Issues about Results and/or Conclusions;Concerns/Issues about Referencing/Attributions;Concerns/Issues about Peer Review;Investigation by Journal/Publisher;Investigation by Third Party;Paper Mill;Computer-Aided Content or Computer-Generated Content;Unreliable Results and/or Conclusions;,(B/T) Data Science;(B/T) Technology;(ENV) Ecology;
56248.0,Optimization of College Teachers’ Performance Management Using Artificial Intelligence Technology,Yi Liu;Yu Fang,Computational Intelligence and Neuroscience,Hindawi,2023-02-20,10.1155/2023/4203776,Concerns/Issues about Data;Concerns/Issues about Results and/or Conclusions;Concerns/Issues about Referencing/Attributions;Concerns/Issues about Peer Review;Informed/Patient Consent - None/Withdrawn;Investigation by Journal/Publisher;Investigation by Third Party;Lack of IRB/IACUC Approval and/or Compliance;Paper Mill;Computer-Aided Content or Computer-Generated Content;Unreliable Results and/or Conclusions;,(B/T) Computer Science;(B/T) Technology;(SOC) Education;
56071.0,Applying Blockchain Technology in Network Public Opinion Risk Management System in Big Data Environment,Zhenqing Luo;Cheng Zhang,Computational Intelligence and Neuroscience,Hindawi,2023-03-10,10.1155/2023/5212712,Concerns/Issues about Data;Concerns/Issues about Results and/or Conclusions;Concerns/Issues about Referencing/Attributions;Concerns/Issues about Peer Review;Investigation by Journal/Publisher;Investigation by Third Party;Paper Mill;Computer-Aided Content or Computer-Generated Content;Unreliable Results and/or Conclusions;,(B/T) Data Science;(B/T) Technology;(HSC) Public Health and Safety;
55560.0,Early Education Application Software Based on Artificial Intelligence VR Technology,Zhengyue Zhao;Tongwei Xie;Huayi Wang;Yueyang Zheng,Computational Intelligence and Neuroscience,Hindawi,2022-11-25,10.1155/2022/4756390,Concerns/Issues about Data;Concerns/Issues about Results and/or Conclusions;Concerns/Issues about Referencing/Attributions;Concerns/Issues about Peer Review;Investigation by Journal/Publisher;Investigation by Third Party;Paper Mill;Computer-Aided Content or Computer-Generated Content;Unreliable Results and/or Conclusions;,(B/T) Computer Science;(B/T) Technology;(SOC) Education;
55509.0,Design and Application of College Student Management System Based on Big Data Technology,Shuping He;Ying Li,Wireless Communications and Mobile Computing,Hindawi,2023-02-06,10.1155/2023/5752949,Concerns/Issues about Data;Concerns/Issues about Results and/or Conclusions;Concerns/Issues about Referencing/Attributions;Concerns/Issues about Peer Review;Investigation by Journal/Publisher;Investigation by Third Party;Paper Mill;Computer-Aided Content or Computer-Generated Content;Unreliable Results and/or Conclusions;,(B/T) Business - Management;(B/T) Data Science;(SOC) Education;
52889.0,Multilingual hate speech detection sentimental analysis on social media platforms using optimal feature extraction and hybrid diagonal gated recurrent neural network,Purbani Kar;Swapan Debbarma,The Journal of Supercomputing,Springer,2023-05-30,10.1007/s11227-023-05361-6,Author Unresponsive;Concerns/Issues about Authorship/Affiliation;Investigation by Journal/Publisher;Objections by Author(s);Computer-Aided Content or Computer-Generated Content;Unreliable Results and/or Conclusions;,(B/T) Data Science;(SOC) Communications;(SOC) Linguistics;(SOC) Psychology;(SOC) Sociology;
52416.0,Extended DPL-VIKOR Method for Risk Assessment of Technological Innovation Using Dual Probabilistic Linguistic Information,Shahzaib Ashraf;Muhammad Ijaz;Muhammad Naeem;Saleem Abdullah;Lula Babole Alphonse-Roger,Journal of Mathematics,Hindawi,2023-05-20,10.1155/2023/7570984,Concerns/Issues about Data;Concerns/Issues about Results and/or Conclusions;Concerns/Issues about Referencing/Attributions;Concerns/Issues about Peer Review;Investigation by Journal/Publisher;Investigation by Third Party;Paper Mill;Computer-Aided Content or Computer-Generated Content;Unreliable Results and/or Conclusions;,(B/T) Business - Management;(B/T) Data Science;(B/T) Technology;
51957.0,Time Series Symbolization Method for the Data Mining K-Means Algorithm,Guisheng Wang,Discrete Dynamics in Nature and Society,Hindawi,2023-04-15,10.1155/2023/5365673,Concerns/Issues about Data;Concerns/Issues about Results and/or Conclusions;Concerns/Issues about Referencing/Attributions;Concerns/Issues about Peer Review;Investigation by Journal/Publisher;Investigation by Third Party;Paper Mill;Computer-Aided Content or Computer-Generated Content;Unreliable Results and/or Conclusions;,(B/T) Data Science;
51952.0,Research on Interactive Design Algorithm of Folk Museum Exhibit Map Based on Intelligent Wireless Sensor Network,Yifei Li,Journal of Sensors,Hindawi,2023-03-24,10.1155/2023/5239929,Concerns/Issues about Data;Concerns/Issues about Results and/or Conclusions;Concerns/Issues about Referencing/Attributions;Concerns/Issues about Peer Review;Investigation by Journal/Publisher;Investigation by Third Party;Paper Mill;Computer-Aided Content or Computer-Generated Content;Unreliable Results and/or Conclusions;,(B/T) Business - Marketing;(B/T) Business - Public Relations;(B/T) Data Science;(B/T) Technology;
51729.0,Intelligent Control System Design of Ring Light via IOT Mobile Robot,Xianzhi Kang;Yue Teng,Journal of Robotics,Hindawi,2023-04-21,10.1155/2023/4303194,Concerns/Issues about Data;Concerns/Issues about Results and/or Conclusions;Concerns/Issues about Referencing/Attributions;Concerns/Issues about Peer Review;Investigation by Journal/Publisher;Investigation by Third Party;Paper Mill;Computer-Aided Content or Computer-Generated Content;Unreliable Results and/or Conclusions;,(B/T) Computer Science;(B/T) Technology;(PHY) Engineering - Electrical;
51701.0,Optimization Analysis of Power Coal-Blending Model and Its Control System Based on Intelligent Sensor Network and Genetic Algorithm,Yadong Tao;Wenge Song;Ziqi Zhu;Bin Wang;Ming Shang;Sa Zhang;Chao Lu,Journal of Sensors,Hindawi,2023-02-27,10.1155/2023/3898063,Concerns/Issues about Data;Concerns/Issues about Results and/or Conclusions;Concerns/Issues about Referencing/Attributions;Concerns/Issues about Peer Review;Investigation by Journal/Publisher;Investigation by Third Party;Paper Mill;Computer-Aided Content or Computer-Generated Content;Unreliable Results and/or Conclusions;,(B/T) Data Science;(B/T) Technology;(PHY) Energy;(PHY) Engineering - Electrical;(PHY) Engineering - General;
50944.0,Application and Analysis of Big Data Mining in the Foreign Affairs Translation System,Chaowei Zhang,Computational Intelligence and Neuroscience,Hindawi,2022-11-19,10.1155/2022/8216522,Concerns/Issues about Data;Concerns/Issues about Results and/or Conclusions;Concerns/Issues about Referencing/Attributions;Concerns/Issues about Peer Review;Investigation by Journal/Publisher;Investigation by Third Party;Paper Mill;Computer-Aided Content or Computer-Generated Content;Unreliable Results and/or Conclusions;,(B/T) Data Science;(B/T) International Relations;(SOC) Linguistics;
50924.0,Network Public Opinion Risk Prediction and Judgment Based on Deep Learning: A Model of Text Sentiment Analysis,Hairuo Yang,Computational Intelligence and Neuroscience,Hindawi,2022-11-19,10.1155/2022/1221745,Concerns/Issues about Data;Concerns/Issues about Results and/or Conclusions;Concerns/Issues about Referencing/Attributions;Concerns/Issues about Peer Review;Investigation by Journal/Publisher;Investigation by Third Party;Paper Mill;Computer-Aided Content or Computer-Generated Content;Unreliable Results and/or Conclusions;,(B/T) Computer Science;(B/T) Data Science;(B/T) Technology;
50861.0,Music Similarity Detection Guided by Deep Learning Model,Xiuli Wang,Computational Intelligence and Neuroscience,Hindawi,2023-02-20,10.1155/2023/1263620,Concerns/Issues about Data;Concerns/Issues about Results and/or Conclusions;Concerns/Issues about Referencing/Attributions;Concerns/Issues about Peer Review;Investigation by Journal/Publisher;Investigation by Third Party;Paper Mill;Computer-Aided Content or Computer-Generated Content;Unreliable Results and/or Conclusions;,(B/T) Data Science;(HUM) Arts - Music;
50792.0,A fractional order nonlinear model of the love story of Layla and Majnun,Zulqurnain Sabir;Salem Ben Said,Scientific Reports,Springer - Nature Publishing Group,2023-04-03,10.1038/s41598-023-32497-5,Duplication of/in Article;Euphemisms for Duplication;Investigation by Journal/Publisher;Objections by Author(s);Computer-Aided Content or Computer-Generated Content;Unreliable Results and/or Conclusions;,(B/T) Data Science;(PHY) Mathematics;
50642.0,Adaptive Anomaly Detection Framework Model Objects in Cyberspace,Hasan Alkahtani;Theyazn H H Aldhyani;Mohammed Al-Yaari,Applied Bionics and Biomechanics,Hindawi,2022-12-10,10.1155/2020/6660489,Concerns/Issues about Data;Concerns/Issues about Results and/or Conclusions;Concerns/Issues about Referencing/Attributions;Concerns/Issues about Peer Review;Investigation by Journal/Publisher;Investigation by Third Party;Paper Mill;Computer-Aided Content or Computer-Generated Content;Unreliable Results and/or Conclusions;,(B/T) Computer Science;(B/T) Data Science;
50427.0,Intelligent Computer Technology-Driven Mural Pattern Recognition Method,Wenqing Wei;Lei Gao,Advances in Multimedia,Hindawi,2022-11-17,10.1155/2022/6148192,Concerns/Issues about Data;Concerns/Issues about Results and/or Conclusions;Concerns/Issues about Referencing/Attributions;Concerns/Issues about Peer Review;Investigation by Journal/Publisher;Investigation by Third Party;Computer-Aided Content or Computer-Generated Content;Unreliable Results and/or Conclusions;,(B/T) Computer Science;(B/T) Data Science;
50422.0,Analysis of Intelligent Transportation System Application Based on Internet of Things and Big Data Technology under the Background of Information Society,Di Wang;Weijing Xu;Xuesong Jia,Advances in Multimedia,Hindawi,2022-11-17,10.1155/2022/6001355,Concerns/Issues about Data;Concerns/Issues about Results and/or Conclusions;Concerns/Issues about Referencing/Attributions;Concerns/Issues about Peer Review;Investigation by Journal/Publisher;Investigation by Third Party;Computer-Aided Content or Computer-Generated Content;Unreliable Results and/or Conclusions;,(B/T) Data Science;(B/T) Technology;(B/T) Transportation;
50418.0,Design of Sports Training Improvement and Evaluation Method under the Background of Big Data,Baiqi Nie,Advances in Multimedia,Hindawi,2022-11-21,10.1155/2022/5651772,Concerns/Issues about Data;Concerns/Issues about Results and/or Conclusions;Concerns/Issues about Referencing/Attributions;Concerns/Issues about Peer Review;Investigation by Journal/Publisher;Investigation by Third Party;Computer-Aided Content or Computer-Generated Content;Unreliable Results and/or Conclusions;,(B/T) Data Science;(SOC) Sports and Recreation;
50371.0,The Development Trend of China’s Agricultural Product Cold Chain Logistics from the Perspective of Big Data,Shenxiang Wang,Advances in Multimedia,Hindawi,2022-11-17,10.1155/2022/2253448,Concerns/Issues about Data;Concerns/Issues about Results and/or Conclusions;Concerns/Issues about Referencing/Attributions;Concerns/Issues about Peer Review;Investigation by Journal/Publisher;Investigation by Third Party;Computer-Aided Content or Computer-Generated Content;Unreliable Results and/or Conclusions;,(B/T) Business - General;(B/T) Data Science;(BLS) Agriculture;
50322.0,Prediction and Analysis of Autism Spectrum Disorder Using Machine Learning Techniques,Muhammad Shuaib Qureshi;Muhammad Bilal Qureshi;Junaid Asghar;Fatima Alam;Ayman Aljarbouh,Journal of Healthcare Engineering,Hindawi,2023-07-10,10.1155/2023/4853800,Concerns/Issues about Peer Review;Compromised Peer Review;Investigation by Journal/Publisher;Investigation by Third Party;Paper Mill;Unreliable Results and/or Conclusions;,(B/T) Computer Science;(B/T) Data Science;(HSC) Medicine - Neurology;(HSC) Medicine - Pediatrics;
50232.0,Supply Chain Management System for Automobile Manufacturing Enterprises Based on SAP,Pao Ching Lin;Ming Hung Shu;Bi Min Hsu;Chien Ming Hu;Jui Chan Huang,Wireless Communications and Mobile Computing,Hindawi,2023-03-18,10.1155/2022/5901633,Concerns/Issues about Data;Concerns/Issues about Results and/or Conclusions;Concerns/Issues about Referencing/Attributions;Concerns/Issues about Peer Review;Investigation by Journal/Publisher;Investigation by Third Party;Computer-Aided Content or Computer-Generated Content;Unreliable Results and/or Conclusions;,(B/T) Business - Manufacturing;(B/T) Computer Science;
49954.0,Screening of Key Prognosis Genes of Lung Adenocarcinoma Based on Expression Analysis on TCGA Database,Youfeng Shen;Xiaoqing Tang;Xiaoqin Zhou;Yuanxue Yi;Yuan Qiu;Jian Xu;Xingzhong Tian,Journal of Oncology,Hindawi,2022-12-26,10.1155/2022/4435092,Concerns/Issues about Data;Concerns/Issues about Results and/or Conclusions;Concerns/Issues about Referencing/Attributions;Concerns/Issues about Peer Review;Investigation by Journal/Publisher;Investigation by Third Party;Computer-Aided Content or Computer-Generated Content;Unreliable Results and/or Conclusions;,(B/T) Data Science;(BLS) Genetics;(HSC) Biostatistics/Epidemiology;(HSC) Medicine - Oncology;(HSC) Medicine - Pulmonology;
49861.0,Analysis on the Artistic Presentation Effect of 3D Rendering Ink Painting Based on the Evaluation of Deep Learning Model,Yue Pan,Scientific Programming,Hindawi,2023-05-29,10.1155/2022/9259389,Concerns/Issues about Data;Concerns/Issues about Results and/or Conclusions;Concerns/Issues about Referencing/Attributions;Concerns/Issues about Peer Review;Investigation by Journal/Publisher;Investigation by Third Party;Computer-Aided Content or Computer-Generated Content;Unreliable Results and/or Conclusions;,(B/T) Data Science;(B/T) Technology;(HUM) Arts - General;
49494.0,Music Timbre Extracted from Audio Signal Features,Ying Mo,Mobile Information Systems,Hindawi,2023-06-16,10.1155/2022/1349935,Concerns/Issues about Data;Concerns/Issues about Results and/or Conclusions;Concerns/Issues about Referencing/Attributions;Concerns/Issues about Peer Review;Investigation by Journal/Publisher;Investigation by Third Party;Computer-Aided Content or Computer-Generated Content;Unreliable Results and/or Conclusions;,(B/T) Data Science;(B/T) Technology;(HUM) Arts - Music;
49416.0,Optimization Algorithm of Moving Object Detection Using Multiscale Pyramid Convolutional Neural Networks,Zhe Yang;Ziyu Bu;Yexin Pan,Computational Intelligence and Neuroscience,Hindawi,2023-03-11,10.1155/2023/3320547,Concerns/Issues about Data;Concerns/Issues about Results and/or Conclusions;Concerns/Issues about Referencing/Attributions;Concerns/Issues about Peer Review;Investigation by Journal/Publisher;Investigation by Third Party;Computer-Aided Content or Computer-Generated Content;Unreliable Results and/or Conclusions;,(B/T) Computer Science;(B/T) Technology;
49144.0,Clinical Value of Growth Differentiation Factor 15 Detection in the Diagnosis of Early Liver Cancer Based on Data Mining,Hongyan Guo;Qingfeng Liu,BioMed Research International,Hindawi,2022-11-17,10.1155/2022/4448075,Concerns/Issues about Data;Concerns/Issues about Results and/or Conclusions;Concerns/Issues about Referencing/Attributions;Concerns/Issues about Peer Review;Investigation by Journal/Publisher;Investigation by Third Party;Computer-Aided Content or Computer-Generated Content;Unreliable Results and/or Conclusions;,(B/T) Data Science;(HSC) Medicine - Internal;(HSC) Medicine - Oncology;
47139.0,A systematic study on simulation and modeling of a solar biogas reactor,Kevin Koyani;Manan Shah;Sachin P Parikh;Diya Shah,Environmental Science and Pollution Research,Springer,2023-01-24,10.1007/s11356-022-24418-2,Euphemisms for Plagiarism;Investigation by Third Party;Paper Mill;Plagiarism of/in Article;Computer-Aided Content or Computer-Generated Content;Unreliable Results and/or Conclusions;,(B/T) Computer Science;(ENV) Environmental Sciences;(PHY) Energy;(PHY) Engineering - Chemical;
46253.0,Heart disease classification models from optical device-based electrocardiogram signals using machine learning algorithms,Shimpy Goyal;Jaishri M Waghmare;Manjiri Arunrao Ranjanikar,Optik - International Journal for Light and Electron Optics,Elsevier,2022-11-04,10.1016/j.ijleo.2022.170176,Date of Article and/or Notice Unknown;Investigation by Third Party;Paper Mill;Computer-Aided Content or Computer-Generated Content;,(B/T) Computer Science;(B/T) Data Science;(HSC) Medicine - Cardiology;
46252.0,Modality feature fusion based Alzheimer’s disease prognosis,Siddheshwari Dutt Mishra;Maitreyee Dutta,Optik - International Journal for Light and Electron Optics,Elsevier,2022-12-05,10.1016/j.ijleo.2022.170347,Date of Article and/or Notice Unknown;Investigation by Third Party;Paper Mill;Computer-Aided Content or Computer-Generated Content;,(B/T) Computer Science;(BLS) Neuroscience;
46251.0,Biometric authentication integrated with wireless communication malicious activity detection in a cyber physical system-based Fintech banking,Almuhannad Sulaiman Alorfi;Saud Yonbawi;Sultan Alamari;Abdullaev Abror Bozorboevich;Mahendran Arumugam;Pham Quang Huy,Optik - International Journal for Light and Electron Optics,Elsevier,2022-11-24,10.1016/j.ijleo.2022.170294,Date of Article and/or Notice Unknown;Investigation by Journal/Publisher;Investigation by Third Party;Paper Mill;Computer-Aided Content or Computer-Generated Content;,(B/T) Business - Accounting;(B/T) Computer Science;(B/T) Technology;
